solid OpenSCAD_Model
  facet normal 0.0653858 -0.99786 0
    outer loop
      vertex 12.6 -2 0
      vertex 12.7958 -1.98717 1.2
      vertex 12.6 -2 1.2
    endloop
  endfacet
  facet normal 0.0653858 -0.99786 0
    outer loop
      vertex 12.7958 -1.98717 1.2
      vertex 12.6 -2 0
      vertex 12.7958 -1.98717 0
    endloop
  endfacet
  facet normal -0.99787 0.0652336 0
    outer loop
      vertex -14.1 28.5 0
      vertex -14.0872 28.6958 1.2
      vertex -14.0872 28.6958 0
    endloop
  endfacet
  facet normal -0.99787 0.0652336 0
    outer loop
      vertex -14.0872 28.6958 1.2
      vertex -14.1 28.5 0
      vertex -14.1 28.5 1.2
    endloop
  endfacet
  facet normal -0.99787 -0.0652382 0
    outer loop
      vertex -14.0872 -0.695786 0
      vertex -14.1 -0.5 1.2
      vertex -14.1 -0.5 0
    endloop
  endfacet
  facet normal -0.99787 -0.0652382 0
    outer loop
      vertex -14.1 -0.5 1.2
      vertex -14.0872 -0.695786 0
      vertex -14.0872 -0.695786 1.2
    endloop
  endfacet
  facet normal -1 0 0
    outer loop
      vertex -14.1 -0.5 0
      vertex -14.1 28.5 1.2
      vertex -14.1 28.5 0
    endloop
  endfacet
  facet normal -1 -0 0
    outer loop
      vertex -14.1 28.5 1.2
      vertex -14.1 -0.5 0
      vertex -14.1 -0.5 1.2
    endloop
  endfacet
  facet normal -0.442233 -0.8969 0
    outer loop
      vertex -13.35 -1.79904 0
      vertex -13.174 -1.88582 1.2
      vertex -13.35 -1.79904 1.2
    endloop
  endfacet
  facet normal -0.442233 -0.8969 -0
    outer loop
      vertex -13.174 -1.88582 1.2
      vertex -13.35 -1.79904 0
      vertex -13.174 -1.88582 0
    endloop
  endfacet
  facet normal -0.751724 -0.659478 0
    outer loop
      vertex -13.6606 -1.56065 0
      vertex -13.79 -1.41315 1.2
      vertex -13.79 -1.41315 0
    endloop
  endfacet
  facet normal -0.751724 -0.659478 0
    outer loop
      vertex -13.79 -1.41315 1.2
      vertex -13.6606 -1.56065 0
      vertex -13.6606 -1.56065 1.2
    endloop
  endfacet
  facet normal 0.99787 0.0652336 0
    outer loop
      vertex 14.1 28.5 1.2
      vertex 14.0872 28.6958 0
      vertex 14.0872 28.6958 1.2
    endloop
  endfacet
  facet normal 0.99787 0.0652336 0
    outer loop
      vertex 14.0872 28.6958 0
      vertex 14.1 28.5 1.2
      vertex 14.1 28.5 0
    endloop
  endfacet
  facet normal 0.980765 -0.195192 0
    outer loop
      vertex 14.0489 -0.888229 1.2
      vertex 14.0872 -0.695786 0
      vertex 14.0872 -0.695786 1.2
    endloop
  endfacet
  facet normal 0.980765 -0.195192 0
    outer loop
      vertex 14.0872 -0.695786 0
      vertex 14.0489 -0.888229 1.2
      vertex 14.0489 -0.888229 0
    endloop
  endfacet
  facet normal -0.321574 0.946885 0
    outer loop
      vertex -12.9882 29.9489 0
      vertex -13.174 29.8858 1.2
      vertex -12.9882 29.9489 1.2
    endloop
  endfacet
  facet normal -0.321574 0.946885 0
    outer loop
      vertex -13.174 29.8858 1.2
      vertex -12.9882 29.9489 0
      vertex -13.174 29.8858 0
    endloop
  endfacet
  facet normal 0 -1 0
    outer loop
      vertex 6.7 -2 0
      vertex 12.6 -2 1.2
      vertex 6.7 -2 1.2
    endloop
  endfacet
  facet normal 0 -1 -0
    outer loop
      vertex 12.6 -2 1.2
      vertex 6.7 -2 0
      vertex 12.6 -2 0
    endloop
  endfacet
  facet normal 0 -1 0
    outer loop
      vertex -12.6 -2 0
      vertex -6.7 -2 1.2
      vertex -12.6 -2 1.2
    endloop
  endfacet
  facet normal 0 -1 -0
    outer loop
      vertex -6.7 -2 1.2
      vertex -12.6 -2 0
      vertex -6.7 -2 0
    endloop
  endfacet
  facet normal 0.659421 -0.751774 0
    outer loop
      vertex 13.5131 -1.69003 0
      vertex 13.6606 -1.56065 1.2
      vertex 13.5131 -1.69003 1.2
    endloop
  endfacet
  facet normal 0.659421 -0.751774 0
    outer loop
      vertex 13.6606 -1.56065 1.2
      vertex 13.5131 -1.69003 0
      vertex 13.6606 -1.56065 0
    endloop
  endfacet
  facet normal 0 1 -0
    outer loop
      vertex 12.6 30 0
      vertex -12.6 30 1.2
      vertex 12.6 30 1.2
    endloop
  endfacet
  facet normal 0 1 0
    outer loop
      vertex -12.6 30 1.2
      vertex 12.6 30 0
      vertex -12.6 30 0
    endloop
  endfacet
  facet normal 0.751724 -0.659478 0
    outer loop
      vertex 13.6606 -1.56065 1.2
      vertex 13.79 -1.41315 0
      vertex 13.79 -1.41315 1.2
    endloop
  endfacet
  facet normal 0.751724 -0.659478 0
    outer loop
      vertex 13.79 -1.41315 0
      vertex 13.6606 -1.56065 1.2
      vertex 13.6606 -1.56065 0
    endloop
  endfacet
  facet normal -0.946885 0.321574 0
    outer loop
      vertex -14.0489 28.8882 0
      vertex -13.9858 29.074 1.2
      vertex -13.9858 29.074 0
    endloop
  endfacet
  facet normal -0.946885 0.321574 0
    outer loop
      vertex -13.9858 29.074 1.2
      vertex -14.0489 28.8882 0
      vertex -14.0489 28.8882 1.2
    endloop
  endfacet
  facet normal 1 -0 0
    outer loop
      vertex 14.1 -0.5 1.2
      vertex 14.1 28.5 0
      vertex 14.1 28.5 1.2
    endloop
  endfacet
  facet normal 1 0 0
    outer loop
      vertex 14.1 28.5 0
      vertex 14.1 -0.5 1.2
      vertex 14.1 -0.5 0
    endloop
  endfacet
  facet normal 0.65919 0.751976 -0
    outer loop
      vertex 13.6606 29.5607 0
      vertex 13.5131 29.69 1.2
      vertex 13.6606 29.5607 1.2
    endloop
  endfacet
  facet normal 0.65919 0.751976 0
    outer loop
      vertex 13.5131 29.69 1.2
      vertex 13.6606 29.5607 0
      vertex 13.5131 29.69 0
    endloop
  endfacet
  facet normal 0.442315 0.89686 -0
    outer loop
      vertex 13.35 29.799 0
      vertex 13.174 29.8858 1.2
      vertex 13.35 29.799 1.2
    endloop
  endfacet
  facet normal 0.442315 0.89686 0
    outer loop
      vertex 13.174 29.8858 1.2
      vertex 13.35 29.799 0
      vertex 13.174 29.8858 0
    endloop
  endfacet
  facet normal -0.0652336 0.99787 0
    outer loop
      vertex -12.6 30 0
      vertex -12.7958 29.9872 1.2
      vertex -12.6 30 1.2
    endloop
  endfacet
  facet normal -0.0652336 0.99787 0
    outer loop
      vertex -12.7958 29.9872 1.2
      vertex -12.6 30 0
      vertex -12.7958 29.9872 0
    endloop
  endfacet
  facet normal -0.94688 -0.321588 0
    outer loop
      vertex -13.9858 -1.07402 0
      vertex -14.0489 -0.888229 1.2
      vertex -14.0489 -0.888229 0
    endloop
  endfacet
  facet normal -0.94688 -0.321588 0
    outer loop
      vertex -14.0489 -0.888229 1.2
      vertex -13.9858 -1.07402 0
      vertex -13.9858 -1.07402 1.2
    endloop
  endfacet
  facet normal -0.555676 -0.831399 0
    outer loop
      vertex -13.5131 -1.69003 0
      vertex -13.35 -1.79904 1.2
      vertex -13.5131 -1.69003 1.2
    endloop
  endfacet
  facet normal -0.555676 -0.831399 -0
    outer loop
      vertex -13.35 -1.79904 1.2
      vertex -13.5131 -1.69003 0
      vertex -13.35 -1.79904 0
    endloop
  endfacet
  facet normal -0.0653858 -0.99786 0
    outer loop
      vertex -12.7958 -1.98717 0
      vertex -12.6 -2 1.2
      vertex -12.7958 -1.98717 1.2
    endloop
  endfacet
  facet normal -0.0653858 -0.99786 -0
    outer loop
      vertex -12.6 -2 1.2
      vertex -12.7958 -1.98717 0
      vertex -12.6 -2 0
    endloop
  endfacet
  facet normal -0.89684 -0.442355 0
    outer loop
      vertex -13.899 -1.25 0
      vertex -13.9858 -1.07402 1.2
      vertex -13.9858 -1.07402 0
    endloop
  endfacet
  facet normal -0.89684 -0.442355 0
    outer loop
      vertex -13.9858 -1.07402 1.2
      vertex -13.899 -1.25 0
      vertex -13.899 -1.25 1.2
    endloop
  endfacet
  facet normal 0.555641 0.831422 -0
    outer loop
      vertex 13.5131 29.69 0
      vertex 13.35 29.799 1.2
      vertex 13.5131 29.69 1.2
    endloop
  endfacet
  facet normal 0.555641 0.831422 0
    outer loop
      vertex 13.35 29.799 1.2
      vertex 13.5131 29.69 0
      vertex 13.35 29.799 0
    endloop
  endfacet
  facet normal -0.65919 0.751976 0
    outer loop
      vertex -13.5131 29.69 0
      vertex -13.6606 29.5607 1.2
      vertex -13.5131 29.69 1.2
    endloop
  endfacet
  facet normal -0.65919 0.751976 0
    outer loop
      vertex -13.6606 29.5607 1.2
      vertex -13.5131 29.69 0
      vertex -13.6606 29.5607 0
    endloop
  endfacet
  facet normal -0.831501 -0.555523 0
    outer loop
      vertex -13.79 -1.41315 0
      vertex -13.899 -1.25 1.2
      vertex -13.899 -1.25 0
    endloop
  endfacet
  facet normal -0.831501 -0.555523 0
    outer loop
      vertex -13.899 -1.25 1.2
      vertex -13.79 -1.41315 0
      vertex -13.79 -1.41315 1.2
    endloop
  endfacet
  facet normal -0.195185 -0.980766 0
    outer loop
      vertex -12.9882 -1.94888 0
      vertex -12.7958 -1.98717 1.2
      vertex -12.9882 -1.94888 1.2
    endloop
  endfacet
  facet normal -0.195185 -0.980766 -0
    outer loop
      vertex -12.7958 -1.98717 1.2
      vertex -12.9882 -1.94888 0
      vertex -12.7958 -1.98717 0
    endloop
  endfacet
  facet normal -0.831422 0.555641 0
    outer loop
      vertex -13.899 29.25 0
      vertex -13.79 29.4131 1.2
      vertex -13.79 29.4131 0
    endloop
  endfacet
  facet normal -0.831422 0.555641 0
    outer loop
      vertex -13.79 29.4131 1.2
      vertex -13.899 29.25 0
      vertex -13.899 29.25 1.2
    endloop
  endfacet
  facet normal -0.980765 -0.195192 0
    outer loop
      vertex -14.0489 -0.888229 0
      vertex -14.0872 -0.695786 1.2
      vertex -14.0872 -0.695786 0
    endloop
  endfacet
  facet normal -0.980765 -0.195192 0
    outer loop
      vertex -14.0872 -0.695786 1.2
      vertex -14.0489 -0.888229 0
      vertex -14.0489 -0.888229 1.2
    endloop
  endfacet
  facet normal -0.659421 -0.751774 0
    outer loop
      vertex -13.6606 -1.56065 0
      vertex -13.5131 -1.69003 1.2
      vertex -13.6606 -1.56065 1.2
    endloop
  endfacet
  facet normal -0.659421 -0.751774 -0
    outer loop
      vertex -13.5131 -1.69003 1.2
      vertex -13.6606 -1.56065 0
      vertex -13.5131 -1.69003 0
    endloop
  endfacet
  facet normal -0.980757 0.195234 0
    outer loop
      vertex -14.0872 28.6958 0
      vertex -14.0489 28.8882 1.2
      vertex -14.0489 28.8882 0
    endloop
  endfacet
  facet normal -0.980757 0.195234 0
    outer loop
      vertex -14.0489 28.8882 1.2
      vertex -14.0872 28.6958 0
      vertex -14.0872 28.6958 1.2
    endloop
  endfacet
  facet normal -0.442315 0.89686 0
    outer loop
      vertex -13.174 29.8858 0
      vertex -13.35 29.799 1.2
      vertex -13.174 29.8858 1.2
    endloop
  endfacet
  facet normal -0.442315 0.89686 0
    outer loop
      vertex -13.35 29.799 1.2
      vertex -13.174 29.8858 0
      vertex -13.35 29.799 0
    endloop
  endfacet
  facet normal -0.195234 0.980757 0
    outer loop
      vertex -12.7958 29.9872 0
      vertex -12.9882 29.9489 1.2
      vertex -12.7958 29.9872 1.2
    endloop
  endfacet
  facet normal -0.195234 0.980757 0
    outer loop
      vertex -12.9882 29.9489 1.2
      vertex -12.7958 29.9872 0
      vertex -12.9882 29.9489 0
    endloop
  endfacet
  facet normal 0.555676 -0.831399 0
    outer loop
      vertex 13.35 -1.79904 0
      vertex 13.5131 -1.69003 1.2
      vertex 13.35 -1.79904 1.2
    endloop
  endfacet
  facet normal 0.555676 -0.831399 0
    outer loop
      vertex 13.5131 -1.69003 1.2
      vertex 13.35 -1.79904 0
      vertex 13.5131 -1.69003 0
    endloop
  endfacet
  facet normal -0.321391 -0.946947 0
    outer loop
      vertex -13.174 -1.88582 0
      vertex -12.9882 -1.94888 1.2
      vertex -13.174 -1.88582 1.2
    endloop
  endfacet
  facet normal -0.321391 -0.946947 -0
    outer loop
      vertex -12.9882 -1.94888 1.2
      vertex -13.174 -1.88582 0
      vertex -12.9882 -1.94888 0
    endloop
  endfacet
  facet normal -0.89686 0.442315 0
    outer loop
      vertex -13.9858 29.074 0
      vertex -13.899 29.25 1.2
      vertex -13.899 29.25 0
    endloop
  endfacet
  facet normal -0.89686 0.442315 0
    outer loop
      vertex -13.899 29.25 1.2
      vertex -13.9858 29.074 0
      vertex -13.9858 29.074 1.2
    endloop
  endfacet
  facet normal -0.555641 0.831422 0
    outer loop
      vertex -13.35 29.799 0
      vertex -13.5131 29.69 1.2
      vertex -13.35 29.799 1.2
    endloop
  endfacet
  facet normal -0.555641 0.831422 0
    outer loop
      vertex -13.5131 29.69 1.2
      vertex -13.35 29.799 0
      vertex -13.5131 29.69 0
    endloop
  endfacet
  facet normal 0.751945 0.659226 0
    outer loop
      vertex 13.79 29.4131 1.2
      vertex 13.6606 29.5607 0
      vertex 13.6606 29.5607 1.2
    endloop
  endfacet
  facet normal 0.751945 0.659226 0
    outer loop
      vertex 13.6606 29.5607 0
      vertex 13.79 29.4131 1.2
      vertex 13.79 29.4131 0
    endloop
  endfacet
  facet normal 0 0 1
    outer loop
      vertex 12.1433 27.8588 1.2
      vertex 14.1 28.5 1.2
      vertex 14.0872 28.6958 1.2
    endloop
  endfacet
  facet normal 0 0 1
    outer loop
      vertex 14.1 28.5 1.2
      vertex 12.35 27.25 1.2
      vertex 14.1 -0.5 1.2
    endloop
  endfacet
  facet normal 0 0 1
    outer loop
      vertex 12.1433 27.8588 1.2
      vertex 14.0872 28.6958 1.2
      vertex 14.0489 28.8882 1.2
    endloop
  endfacet
  facet normal -0 0 1
    outer loop
      vertex 12.35 0.75 1.2
      vertex 14.1 -0.5 1.2
      vertex 12.35 27.25 1.2
    endloop
  endfacet
  facet normal 0 0 1
    outer loop
      vertex 12.1433 27.8588 1.2
      vertex 14.0489 28.8882 1.2
      vertex 13.9858 29.074 1.2
    endloop
  endfacet
  facet normal -0 0 1
    outer loop
      vertex 12.3414 0.619476 1.2
      vertex 14.1 -0.5 1.2
      vertex 12.35 0.75 1.2
    endloop
  endfacet
  facet normal 0 0 1
    outer loop
      vertex 12.0571 27.9571 1.2
      vertex 13.9858 29.074 1.2
      vertex 13.899 29.25 1.2
    endloop
  endfacet
  facet normal -0 0 1
    outer loop
      vertex 12.3159 0.49118 1.2
      vertex 14.1 -0.5 1.2
      vertex 12.3414 0.619476 1.2
    endloop
  endfacet
  facet normal 0 0 1
    outer loop
      vertex 12.0571 27.9571 1.2
      vertex 13.899 29.25 1.2
      vertex 13.79 29.4131 1.2
    endloop
  endfacet
  facet normal -0 0 1
    outer loop
      vertex 12.2739 0.36731 1.2
      vertex 14.1 -0.5 1.2
      vertex 12.3159 0.49118 1.2
    endloop
  endfacet
  facet normal 0 0 1
    outer loop
      vertex 12.0571 27.9571 1.2
      vertex 13.79 29.4131 1.2
      vertex 13.6606 29.5607 1.2
    endloop
  endfacet
  facet normal -0 0 1
    outer loop
      vertex 12.216 0.25 1.2
      vertex 14.1 -0.5 1.2
      vertex 12.2739 0.36731 1.2
    endloop
  endfacet
  facet normal 0 0 1
    outer loop
      vertex 12.0571 27.9571 1.2
      vertex 13.6606 29.5607 1.2
      vertex 13.5131 29.69 1.2
    endloop
  endfacet
  facet normal -0 0 1
    outer loop
      vertex 12.1433 0.141235 1.2
      vertex 14.1 -0.5 1.2
      vertex 12.216 0.25 1.2
    endloop
  endfacet
  facet normal 0 0 1
    outer loop
      vertex 12.0571 27.9571 1.2
      vertex 13.5131 29.69 1.2
      vertex 13.35 29.799 1.2
    endloop
  endfacet
  facet normal 0 0 1
    outer loop
      vertex 14.1 -0.5 1.2
      vertex 12.1433 0.141235 1.2
      vertex 14.0872 -0.695786 1.2
    endloop
  endfacet
  facet normal 0 0 1
    outer loop
      vertex 12.0571 27.9571 1.2
      vertex 13.35 29.799 1.2
      vertex 13.174 29.8858 1.2
    endloop
  endfacet
  facet normal 0 0 1
    outer loop
      vertex 14.0872 -0.695786 1.2
      vertex 12.1433 0.141235 1.2
      vertex 14.0489 -0.888229 1.2
    endloop
  endfacet
  facet normal 0 0 1
    outer loop
      vertex 11.9588 28.0434 1.2
      vertex 13.174 29.8858 1.2
      vertex 12.9882 29.9489 1.2
    endloop
  endfacet
  facet normal 0 0 1
    outer loop
      vertex 14.0489 -0.888229 1.2
      vertex 12.1433 0.141235 1.2
      vertex 13.9858 -1.07402 1.2
    endloop
  endfacet
  facet normal 0 0 1
    outer loop
      vertex 11.9588 28.0434 1.2
      vertex 12.9882 29.9489 1.2
      vertex 12.7958 29.9872 1.2
    endloop
  endfacet
  facet normal -0 0 1
    outer loop
      vertex 12.0571 0.0428925 1.2
      vertex 13.9858 -1.07402 1.2
      vertex 12.1433 0.141235 1.2
    endloop
  endfacet
  facet normal 0 0 1
    outer loop
      vertex 11.9588 28.0434 1.2
      vertex 12.7958 29.9872 1.2
      vertex 12.6 30 1.2
    endloop
  endfacet
  facet normal 0 0 1
    outer loop
      vertex 13.9858 -1.07402 1.2
      vertex 12.0571 0.0428925 1.2
      vertex 13.899 -1.25 1.2
    endloop
  endfacet
  facet normal 0 0 1
    outer loop
      vertex 13.899 -1.25 1.2
      vertex 12.0571 0.0428925 1.2
      vertex 13.79 -1.41315 1.2
    endloop
  endfacet
  facet normal 0 0 1
    outer loop
      vertex 14.1 28.5 1.2
      vertex 12.3414 27.3805 1.2
      vertex 12.35 27.25 1.2
    endloop
  endfacet
  facet normal 0 0 1
    outer loop
      vertex 14.1 28.5 1.2
      vertex 12.3159 27.5088 1.2
      vertex 12.3414 27.3805 1.2
    endloop
  endfacet
  facet normal 0 0 1
    outer loop
      vertex 14.1 28.5 1.2
      vertex 12.2739 27.6327 1.2
      vertex 12.3159 27.5088 1.2
    endloop
  endfacet
  facet normal 0 0 1
    outer loop
      vertex 14.1 28.5 1.2
      vertex 12.216 27.75 1.2
      vertex 12.2739 27.6327 1.2
    endloop
  endfacet
  facet normal 0 0 1
    outer loop
      vertex 14.1 28.5 1.2
      vertex 12.1433 27.8588 1.2
      vertex 12.216 27.75 1.2
    endloop
  endfacet
  facet normal 0 0 1
    outer loop
      vertex 13.9858 29.074 1.2
      vertex 12.0571 27.9571 1.2
      vertex 12.1433 27.8588 1.2
    endloop
  endfacet
  facet normal 0 0 1
    outer loop
      vertex 13.174 29.8858 1.2
      vertex 11.9588 28.0434 1.2
      vertex 12.0571 27.9571 1.2
    endloop
  endfacet
  facet normal 0 0 1
    outer loop
      vertex 12.6 30 1.2
      vertex 11.85 28.116 1.2
      vertex 11.9588 28.0434 1.2
    endloop
  endfacet
  facet normal 0 0 1
    outer loop
      vertex 12.6 30 1.2
      vertex 11.7327 28.1739 1.2
      vertex 11.85 28.116 1.2
    endloop
  endfacet
  facet normal 0 0 1
    outer loop
      vertex 12.6 30 1.2
      vertex 11.6088 28.2159 1.2
      vertex 11.7327 28.1739 1.2
    endloop
  endfacet
  facet normal 0 0 1
    outer loop
      vertex 12.6 30 1.2
      vertex 11.4805 28.2414 1.2
      vertex 11.6088 28.2159 1.2
    endloop
  endfacet
  facet normal 0 0 1
    outer loop
      vertex 12.6 30 1.2
      vertex 11.35 28.25 1.2
      vertex 11.4805 28.2414 1.2
    endloop
  endfacet
  facet normal 0 0 1
    outer loop
      vertex 12.6 30 1.2
      vertex -11.35 28.25 1.2
      vertex 11.35 28.25 1.2
    endloop
  endfacet
  facet normal -0 0 1
    outer loop
      vertex -12.6 30 1.2
      vertex -11.35 28.25 1.2
      vertex 12.6 30 1.2
    endloop
  endfacet
  facet normal -0 0 1
    outer loop
      vertex -13.79 29.4131 1.2
      vertex -12.0571 27.9571 1.2
      vertex -13.6606 29.5607 1.2
    endloop
  endfacet
  facet normal -0 0 1
    outer loop
      vertex -13.6606 29.5607 1.2
      vertex -12.0571 27.9571 1.2
      vertex -13.5131 29.69 1.2
    endloop
  endfacet
  facet normal -0 0 1
    outer loop
      vertex -13.5131 29.69 1.2
      vertex -12.0571 27.9571 1.2
      vertex -13.35 29.799 1.2
    endloop
  endfacet
  facet normal -0 0 1
    outer loop
      vertex -13.35 29.799 1.2
      vertex -12.0571 27.9571 1.2
      vertex -13.174 29.8858 1.2
    endloop
  endfacet
  facet normal 0 0 1
    outer loop
      vertex -11.9588 28.0434 1.2
      vertex -13.174 29.8858 1.2
      vertex -12.0571 27.9571 1.2
    endloop
  endfacet
  facet normal -0 0 1
    outer loop
      vertex -13.174 29.8858 1.2
      vertex -11.9588 28.0434 1.2
      vertex -12.9882 29.9489 1.2
    endloop
  endfacet
  facet normal -0 0 1
    outer loop
      vertex -12.9882 29.9489 1.2
      vertex -11.9588 28.0434 1.2
      vertex -12.7958 29.9872 1.2
    endloop
  endfacet
  facet normal -0 0 1
    outer loop
      vertex -12.7958 29.9872 1.2
      vertex -11.9588 28.0434 1.2
      vertex -12.6 30 1.2
    endloop
  endfacet
  facet normal 0 0 1
    outer loop
      vertex -11.85 28.116 1.2
      vertex -12.6 30 1.2
      vertex -11.9588 28.0434 1.2
    endloop
  endfacet
  facet normal 0 0 1
    outer loop
      vertex -11.7327 28.1739 1.2
      vertex -12.6 30 1.2
      vertex -11.85 28.116 1.2
    endloop
  endfacet
  facet normal 0 0 1
    outer loop
      vertex -11.6088 28.2159 1.2
      vertex -12.6 30 1.2
      vertex -11.7327 28.1739 1.2
    endloop
  endfacet
  facet normal 0 0 1
    outer loop
      vertex -11.4805 28.2414 1.2
      vertex -12.6 30 1.2
      vertex -11.6088 28.2159 1.2
    endloop
  endfacet
  facet normal 0 0 1
    outer loop
      vertex -11.35 28.25 1.2
      vertex -12.6 30 1.2
      vertex -11.4805 28.2414 1.2
    endloop
  endfacet
  facet normal 0 0 1
    outer loop
      vertex 13.79 -1.41315 1.2
      vertex 12.0571 0.0428925 1.2
      vertex 13.6606 -1.56065 1.2
    endloop
  endfacet
  facet normal 0 0 1
    outer loop
      vertex 13.6606 -1.56065 1.2
      vertex 12.0571 0.0428925 1.2
      vertex 13.5131 -1.69003 1.2
    endloop
  endfacet
  facet normal 0 0 1
    outer loop
      vertex 13.5131 -1.69003 1.2
      vertex 12.0571 0.0428925 1.2
      vertex 13.35 -1.79904 1.2
    endloop
  endfacet
  facet normal 0 0 1
    outer loop
      vertex 13.35 -1.79904 1.2
      vertex 12.0571 0.0428925 1.2
      vertex 13.174 -1.88582 1.2
    endloop
  endfacet
  facet normal -0 0 1
    outer loop
      vertex 11.9588 -0.0433502 1.2
      vertex 13.174 -1.88582 1.2
      vertex 12.0571 0.0428925 1.2
    endloop
  endfacet
  facet normal 0 0 1
    outer loop
      vertex 13.174 -1.88582 1.2
      vertex 11.9588 -0.0433502 1.2
      vertex 12.9882 -1.94888 1.2
    endloop
  endfacet
  facet normal 0 0 1
    outer loop
      vertex 12.9882 -1.94888 1.2
      vertex 11.9588 -0.0433502 1.2
      vertex 12.7958 -1.98717 1.2
    endloop
  endfacet
  facet normal 0 0 1
    outer loop
      vertex 12.7958 -1.98717 1.2
      vertex 11.9588 -0.0433502 1.2
      vertex 12.6 -2 1.2
    endloop
  endfacet
  facet normal -0 0 1
    outer loop
      vertex 11.85 -0.116028 1.2
      vertex 12.6 -2 1.2
      vertex 11.9588 -0.0433502 1.2
    endloop
  endfacet
  facet normal -0 0 1
    outer loop
      vertex 11.7327 -0.173874 1.2
      vertex 12.6 -2 1.2
      vertex 11.85 -0.116028 1.2
    endloop
  endfacet
  facet normal -0 0 1
    outer loop
      vertex 11.6088 -0.215927 1.2
      vertex 12.6 -2 1.2
      vertex 11.7327 -0.173874 1.2
    endloop
  endfacet
  facet normal -0 0 1
    outer loop
      vertex 11.4805 -0.24144 1.2
      vertex 12.6 -2 1.2
      vertex 11.6088 -0.215927 1.2
    endloop
  endfacet
  facet normal -0 0 1
    outer loop
      vertex 11.35 -0.25 1.2
      vertex 12.6 -2 1.2
      vertex 11.4805 -0.24144 1.2
    endloop
  endfacet
  facet normal 0 0 1
    outer loop
      vertex 6.7 -2 1.2
      vertex 11.35 -0.25 1.2
      vertex 6.7 -0.25 1.2
    endloop
  endfacet
  facet normal 0 0 1
    outer loop
      vertex 11.35 -0.25 1.2
      vertex 6.7 -2 1.2
      vertex 12.6 -2 1.2
    endloop
  endfacet
  facet normal -0 0 1
    outer loop
      vertex -11.35 -0.25 1.2
      vertex -6.7 -2 1.2
      vertex -6.7 -0.25 1.2
    endloop
  endfacet
  facet normal 0 0 1
    outer loop
      vertex -12.6 -2 1.2
      vertex -11.35 -0.25 1.2
      vertex -11.4805 -0.24144 1.2
    endloop
  endfacet
  facet normal 0 0 1
    outer loop
      vertex -12.6 -2 1.2
      vertex -11.4805 -0.24144 1.2
      vertex -11.6088 -0.215927 1.2
    endloop
  endfacet
  facet normal 0 0 1
    outer loop
      vertex -12.6 -2 1.2
      vertex -11.6088 -0.215927 1.2
      vertex -11.7327 -0.173874 1.2
    endloop
  endfacet
  facet normal 0 0 1
    outer loop
      vertex -11.35 -0.25 1.2
      vertex -12.6 -2 1.2
      vertex -6.7 -2 1.2
    endloop
  endfacet
  facet normal 0 0 1
    outer loop
      vertex -11.85 -0.116028 1.2
      vertex -12.6 -2 1.2
      vertex -11.7327 -0.173874 1.2
    endloop
  endfacet
  facet normal 0 0 1
    outer loop
      vertex -11.9588 -0.0433502 1.2
      vertex -12.6 -2 1.2
      vertex -11.85 -0.116028 1.2
    endloop
  endfacet
  facet normal 0 0 1
    outer loop
      vertex -13.174 -1.88582 1.2
      vertex -11.9588 -0.0433502 1.2
      vertex -12.0571 0.0428925 1.2
    endloop
  endfacet
  facet normal 0 0 1
    outer loop
      vertex -13.9858 -1.07402 1.2
      vertex -12.0571 0.0428925 1.2
      vertex -12.1433 0.141235 1.2
    endloop
  endfacet
  facet normal 0 0 1
    outer loop
      vertex -14.1 -0.5 1.2
      vertex -12.1433 0.141235 1.2
      vertex -12.216 0.25 1.2
    endloop
  endfacet
  facet normal 0 0 1
    outer loop
      vertex -14.1 -0.5 1.2
      vertex -12.216 0.25 1.2
      vertex -12.2739 0.36731 1.2
    endloop
  endfacet
  facet normal 0 0 1
    outer loop
      vertex -14.1 -0.5 1.2
      vertex -12.2739 0.36731 1.2
      vertex -12.3159 0.49118 1.2
    endloop
  endfacet
  facet normal 0 0 1
    outer loop
      vertex -14.1 -0.5 1.2
      vertex -12.3159 0.49118 1.2
      vertex -12.3414 0.619476 1.2
    endloop
  endfacet
  facet normal 0 0 1
    outer loop
      vertex -14.1 -0.5 1.2
      vertex -12.3414 0.619476 1.2
      vertex -12.35 0.75 1.2
    endloop
  endfacet
  facet normal 0 0 1
    outer loop
      vertex -12.35 27.25 1.2
      vertex -14.1 28.5 1.2
      vertex -12.35 0.75 1.2
    endloop
  endfacet
  facet normal -0 0 1
    outer loop
      vertex -13.899 29.25 1.2
      vertex -12.0571 27.9571 1.2
      vertex -13.79 29.4131 1.2
    endloop
  endfacet
  facet normal 0 0 1
    outer loop
      vertex -14.1 -0.5 1.2
      vertex -12.35 0.75 1.2
      vertex -14.1 28.5 1.2
    endloop
  endfacet
  facet normal -0 0 1
    outer loop
      vertex -13.9858 29.074 1.2
      vertex -12.0571 27.9571 1.2
      vertex -13.899 29.25 1.2
    endloop
  endfacet
  facet normal 0 0 1
    outer loop
      vertex -12.1433 0.141235 1.2
      vertex -14.1 -0.5 1.2
      vertex -14.0872 -0.695786 1.2
    endloop
  endfacet
  facet normal 0 0 1
    outer loop
      vertex -12.0571 27.9571 1.2
      vertex -13.9858 29.074 1.2
      vertex -12.1433 27.8588 1.2
    endloop
  endfacet
  facet normal 0 0 1
    outer loop
      vertex -11.9588 -0.0433502 1.2
      vertex -12.7958 -1.98717 1.2
      vertex -12.6 -2 1.2
    endloop
  endfacet
  facet normal -0 0 1
    outer loop
      vertex -14.0489 28.8882 1.2
      vertex -12.1433 27.8588 1.2
      vertex -13.9858 29.074 1.2
    endloop
  endfacet
  facet normal 0 0 1
    outer loop
      vertex -11.9588 -0.0433502 1.2
      vertex -12.9882 -1.94888 1.2
      vertex -12.7958 -1.98717 1.2
    endloop
  endfacet
  facet normal -0 0 1
    outer loop
      vertex -14.0872 28.6958 1.2
      vertex -12.1433 27.8588 1.2
      vertex -14.0489 28.8882 1.2
    endloop
  endfacet
  facet normal 0 0 1
    outer loop
      vertex -11.9588 -0.0433502 1.2
      vertex -13.174 -1.88582 1.2
      vertex -12.9882 -1.94888 1.2
    endloop
  endfacet
  facet normal -0 0 1
    outer loop
      vertex -14.1 28.5 1.2
      vertex -12.1433 27.8588 1.2
      vertex -14.0872 28.6958 1.2
    endloop
  endfacet
  facet normal 0 0 1
    outer loop
      vertex -12.0571 0.0428925 1.2
      vertex -13.35 -1.79904 1.2
      vertex -13.174 -1.88582 1.2
    endloop
  endfacet
  facet normal 0 0 1
    outer loop
      vertex -12.1433 27.8588 1.2
      vertex -14.1 28.5 1.2
      vertex -12.216 27.75 1.2
    endloop
  endfacet
  facet normal 0 0 1
    outer loop
      vertex -12.0571 0.0428925 1.2
      vertex -13.5131 -1.69003 1.2
      vertex -13.35 -1.79904 1.2
    endloop
  endfacet
  facet normal 0 0 1
    outer loop
      vertex -12.216 27.75 1.2
      vertex -14.1 28.5 1.2
      vertex -12.2739 27.6327 1.2
    endloop
  endfacet
  facet normal 0 0 1
    outer loop
      vertex -12.0571 0.0428925 1.2
      vertex -13.6606 -1.56065 1.2
      vertex -13.5131 -1.69003 1.2
    endloop
  endfacet
  facet normal 0 0 1
    outer loop
      vertex -12.2739 27.6327 1.2
      vertex -14.1 28.5 1.2
      vertex -12.3159 27.5088 1.2
    endloop
  endfacet
  facet normal 0 0 1
    outer loop
      vertex -12.0571 0.0428925 1.2
      vertex -13.79 -1.41315 1.2
      vertex -13.6606 -1.56065 1.2
    endloop
  endfacet
  facet normal 0 0 1
    outer loop
      vertex -12.3159 27.5088 1.2
      vertex -14.1 28.5 1.2
      vertex -12.3414 27.3805 1.2
    endloop
  endfacet
  facet normal 0 0 1
    outer loop
      vertex -12.0571 0.0428925 1.2
      vertex -13.899 -1.25 1.2
      vertex -13.79 -1.41315 1.2
    endloop
  endfacet
  facet normal 0 0 1
    outer loop
      vertex -12.3414 27.3805 1.2
      vertex -14.1 28.5 1.2
      vertex -12.35 27.25 1.2
    endloop
  endfacet
  facet normal 0 0 1
    outer loop
      vertex -12.0571 0.0428925 1.2
      vertex -13.9858 -1.07402 1.2
      vertex -13.899 -1.25 1.2
    endloop
  endfacet
  facet normal 0 0 1
    outer loop
      vertex -12.1433 0.141235 1.2
      vertex -14.0489 -0.888229 1.2
      vertex -13.9858 -1.07402 1.2
    endloop
  endfacet
  facet normal 0 0 1
    outer loop
      vertex -12.1433 0.141235 1.2
      vertex -14.0872 -0.695786 1.2
      vertex -14.0489 -0.888229 1.2
    endloop
  endfacet
  facet normal 0 0 -1
    outer loop
      vertex -6.7 -0.25 1.2
      vertex -5.89999 3.09999 1.2
      vertex -5.89999 -0.25 1.2
    endloop
  endfacet
  facet normal 0 0 -1
    outer loop
      vertex -5.89999 3.09999 1.2
      vertex -6.7 3.89999 1.2
      vertex -6.09999 4.5 1.2
    endloop
  endfacet
  facet normal 0 0 -1
    outer loop
      vertex -6.09999 4.5 1.2
      vertex -6.7 3.89999 1.2
      vertex -6.1783 4.49486 1.2
    endloop
  endfacet
  facet normal 0 0 -1
    outer loop
      vertex -6.1783 4.49486 1.2
      vertex -6.7 3.89999 1.2
      vertex -6.25528 4.47955 1.2
    endloop
  endfacet
  facet normal 0 0 -1
    outer loop
      vertex -6.25528 4.47955 1.2
      vertex -6.7 3.89999 1.2
      vertex -6.32961 4.45432 1.2
    endloop
  endfacet
  facet normal 0 0 -1
    outer loop
      vertex -6.32961 4.45432 1.2
      vertex -6.7 3.89999 1.2
      vertex -6.39999 4.41962 1.2
    endloop
  endfacet
  facet normal 0 0 -1
    outer loop
      vertex -6.39999 4.41962 1.2
      vertex -6.7 3.89999 1.2
      vertex -6.46524 4.37601 1.2
    endloop
  endfacet
  facet normal 0 0 -1
    outer loop
      vertex -6.46524 4.37601 1.2
      vertex -6.7 3.89999 1.2
      vertex -6.52426 4.32426 1.2
    endloop
  endfacet
  facet normal 0 0 -1
    outer loop
      vertex -6.52426 4.32426 1.2
      vertex -6.7 3.89999 1.2
      vertex -6.576 4.26524 1.2
    endloop
  endfacet
  facet normal 0 0 -1
    outer loop
      vertex -6.576 4.26524 1.2
      vertex -6.7 3.89999 1.2
      vertex -6.61961 4.2 1.2
    endloop
  endfacet
  facet normal 0 0 -1
    outer loop
      vertex -6.61961 4.2 1.2
      vertex -6.7 3.89999 1.2
      vertex -6.65431 4.12961 1.2
    endloop
  endfacet
  facet normal 0 0 -1
    outer loop
      vertex -6.65431 4.12961 1.2
      vertex -6.7 3.89999 1.2
      vertex -6.67955 4.05528 1.2
    endloop
  endfacet
  facet normal -0 0 -1
    outer loop
      vertex -5.89999 3.09999 1.2
      vertex -6.7 -0.25 1.2
      vertex -6.7 3.89999 1.2
    endloop
  endfacet
  facet normal 0 0 -1
    outer loop
      vertex -6.67955 4.05528 1.2
      vertex -6.7 3.89999 1.2
      vertex -6.69485 3.9783 1.2
    endloop
  endfacet
  facet normal 0 0 -1
    outer loop
      vertex 5.89999 3.09999 1.2
      vertex 6.7 3.89999 1.2
      vertex 6.7 -0.25 1.2
    endloop
  endfacet
  facet normal 0 0 -1
    outer loop
      vertex 5.89485 3.1783 1.2
      vertex 6.7 3.89999 1.2
      vertex 5.89999 3.09999 1.2
    endloop
  endfacet
  facet normal 0 0 -1
    outer loop
      vertex 5.87955 3.25528 1.2
      vertex 6.7 3.89999 1.2
      vertex 5.89485 3.1783 1.2
    endloop
  endfacet
  facet normal 0 0 -1
    outer loop
      vertex 5.85431 3.32961 1.2
      vertex 6.7 3.89999 1.2
      vertex 5.87955 3.25528 1.2
    endloop
  endfacet
  facet normal 0 0 -1
    outer loop
      vertex 5.81961 3.39999 1.2
      vertex 6.7 3.89999 1.2
      vertex 5.85431 3.32961 1.2
    endloop
  endfacet
  facet normal 0 0 -1
    outer loop
      vertex 5.776 3.46524 1.2
      vertex 6.7 3.89999 1.2
      vertex 5.81961 3.39999 1.2
    endloop
  endfacet
  facet normal 0 0 -1
    outer loop
      vertex 5.72426 3.52426 1.2
      vertex 6.7 3.89999 1.2
      vertex 5.776 3.46524 1.2
    endloop
  endfacet
  facet normal -0 0 -1
    outer loop
      vertex 6.7 3.89999 1.2
      vertex 5.72426 3.52426 1.2
      vertex 6.69485 3.9783 1.2
    endloop
  endfacet
  facet normal -0 0 -1
    outer loop
      vertex 6.69485 3.9783 1.2
      vertex 5.72426 3.52426 1.2
      vertex 6.67955 4.05528 1.2
    endloop
  endfacet
  facet normal -0 0 -1
    outer loop
      vertex 6.67955 4.05528 1.2
      vertex 5.72426 3.52426 1.2
      vertex 6.65431 4.12961 1.2
    endloop
  endfacet
  facet normal -0 0 -1
    outer loop
      vertex 6.65431 4.12961 1.2
      vertex 5.72426 3.52426 1.2
      vertex 6.61961 4.2 1.2
    endloop
  endfacet
  facet normal -0 0 -1
    outer loop
      vertex 6.61961 4.2 1.2
      vertex 5.72426 3.52426 1.2
      vertex 6.576 4.26524 1.2
    endloop
  endfacet
  facet normal 0 0 -1
    outer loop
      vertex 5.89999 3.09999 1.2
      vertex 6.7 -0.25 1.2
      vertex 5.89999 -0.25 1.2
    endloop
  endfacet
  facet normal -0 0 -1
    outer loop
      vertex 6.576 4.26524 1.2
      vertex 5.72426 3.52426 1.2
      vertex 6.52426 4.32426 1.2
    endloop
  endfacet
  facet normal -0 0 -1
    outer loop
      vertex 6.52426 4.32426 1.2
      vertex 5.72426 3.52426 1.2
      vertex 6.46524 4.37601 1.2
    endloop
  endfacet
  facet normal -0 0 -1
    outer loop
      vertex 6.46524 4.37601 1.2
      vertex 5.72426 3.52426 1.2
      vertex 6.39999 4.41962 1.2
    endloop
  endfacet
  facet normal -0 0 -1
    outer loop
      vertex 6.39999 4.41962 1.2
      vertex 5.72426 3.52426 1.2
      vertex 6.32961 4.45432 1.2
    endloop
  endfacet
  facet normal -0 0 -1
    outer loop
      vertex 6.32961 4.45432 1.2
      vertex 5.72426 3.52426 1.2
      vertex 6.25528 4.47955 1.2
    endloop
  endfacet
  facet normal -0 0 -1
    outer loop
      vertex 6.25528 4.47955 1.2
      vertex 5.72426 3.52426 1.2
      vertex 6.1783 4.49486 1.2
    endloop
  endfacet
  facet normal -0 0 -1
    outer loop
      vertex 6.1783 4.49486 1.2
      vertex 5.72426 3.52426 1.2
      vertex 6.09999 4.5 1.2
    endloop
  endfacet
  facet normal 0 0 -1
    outer loop
      vertex 5.66524 3.576 1.2
      vertex 6.09999 4.5 1.2
      vertex 5.72426 3.52426 1.2
    endloop
  endfacet
  facet normal 0 0 -1
    outer loop
      vertex 5.59999 3.61961 1.2
      vertex 6.09999 4.5 1.2
      vertex 5.66524 3.576 1.2
    endloop
  endfacet
  facet normal 0 0 -1
    outer loop
      vertex 5.5296 3.65431 1.2
      vertex 6.09999 4.5 1.2
      vertex 5.59999 3.61961 1.2
    endloop
  endfacet
  facet normal 0 0 -1
    outer loop
      vertex 5.45528 3.67955 1.2
      vertex 6.09999 4.5 1.2
      vertex 5.5296 3.65431 1.2
    endloop
  endfacet
  facet normal 0 0 -1
    outer loop
      vertex 5.3783 3.69485 1.2
      vertex 6.09999 4.5 1.2
      vertex 5.45528 3.67955 1.2
    endloop
  endfacet
  facet normal 0 0 -1
    outer loop
      vertex 5.29999 3.7 1.2
      vertex 6.09999 4.5 1.2
      vertex 5.3783 3.69485 1.2
    endloop
  endfacet
  facet normal 0 0 -1
    outer loop
      vertex -5.29999 3.7 1.2
      vertex 6.09999 4.5 1.2
      vertex 5.29999 3.7 1.2
    endloop
  endfacet
  facet normal 0 0 -1
    outer loop
      vertex -6.09999 4.5 1.2
      vertex -5.29999 3.7 1.2
      vertex -5.3783 3.69485 1.2
    endloop
  endfacet
  facet normal 0 0 -1
    outer loop
      vertex -5.29999 3.7 1.2
      vertex -6.09999 4.5 1.2
      vertex 6.09999 4.5 1.2
    endloop
  endfacet
  facet normal 0 0 -1
    outer loop
      vertex -5.45528 3.67955 1.2
      vertex -6.09999 4.5 1.2
      vertex -5.3783 3.69485 1.2
    endloop
  endfacet
  facet normal 0 0 -1
    outer loop
      vertex -5.5296 3.65431 1.2
      vertex -6.09999 4.5 1.2
      vertex -5.45528 3.67955 1.2
    endloop
  endfacet
  facet normal 0 0 -1
    outer loop
      vertex -5.59999 3.61961 1.2
      vertex -6.09999 4.5 1.2
      vertex -5.5296 3.65431 1.2
    endloop
  endfacet
  facet normal 0 0 -1
    outer loop
      vertex -5.66524 3.576 1.2
      vertex -6.09999 4.5 1.2
      vertex -5.59999 3.61961 1.2
    endloop
  endfacet
  facet normal 0 0 -1
    outer loop
      vertex -5.72426 3.52426 1.2
      vertex -6.09999 4.5 1.2
      vertex -5.66524 3.576 1.2
    endloop
  endfacet
  facet normal 0 0 -1
    outer loop
      vertex -5.776 3.46524 1.2
      vertex -6.09999 4.5 1.2
      vertex -5.72426 3.52426 1.2
    endloop
  endfacet
  facet normal 0 0 -1
    outer loop
      vertex -5.81961 3.39999 1.2
      vertex -6.09999 4.5 1.2
      vertex -5.776 3.46524 1.2
    endloop
  endfacet
  facet normal 0 0 -1
    outer loop
      vertex -5.85431 3.32961 1.2
      vertex -6.09999 4.5 1.2
      vertex -5.81961 3.39999 1.2
    endloop
  endfacet
  facet normal 0 0 -1
    outer loop
      vertex -5.87955 3.25528 1.2
      vertex -6.09999 4.5 1.2
      vertex -5.85431 3.32961 1.2
    endloop
  endfacet
  facet normal 0 0 -1
    outer loop
      vertex -5.89485 3.1783 1.2
      vertex -6.09999 4.5 1.2
      vertex -5.87955 3.25528 1.2
    endloop
  endfacet
  facet normal 0 0 -1
    outer loop
      vertex -6.09999 4.5 1.2
      vertex -5.89485 3.1783 1.2
      vertex -5.89999 3.09999 1.2
    endloop
  endfacet
  facet normal 0.946885 0.321574 0
    outer loop
      vertex 14.0489 28.8882 1.2
      vertex 13.9858 29.074 0
      vertex 13.9858 29.074 1.2
    endloop
  endfacet
  facet normal 0.946885 0.321574 0
    outer loop
      vertex 13.9858 29.074 0
      vertex 14.0489 28.8882 1.2
      vertex 14.0489 28.8882 0
    endloop
  endfacet
  facet normal 0.195234 0.980757 -0
    outer loop
      vertex 12.9882 29.9489 0
      vertex 12.7958 29.9872 1.2
      vertex 12.9882 29.9489 1.2
    endloop
  endfacet
  facet normal 0.195234 0.980757 0
    outer loop
      vertex 12.7958 29.9872 1.2
      vertex 12.9882 29.9489 0
      vertex 12.7958 29.9872 0
    endloop
  endfacet
  facet normal 0.831501 -0.555523 0
    outer loop
      vertex 13.79 -1.41315 1.2
      vertex 13.899 -1.25 0
      vertex 13.899 -1.25 1.2
    endloop
  endfacet
  facet normal 0.831501 -0.555523 0
    outer loop
      vertex 13.899 -1.25 0
      vertex 13.79 -1.41315 1.2
      vertex 13.79 -1.41315 0
    endloop
  endfacet
  facet normal 0.99787 -0.0652382 0
    outer loop
      vertex 14.0872 -0.695786 1.2
      vertex 14.1 -0.5 0
      vertex 14.1 -0.5 1.2
    endloop
  endfacet
  facet normal 0.99787 -0.0652382 0
    outer loop
      vertex 14.1 -0.5 0
      vertex 14.0872 -0.695786 1.2
      vertex 14.0872 -0.695786 0
    endloop
  endfacet
  facet normal 0.442233 -0.8969 0
    outer loop
      vertex 13.174 -1.88582 0
      vertex 13.35 -1.79904 1.2
      vertex 13.174 -1.88582 1.2
    endloop
  endfacet
  facet normal 0.442233 -0.8969 0
    outer loop
      vertex 13.35 -1.79904 1.2
      vertex 13.174 -1.88582 0
      vertex 13.35 -1.79904 0
    endloop
  endfacet
  facet normal -0.751945 0.659226 0
    outer loop
      vertex -13.79 29.4131 0
      vertex -13.6606 29.5607 1.2
      vertex -13.6606 29.5607 0
    endloop
  endfacet
  facet normal -0.751945 0.659226 0
    outer loop
      vertex -13.6606 29.5607 1.2
      vertex -13.79 29.4131 0
      vertex -13.79 29.4131 1.2
    endloop
  endfacet
  facet normal 0.89686 0.442315 0
    outer loop
      vertex 13.9858 29.074 1.2
      vertex 13.899 29.25 0
      vertex 13.899 29.25 1.2
    endloop
  endfacet
  facet normal 0.89686 0.442315 0
    outer loop
      vertex 13.899 29.25 0
      vertex 13.9858 29.074 1.2
      vertex 13.9858 29.074 0
    endloop
  endfacet
  facet normal 0.0652336 0.99787 -0
    outer loop
      vertex 12.7958 29.9872 0
      vertex 12.6 30 1.2
      vertex 12.7958 29.9872 1.2
    endloop
  endfacet
  facet normal 0.0652336 0.99787 0
    outer loop
      vertex 12.6 30 1.2
      vertex 12.7958 29.9872 0
      vertex 12.6 30 0
    endloop
  endfacet
  facet normal 0.321574 0.946885 -0
    outer loop
      vertex 13.174 29.8858 0
      vertex 12.9882 29.9489 1.2
      vertex 13.174 29.8858 1.2
    endloop
  endfacet
  facet normal 0.321574 0.946885 0
    outer loop
      vertex 12.9882 29.9489 1.2
      vertex 13.174 29.8858 0
      vertex 12.9882 29.9489 0
    endloop
  endfacet
  facet normal 0.980757 0.195234 0
    outer loop
      vertex 14.0872 28.6958 1.2
      vertex 14.0489 28.8882 0
      vertex 14.0489 28.8882 1.2
    endloop
  endfacet
  facet normal 0.980757 0.195234 0
    outer loop
      vertex 14.0489 28.8882 0
      vertex 14.0872 28.6958 1.2
      vertex 14.0872 28.6958 0
    endloop
  endfacet
  facet normal 0.195185 -0.980766 0
    outer loop
      vertex 12.7958 -1.98717 0
      vertex 12.9882 -1.94888 1.2
      vertex 12.7958 -1.98717 1.2
    endloop
  endfacet
  facet normal 0.195185 -0.980766 0
    outer loop
      vertex 12.9882 -1.94888 1.2
      vertex 12.7958 -1.98717 0
      vertex 12.9882 -1.94888 0
    endloop
  endfacet
  facet normal 0.831422 0.555641 0
    outer loop
      vertex 13.899 29.25 1.2
      vertex 13.79 29.4131 0
      vertex 13.79 29.4131 1.2
    endloop
  endfacet
  facet normal 0.831422 0.555641 0
    outer loop
      vertex 13.79 29.4131 0
      vertex 13.899 29.25 1.2
      vertex 13.899 29.25 0
    endloop
  endfacet
  facet normal 0 0 -1
    outer loop
      vertex -12.6 -2 0
      vertex -6.7 3.89999 0
      vertex -6.7 -2 0
    endloop
  endfacet
  facet normal 0 -0 -1
    outer loop
      vertex -8.51524 17.074 0
      vertex -6.7 3.89999 0
      vertex -14.1 -0.5 0
    endloop
  endfacet
  facet normal 0 0 -1
    outer loop
      vertex -6.7 3.89999 0
      vertex -8.2283 16.9552 0
      vertex -8.14999 16.95 0
    endloop
  endfacet
  facet normal 0 0 -1
    outer loop
      vertex -6.7 3.89999 0
      vertex -8.30528 16.9705 0
      vertex -8.2283 16.9552 0
    endloop
  endfacet
  facet normal 0 0 -1
    outer loop
      vertex -6.7 3.89999 0
      vertex -8.37961 16.9957 0
      vertex -8.30528 16.9705 0
    endloop
  endfacet
  facet normal 0 0 -1
    outer loop
      vertex -6.7 3.89999 0
      vertex -8.45 17.0304 0
      vertex -8.37961 16.9957 0
    endloop
  endfacet
  facet normal 0 0 -1
    outer loop
      vertex -6.7 3.89999 0
      vertex -8.51524 17.074 0
      vertex -8.45 17.0304 0
    endloop
  endfacet
  facet normal -0 0 -1
    outer loop
      vertex -8.51524 17.074 0
      vertex -14.1 -0.5 0
      vertex -8.57426 17.1257 0
    endloop
  endfacet
  facet normal -0 0 -1
    outer loop
      vertex -8.57426 17.1257 0
      vertex -14.1 -0.5 0
      vertex -8.62601 17.1848 0
    endloop
  endfacet
  facet normal -0 0 -1
    outer loop
      vertex -8.62601 17.1848 0
      vertex -14.1 -0.5 0
      vertex -8.66962 17.25 0
    endloop
  endfacet
  facet normal -0 0 -1
    outer loop
      vertex -8.66962 17.25 0
      vertex -14.1 -0.5 0
      vertex -8.70432 17.3204 0
    endloop
  endfacet
  facet normal -0 0 -1
    outer loop
      vertex -8.70432 17.3204 0
      vertex -14.1 -0.5 0
      vertex -8.72955 17.3947 0
    endloop
  endfacet
  facet normal 0 0 -1
    outer loop
      vertex -14.1 28.5 0
      vertex -8.74486 17.4717 0
      vertex -14.1 -0.5 0
    endloop
  endfacet
  facet normal -0 0 -1
    outer loop
      vertex -8.72955 17.3947 0
      vertex -14.1 -0.5 0
      vertex -8.74486 17.4717 0
    endloop
  endfacet
  facet normal 0 0 -1
    outer loop
      vertex -6.7 3.89999 0
      vertex -12.6 -2 0
      vertex -14.1 -0.5 0
    endloop
  endfacet
  facet normal 0 0 -1
    outer loop
      vertex 12.6 -2 0
      vertex 14.1 -0.5 0
      vertex 14.0872 -0.695786 0
    endloop
  endfacet
  facet normal 0 0 -1
    outer loop
      vertex 14.1 -0.5 0
      vertex 8.74486 17.4717 0
      vertex 14.1 28.5 0
    endloop
  endfacet
  facet normal 0 0 -1
    outer loop
      vertex 12.6 -2 0
      vertex 14.0872 -0.695786 0
      vertex 14.0489 -0.888229 0
    endloop
  endfacet
  facet normal 0 -0 -1
    outer loop
      vertex 8.75 17.55 0
      vertex 14.1 28.5 0
      vertex 8.74486 17.4717 0
    endloop
  endfacet
  facet normal 0 0 -1
    outer loop
      vertex 12.6 -2 0
      vertex 14.0489 -0.888229 0
      vertex 13.9858 -1.07402 0
    endloop
  endfacet
  facet normal 0 0 -1
    outer loop
      vertex 8.75 26.45 0
      vertex 14.1 28.5 0
      vertex 8.75 17.55 0
    endloop
  endfacet
  facet normal 0 0 -1
    outer loop
      vertex 12.6 -2 0
      vertex 13.9858 -1.07402 0
      vertex 13.899 -1.25 0
    endloop
  endfacet
  facet normal 0 0 -1
    outer loop
      vertex 8.74486 26.5283 0
      vertex 14.1 28.5 0
      vertex 8.75 26.45 0
    endloop
  endfacet
  facet normal 0 0 -1
    outer loop
      vertex 12.6 -2 0
      vertex 13.899 -1.25 0
      vertex 13.79 -1.41315 0
    endloop
  endfacet
  facet normal 0 0 -1
    outer loop
      vertex 8.72955 26.6053 0
      vertex 14.1 28.5 0
      vertex 8.74486 26.5283 0
    endloop
  endfacet
  facet normal 0 0 -1
    outer loop
      vertex 12.6 -2 0
      vertex 13.79 -1.41315 0
      vertex 13.6606 -1.56065 0
    endloop
  endfacet
  facet normal 0 -0 -1
    outer loop
      vertex 12.6 30 0
      vertex 14.1 28.5 0
      vertex 8.72955 26.6053 0
    endloop
  endfacet
  facet normal 0 0 -1
    outer loop
      vertex 12.6 -2 0
      vertex 13.6606 -1.56065 0
      vertex 13.5131 -1.69003 0
    endloop
  endfacet
  facet normal 0 0 -1
    outer loop
      vertex 14.1 28.5 0
      vertex 12.6 30 0
      vertex 14.0872 28.6958 0
    endloop
  endfacet
  facet normal 0 0 -1
    outer loop
      vertex 12.6 -2 0
      vertex 13.5131 -1.69003 0
      vertex 13.35 -1.79904 0
    endloop
  endfacet
  facet normal 0 0 -1
    outer loop
      vertex 14.0489 28.8882 0
      vertex 12.6 30 0
      vertex 13.9858 29.074 0
    endloop
  endfacet
  facet normal 0 0 -1
    outer loop
      vertex 12.6 -2 0
      vertex 13.35 -1.79904 0
      vertex 13.174 -1.88582 0
    endloop
  endfacet
  facet normal 0 0 -1
    outer loop
      vertex 13.9858 29.074 0
      vertex 12.6 30 0
      vertex 13.899 29.25 0
    endloop
  endfacet
  facet normal 0 0 -1
    outer loop
      vertex 12.6 -2 0
      vertex 13.174 -1.88582 0
      vertex 12.9882 -1.94888 0
    endloop
  endfacet
  facet normal 0 0 -1
    outer loop
      vertex 13.899 29.25 0
      vertex 12.6 30 0
      vertex 13.79 29.4131 0
    endloop
  endfacet
  facet normal 0 0 -1
    outer loop
      vertex 12.6 -2 0
      vertex 12.9882 -1.94888 0
      vertex 12.7958 -1.98717 0
    endloop
  endfacet
  facet normal 0 0 -1
    outer loop
      vertex 13.79 29.4131 0
      vertex 12.6 30 0
      vertex 13.6606 29.5607 0
    endloop
  endfacet
  facet normal -0 0 -1
    outer loop
      vertex 14.1 -0.5 0
      vertex 12.6 -2 0
      vertex 6.7 3.89999 0
    endloop
  endfacet
  facet normal 0 0 -1
    outer loop
      vertex 13.5131 29.69 0
      vertex 12.6 30 0
      vertex 13.35 29.799 0
    endloop
  endfacet
  facet normal 0 0 -1
    outer loop
      vertex 13.35 29.799 0
      vertex 12.6 30 0
      vertex 13.174 29.8858 0
    endloop
  endfacet
  facet normal 0 0 -1
    outer loop
      vertex 13.174 29.8858 0
      vertex 12.6 30 0
      vertex 12.9882 29.9489 0
    endloop
  endfacet
  facet normal 0 0 -1
    outer loop
      vertex 14.1 -0.5 0
      vertex 8.72955 17.3947 0
      vertex 8.74486 17.4717 0
    endloop
  endfacet
  facet normal 0 0 -1
    outer loop
      vertex 14.1 -0.5 0
      vertex 8.70432 17.3204 0
      vertex 8.72955 17.3947 0
    endloop
  endfacet
  facet normal 0 0 -1
    outer loop
      vertex 14.1 -0.5 0
      vertex 8.66962 17.25 0
      vertex 8.70432 17.3204 0
    endloop
  endfacet
  facet normal 0 0 -1
    outer loop
      vertex 14.1 -0.5 0
      vertex 8.62601 17.1848 0
      vertex 8.66962 17.25 0
    endloop
  endfacet
  facet normal 0 0 -1
    outer loop
      vertex 14.1 -0.5 0
      vertex 8.57426 17.1257 0
      vertex 8.62601 17.1848 0
    endloop
  endfacet
  facet normal 0 0 -1
    outer loop
      vertex 14.1 -0.5 0
      vertex 6.65431 4.12961 0
      vertex 6.61961 4.2 0
    endloop
  endfacet
  facet normal 0 0 -1
    outer loop
      vertex 14.1 -0.5 0
      vertex 6.61961 4.2 0
      vertex 8.57426 17.1257 0
    endloop
  endfacet
  facet normal 0 0 -1
    outer loop
      vertex 8.57426 17.1257 0
      vertex 6.61961 4.2 0
      vertex 8.51524 17.074 0
    endloop
  endfacet
  facet normal 0 0 -1
    outer loop
      vertex 6.576 4.26524 0
      vertex 8.51524 17.074 0
      vertex 6.61961 4.2 0
    endloop
  endfacet
  facet normal 0 0 -1
    outer loop
      vertex 8.51524 17.074 0
      vertex 6.576 4.26524 0
      vertex 8.45 17.0304 0
    endloop
  endfacet
  facet normal 0 0 -1
    outer loop
      vertex 6.52426 4.32426 0
      vertex 8.45 17.0304 0
      vertex 6.576 4.26524 0
    endloop
  endfacet
  facet normal 0 0 -1
    outer loop
      vertex 6.7 3.89999 0
      vertex 12.6 -2 0
      vertex 6.7 -2 0
    endloop
  endfacet
  facet normal 0 0 -1
    outer loop
      vertex 14.1 -0.5 0
      vertex 6.7 3.89999 0
      vertex 6.69485 3.9783 0
    endloop
  endfacet
  facet normal 0 0 -1
    outer loop
      vertex 14.1 -0.5 0
      vertex 6.69485 3.9783 0
      vertex 6.67955 4.05528 0
    endloop
  endfacet
  facet normal 0 0 -1
    outer loop
      vertex 14.1 -0.5 0
      vertex 6.67955 4.05528 0
      vertex 6.65431 4.12961 0
    endloop
  endfacet
  facet normal 0 0 -1
    outer loop
      vertex 8.45 17.0304 0
      vertex 6.52426 4.32426 0
      vertex 8.37961 16.9957 0
    endloop
  endfacet
  facet normal 0 0 -1
    outer loop
      vertex 6.46524 4.37601 0
      vertex 8.37961 16.9957 0
      vertex 6.52426 4.32426 0
    endloop
  endfacet
  facet normal 0 0 -1
    outer loop
      vertex 8.37961 16.9957 0
      vertex 6.46524 4.37601 0
      vertex 8.30528 16.9705 0
    endloop
  endfacet
  facet normal 0 0 -1
    outer loop
      vertex 6.39999 4.41962 0
      vertex 8.30528 16.9705 0
      vertex 6.46524 4.37601 0
    endloop
  endfacet
  facet normal 0 0 -1
    outer loop
      vertex 8.30528 16.9705 0
      vertex 6.39999 4.41962 0
      vertex 8.2283 16.9552 0
    endloop
  endfacet
  facet normal 0 0 -1
    outer loop
      vertex 6.32961 4.45432 0
      vertex 8.2283 16.9552 0
      vertex 6.39999 4.41962 0
    endloop
  endfacet
  facet normal 0 0 -1
    outer loop
      vertex 8.2283 16.9552 0
      vertex 6.32961 4.45432 0
      vertex 8.14999 16.95 0
    endloop
  endfacet
  facet normal 0 0 -1
    outer loop
      vertex 6.25528 4.47955 0
      vertex 8.14999 16.95 0
      vertex 6.32961 4.45432 0
    endloop
  endfacet
  facet normal 0 0 -1
    outer loop
      vertex 6.1783 4.49486 0
      vertex 8.14999 16.95 0
      vertex 6.25528 4.47955 0
    endloop
  endfacet
  facet normal 0 0 -1
    outer loop
      vertex 6.09999 4.5 0
      vertex 8.14999 16.95 0
      vertex 6.1783 4.49486 0
    endloop
  endfacet
  facet normal 0 0 -1
    outer loop
      vertex -6.09999 4.5 0
      vertex 8.14999 16.95 0
      vertex 6.09999 4.5 0
    endloop
  endfacet
  facet normal 0 0 -1
    outer loop
      vertex -8.14999 16.95 0
      vertex -6.09999 4.5 0
      vertex -6.1783 4.49486 0
    endloop
  endfacet
  facet normal 0 0 -1
    outer loop
      vertex -8.14999 16.95 0
      vertex -6.1783 4.49486 0
      vertex -6.25528 4.47955 0
    endloop
  endfacet
  facet normal 0 0 -1
    outer loop
      vertex -8.14999 16.95 0
      vertex -6.25528 4.47955 0
      vertex -6.32961 4.45432 0
    endloop
  endfacet
  facet normal 0 0 -1
    outer loop
      vertex -8.14999 16.95 0
      vertex -6.32961 4.45432 0
      vertex -6.39999 4.41962 0
    endloop
  endfacet
  facet normal 0 0 -1
    outer loop
      vertex -8.14999 16.95 0
      vertex -6.39999 4.41962 0
      vertex -6.46524 4.37601 0
    endloop
  endfacet
  facet normal 0 0 -1
    outer loop
      vertex -6.09999 4.5 0
      vertex -8.14999 16.95 0
      vertex 8.14999 16.95 0
    endloop
  endfacet
  facet normal 0 0 -1
    outer loop
      vertex -6.52426 4.32426 0
      vertex -8.14999 16.95 0
      vertex -6.46524 4.37601 0
    endloop
  endfacet
  facet normal 0 0 -1
    outer loop
      vertex -6.576 4.26524 0
      vertex -8.14999 16.95 0
      vertex -6.52426 4.32426 0
    endloop
  endfacet
  facet normal 0 0 -1
    outer loop
      vertex -6.61961 4.2 0
      vertex -8.14999 16.95 0
      vertex -6.576 4.26524 0
    endloop
  endfacet
  facet normal 0 0 -1
    outer loop
      vertex -6.65431 4.12961 0
      vertex -8.14999 16.95 0
      vertex -6.61961 4.2 0
    endloop
  endfacet
  facet normal 0 0 -1
    outer loop
      vertex -6.67955 4.05528 0
      vertex -8.14999 16.95 0
      vertex -6.65431 4.12961 0
    endloop
  endfacet
  facet normal 0 0 -1
    outer loop
      vertex -6.69485 3.9783 0
      vertex -8.14999 16.95 0
      vertex -6.67955 4.05528 0
    endloop
  endfacet
  facet normal 0 0 -1
    outer loop
      vertex -8.14999 16.95 0
      vertex -6.69485 3.9783 0
      vertex -6.7 3.89999 0
    endloop
  endfacet
  facet normal 0 0 -1
    outer loop
      vertex 12.9882 29.9489 0
      vertex 12.6 30 0
      vertex 12.7958 29.9872 0
    endloop
  endfacet
  facet normal 0 0 -1
    outer loop
      vertex 13.6606 29.5607 0
      vertex 12.6 30 0
      vertex 13.5131 29.69 0
    endloop
  endfacet
  facet normal 0 0 -1
    outer loop
      vertex 14.0872 28.6958 0
      vertex 12.6 30 0
      vertex 14.0489 28.8882 0
    endloop
  endfacet
  facet normal 0 0 -1
    outer loop
      vertex 8.70432 26.6796 0
      vertex 12.6 30 0
      vertex 8.72955 26.6053 0
    endloop
  endfacet
  facet normal 0 0 -1
    outer loop
      vertex 8.66962 26.75 0
      vertex 12.6 30 0
      vertex 8.70432 26.6796 0
    endloop
  endfacet
  facet normal 0 0 -1
    outer loop
      vertex 8.62601 26.8152 0
      vertex 12.6 30 0
      vertex 8.66962 26.75 0
    endloop
  endfacet
  facet normal 0 0 -1
    outer loop
      vertex 8.57426 26.8743 0
      vertex 12.6 30 0
      vertex 8.62601 26.8152 0
    endloop
  endfacet
  facet normal 0 0 -1
    outer loop
      vertex 8.51524 26.926 0
      vertex 12.6 30 0
      vertex 8.57426 26.8743 0
    endloop
  endfacet
  facet normal 0 0 -1
    outer loop
      vertex 8.45 26.9696 0
      vertex 12.6 30 0
      vertex 8.51524 26.926 0
    endloop
  endfacet
  facet normal 0 0 -1
    outer loop
      vertex 8.37961 27.0043 0
      vertex 12.6 30 0
      vertex 8.45 26.9696 0
    endloop
  endfacet
  facet normal 0 0 -1
    outer loop
      vertex 8.30528 27.0295 0
      vertex 12.6 30 0
      vertex 8.37961 27.0043 0
    endloop
  endfacet
  facet normal 0 0 -1
    outer loop
      vertex 8.2283 27.0448 0
      vertex 12.6 30 0
      vertex 8.30528 27.0295 0
    endloop
  endfacet
  facet normal 0 0 -1
    outer loop
      vertex 8.14999 27.05 0
      vertex 12.6 30 0
      vertex 8.2283 27.0448 0
    endloop
  endfacet
  facet normal 0 0 -1
    outer loop
      vertex -8.14999 27.05 0
      vertex 12.6 30 0
      vertex 8.14999 27.05 0
    endloop
  endfacet
  facet normal 0 0 -1
    outer loop
      vertex -12.6 30 0
      vertex -8.14999 27.05 0
      vertex -8.2283 27.0448 0
    endloop
  endfacet
  facet normal 0 0 -1
    outer loop
      vertex -8.74486 17.4717 0
      vertex -14.1 28.5 0
      vertex -8.75 17.55 0
    endloop
  endfacet
  facet normal 0 0 -1
    outer loop
      vertex -8.14999 27.05 0
      vertex -12.6 30 0
      vertex 12.6 30 0
    endloop
  endfacet
  facet normal 0 0 -1
    outer loop
      vertex -8.30528 27.0295 0
      vertex -12.6 30 0
      vertex -8.2283 27.0448 0
    endloop
  endfacet
  facet normal 0 0 -1
    outer loop
      vertex -8.37961 27.0043 0
      vertex -12.6 30 0
      vertex -8.30528 27.0295 0
    endloop
  endfacet
  facet normal 0 0 -1
    outer loop
      vertex -8.45 26.9696 0
      vertex -12.6 30 0
      vertex -8.37961 27.0043 0
    endloop
  endfacet
  facet normal 0 0 -1
    outer loop
      vertex -8.51524 26.926 0
      vertex -12.6 30 0
      vertex -8.45 26.9696 0
    endloop
  endfacet
  facet normal 0 0 -1
    outer loop
      vertex -8.57426 26.8743 0
      vertex -12.6 30 0
      vertex -8.51524 26.926 0
    endloop
  endfacet
  facet normal 0 0 -1
    outer loop
      vertex -8.62601 26.8152 0
      vertex -12.6 30 0
      vertex -8.57426 26.8743 0
    endloop
  endfacet
  facet normal 0 0 -1
    outer loop
      vertex -8.66962 26.75 0
      vertex -12.6 30 0
      vertex -8.62601 26.8152 0
    endloop
  endfacet
  facet normal 0 0 -1
    outer loop
      vertex -8.70432 26.6796 0
      vertex -12.6 30 0
      vertex -8.66962 26.75 0
    endloop
  endfacet
  facet normal 0 0 -1
    outer loop
      vertex -8.72955 26.6053 0
      vertex -12.6 30 0
      vertex -8.70432 26.6796 0
    endloop
  endfacet
  facet normal 0 0 -1
    outer loop
      vertex -14.1 28.5 0
      vertex -8.72955 26.6053 0
      vertex -8.74486 26.5283 0
    endloop
  endfacet
  facet normal 0 0 -1
    outer loop
      vertex -8.75 17.55 0
      vertex -14.1 28.5 0
      vertex -8.75 26.45 0
    endloop
  endfacet
  facet normal 0 0 -1
    outer loop
      vertex -14.1 -0.5 0
      vertex -12.6 -2 0
      vertex -12.7958 -1.98717 0
    endloop
  endfacet
  facet normal 0 0 -1
    outer loop
      vertex -8.75 26.45 0
      vertex -14.1 28.5 0
      vertex -8.74486 26.5283 0
    endloop
  endfacet
  facet normal 0 0 -1
    outer loop
      vertex -14.1 -0.5 0
      vertex -12.7958 -1.98717 0
      vertex -12.9882 -1.94888 0
    endloop
  endfacet
  facet normal 0 0 -1
    outer loop
      vertex -8.72955 26.6053 0
      vertex -14.1 28.5 0
      vertex -12.6 30 0
    endloop
  endfacet
  facet normal 0 0 -1
    outer loop
      vertex -14.1 -0.5 0
      vertex -12.9882 -1.94888 0
      vertex -13.174 -1.88582 0
    endloop
  endfacet
  facet normal 0 0 -1
    outer loop
      vertex -12.6 30 0
      vertex -14.1 28.5 0
      vertex -12.7958 29.9872 0
    endloop
  endfacet
  facet normal 0 0 -1
    outer loop
      vertex -14.1 -0.5 0
      vertex -13.174 -1.88582 0
      vertex -13.35 -1.79904 0
    endloop
  endfacet
  facet normal 0 0 -1
    outer loop
      vertex -12.7958 29.9872 0
      vertex -14.1 28.5 0
      vertex -12.9882 29.9489 0
    endloop
  endfacet
  facet normal 0 0 -1
    outer loop
      vertex -14.1 -0.5 0
      vertex -13.35 -1.79904 0
      vertex -13.5131 -1.69003 0
    endloop
  endfacet
  facet normal 0 0 -1
    outer loop
      vertex -12.9882 29.9489 0
      vertex -14.1 28.5 0
      vertex -13.174 29.8858 0
    endloop
  endfacet
  facet normal 0 0 -1
    outer loop
      vertex -14.1 -0.5 0
      vertex -13.5131 -1.69003 0
      vertex -13.6606 -1.56065 0
    endloop
  endfacet
  facet normal 0 0 -1
    outer loop
      vertex -13.174 29.8858 0
      vertex -14.1 28.5 0
      vertex -13.35 29.799 0
    endloop
  endfacet
  facet normal 0 0 -1
    outer loop
      vertex -14.1 -0.5 0
      vertex -13.6606 -1.56065 0
      vertex -13.79 -1.41315 0
    endloop
  endfacet
  facet normal 0 0 -1
    outer loop
      vertex -13.35 29.799 0
      vertex -14.1 28.5 0
      vertex -13.5131 29.69 0
    endloop
  endfacet
  facet normal 0 0 -1
    outer loop
      vertex -14.1 -0.5 0
      vertex -13.79 -1.41315 0
      vertex -13.899 -1.25 0
    endloop
  endfacet
  facet normal 0 0 -1
    outer loop
      vertex -13.5131 29.69 0
      vertex -14.1 28.5 0
      vertex -13.6606 29.5607 0
    endloop
  endfacet
  facet normal 0 0 -1
    outer loop
      vertex -14.1 -0.5 0
      vertex -13.899 -1.25 0
      vertex -13.9858 -1.07402 0
    endloop
  endfacet
  facet normal 0 0 -1
    outer loop
      vertex -13.6606 29.5607 0
      vertex -14.1 28.5 0
      vertex -13.79 29.4131 0
    endloop
  endfacet
  facet normal 0 0 -1
    outer loop
      vertex -14.1 -0.5 0
      vertex -13.9858 -1.07402 0
      vertex -14.0489 -0.888229 0
    endloop
  endfacet
  facet normal 0 0 -1
    outer loop
      vertex -13.79 29.4131 0
      vertex -14.1 28.5 0
      vertex -13.899 29.25 0
    endloop
  endfacet
  facet normal 0 0 -1
    outer loop
      vertex -14.1 -0.5 0
      vertex -14.0489 -0.888229 0
      vertex -14.0872 -0.695786 0
    endloop
  endfacet
  facet normal 0 0 -1
    outer loop
      vertex -13.899 29.25 0
      vertex -14.1 28.5 0
      vertex -13.9858 29.074 0
    endloop
  endfacet
  facet normal 0 0 -1
    outer loop
      vertex -13.9858 29.074 0
      vertex -14.1 28.5 0
      vertex -14.0489 28.8882 0
    endloop
  endfacet
  facet normal 0 0 -1
    outer loop
      vertex -14.0489 28.8882 0
      vertex -14.1 28.5 0
      vertex -14.0872 28.6958 0
    endloop
  endfacet
  facet normal 0.94688 -0.321588 0
    outer loop
      vertex 13.9858 -1.07402 1.2
      vertex 14.0489 -0.888229 0
      vertex 14.0489 -0.888229 1.2
    endloop
  endfacet
  facet normal 0.94688 -0.321588 0
    outer loop
      vertex 14.0489 -0.888229 0
      vertex 13.9858 -1.07402 1.2
      vertex 13.9858 -1.07402 0
    endloop
  endfacet
  facet normal 0.89684 -0.442355 0
    outer loop
      vertex 13.899 -1.25 1.2
      vertex 13.9858 -1.07402 0
      vertex 13.9858 -1.07402 1.2
    endloop
  endfacet
  facet normal 0.89684 -0.442355 0
    outer loop
      vertex 13.9858 -1.07402 0
      vertex 13.899 -1.25 1.2
      vertex 13.899 -1.25 0
    endloop
  endfacet
  facet normal 0.321391 -0.946947 0
    outer loop
      vertex 12.9882 -1.94888 0
      vertex 13.174 -1.88582 1.2
      vertex 12.9882 -1.94888 1.2
    endloop
  endfacet
  facet normal 0.321391 -0.946947 0
    outer loop
      vertex 13.174 -1.88582 1.2
      vertex 12.9882 -1.94888 0
      vertex 13.174 -1.88582 0
    endloop
  endfacet
  facet normal 0.0654532 -0.997856 0
    outer loop
      vertex 11.35 -0.25 1.2
      vertex 11.4805 -0.24144 2.4
      vertex 11.35 -0.25 2.4
    endloop
  endfacet
  facet normal 0.0654532 -0.997856 0
    outer loop
      vertex 11.4805 -0.24144 2.4
      vertex 11.35 -0.25 1.2
      vertex 11.4805 -0.24144 1.2
    endloop
  endfacet
  facet normal 0.321403 -0.946943 0
    outer loop
      vertex 11.6088 -0.215927 1.2
      vertex 11.7327 -0.173874 2.4
      vertex 11.6088 -0.215927 2.4
    endloop
  endfacet
  facet normal 0.321403 -0.946943 0
    outer loop
      vertex 11.7327 -0.173874 2.4
      vertex 11.6088 -0.215927 1.2
      vertex 11.7327 -0.173874 1.2
    endloop
  endfacet
  facet normal 0.659501 -0.751704 0
    outer loop
      vertex 11.9588 -0.0433502 1.2
      vertex 12.0571 0.0428925 2.4
      vertex 11.9588 -0.0433502 2.4
    endloop
  endfacet
  facet normal 0.659501 -0.751704 0
    outer loop
      vertex 12.0571 0.0428925 2.4
      vertex 11.9588 -0.0433502 1.2
      vertex 12.0571 0.0428925 1.2
    endloop
  endfacet
  facet normal 0 -1 0
    outer loop
      vertex -6.7 -0.25 1.2
      vertex -11.35 -0.25 2.4
      vertex -11.35 -0.25 1.2
    endloop
  endfacet
  facet normal 0 -1 0
    outer loop
      vertex -11.35 -0.25 2.4
      vertex -6.7 -0.25 1.2
      vertex -5.89999 -0.25 2.4
    endloop
  endfacet
  facet normal 0 -1 -0
    outer loop
      vertex -5.89999 -0.25 2.4
      vertex -6.7 -0.25 1.2
      vertex -5.89999 -0.25 1.2
    endloop
  endfacet
  facet normal 0 -1 0
    outer loop
      vertex 6.7 -0.25 1.2
      vertex 5.89999 -0.25 2.4
      vertex 5.89999 -0.25 1.2
    endloop
  endfacet
  facet normal 0 -1 0
    outer loop
      vertex 5.89999 -0.25 2.4
      vertex 6.7 -0.25 1.2
      vertex 11.35 -0.25 2.4
    endloop
  endfacet
  facet normal 0 -1 -0
    outer loop
      vertex 11.35 -0.25 2.4
      vertex 6.7 -0.25 1.2
      vertex 11.35 -0.25 1.2
    endloop
  endfacet
  facet normal 0.195035 -0.980796 0
    outer loop
      vertex 11.4805 -0.24144 1.2
      vertex 11.6088 -0.215927 2.4
      vertex 11.4805 -0.24144 2.4
    endloop
  endfacet
  facet normal 0.195035 -0.980796 0
    outer loop
      vertex 11.6088 -0.215927 2.4
      vertex 11.4805 -0.24144 1.2
      vertex 11.6088 -0.215927 1.2
    endloop
  endfacet
  facet normal -0.997836 -0.0657457 0
    outer loop
      vertex -12.3414 0.619476 1.2
      vertex -12.35 0.75 2.4
      vertex -12.35 0.75 1.2
    endloop
  endfacet
  facet normal -0.997836 -0.0657457 0
    outer loop
      vertex -12.35 0.75 2.4
      vertex -12.3414 0.619476 1.2
      vertex -12.3414 0.619476 2.4
    endloop
  endfacet
  facet normal 0.896724 -0.442591 0
    outer loop
      vertex 12.216 0.25 2.4
      vertex 12.2739 0.36731 1.2
      vertex 12.2739 0.36731 2.4
    endloop
  endfacet
  facet normal 0.896724 -0.442591 0
    outer loop
      vertex 12.2739 0.36731 1.2
      vertex 12.216 0.25 2.4
      vertex 12.216 0.25 1.2
    endloop
  endfacet
  facet normal 0.896709 0.442621 0
    outer loop
      vertex 12.2739 27.6327 2.4
      vertex 12.216 27.75 1.2
      vertex 12.216 27.75 2.4
    endloop
  endfacet
  facet normal 0.896709 0.442621 0
    outer loop
      vertex 12.216 27.75 1.2
      vertex 12.2739 27.6327 2.4
      vertex 12.2739 27.6327 1.2
    endloop
  endfacet
  facet normal -1 0 0
    outer loop
      vertex -12.35 0.75 1.2
      vertex -12.35 27.25 2.4
      vertex -12.35 27.25 1.2
    endloop
  endfacet
  facet normal -1 -0 0
    outer loop
      vertex -12.35 27.25 2.4
      vertex -12.35 0.75 1.2
      vertex -12.35 0.75 2.4
    endloop
  endfacet
  facet normal -0.19494 0.980815 0
    outer loop
      vertex -11.4805 28.2414 1.2
      vertex -11.6088 28.2159 2.4
      vertex -11.4805 28.2414 2.4
    endloop
  endfacet
  facet normal -0.19494 0.980815 0
    outer loop
      vertex -11.6088 28.2159 2.4
      vertex -11.4805 28.2414 1.2
      vertex -11.6088 28.2159 1.2
    endloop
  endfacet
  facet normal -0.980815 0.19494 0
    outer loop
      vertex -12.3414 27.3805 1.2
      vertex -12.3159 27.5088 2.4
      vertex -12.3159 27.5088 1.2
    endloop
  endfacet
  facet normal -0.980815 0.19494 0
    outer loop
      vertex -12.3159 27.5088 2.4
      vertex -12.3414 27.3805 1.2
      vertex -12.3414 27.3805 2.4
    endloop
  endfacet
  facet normal -0.752007 -0.659155 0
    outer loop
      vertex -12.0571 0.0428925 1.2
      vertex -12.1433 0.141235 2.4
      vertex -12.1433 0.141235 1.2
    endloop
  endfacet
  facet normal -0.752007 -0.659155 0
    outer loop
      vertex -12.1433 0.141235 2.4
      vertex -12.0571 0.0428925 1.2
      vertex -12.0571 0.0428925 2.4
    endloop
  endfacet
  facet normal 1 -0 0
    outer loop
      vertex 12.35 0.75 2.4
      vertex 12.35 27.25 1.2
      vertex 12.35 27.25 2.4
    endloop
  endfacet
  facet normal 1 0 0
    outer loop
      vertex 12.35 27.25 1.2
      vertex 12.35 0.75 2.4
      vertex 12.35 0.75 1.2
    endloop
  endfacet
  facet normal 0.831379 -0.555705 0
    outer loop
      vertex 12.1433 0.141235 2.4
      vertex 12.216 0.25 1.2
      vertex 12.216 0.25 2.4
    endloop
  endfacet
  facet normal 0.831379 -0.555705 0
    outer loop
      vertex 12.216 0.25 1.2
      vertex 12.1433 0.141235 2.4
      vertex 12.1433 0.141235 1.2
    endloop
  endfacet
  facet normal -0.195035 -0.980796 0
    outer loop
      vertex -11.6088 -0.215927 1.2
      vertex -11.4805 -0.24144 2.4
      vertex -11.6088 -0.215927 2.4
    endloop
  endfacet
  facet normal -0.195035 -0.980796 -0
    outer loop
      vertex -11.4805 -0.24144 2.4
      vertex -11.6088 -0.215927 1.2
      vertex -11.4805 -0.24144 1.2
    endloop
  endfacet
  facet normal 0.442289 -0.896873 0
    outer loop
      vertex 11.7327 -0.173874 1.2
      vertex 11.85 -0.116028 2.4
      vertex 11.7327 -0.173874 2.4
    endloop
  endfacet
  facet normal 0.442289 -0.896873 0
    outer loop
      vertex 11.85 -0.116028 2.4
      vertex 11.7327 -0.173874 1.2
      vertex 11.85 -0.116028 1.2
    endloop
  endfacet
  facet normal 0.980815 0.19494 0
    outer loop
      vertex 12.3414 27.3805 2.4
      vertex 12.3159 27.5088 1.2
      vertex 12.3159 27.5088 2.4
    endloop
  endfacet
  facet normal 0.980815 0.19494 0
    outer loop
      vertex 12.3159 27.5088 1.2
      vertex 12.3414 27.3805 2.4
      vertex 12.3414 27.3805 1.2
    endloop
  endfacet
  facet normal 0.997836 -0.0657457 0
    outer loop
      vertex 12.3414 0.619476 2.4
      vertex 12.35 0.75 1.2
      vertex 12.35 0.75 2.4
    endloop
  endfacet
  facet normal 0.997836 -0.0657457 0
    outer loop
      vertex 12.35 0.75 1.2
      vertex 12.3414 0.619476 2.4
      vertex 12.3414 0.619476 1.2
    endloop
  endfacet
  facet normal -0.442289 -0.896873 0
    outer loop
      vertex -11.85 -0.116028 1.2
      vertex -11.7327 -0.173874 2.4
      vertex -11.85 -0.116028 2.4
    endloop
  endfacet
  facet normal -0.442289 -0.896873 -0
    outer loop
      vertex -11.7327 -0.173874 2.4
      vertex -11.85 -0.116028 1.2
      vertex -11.7327 -0.173874 1.2
    endloop
  endfacet
  facet normal -0.0657577 0.997836 0
    outer loop
      vertex -11.35 28.25 1.2
      vertex -11.4805 28.2414 2.4
      vertex -11.35 28.25 2.4
    endloop
  endfacet
  facet normal -0.0657577 0.997836 0
    outer loop
      vertex -11.4805 28.2414 2.4
      vertex -11.35 28.25 1.2
      vertex -11.4805 28.2414 1.2
    endloop
  endfacet
  facet normal -0.980814 -0.194946 0
    outer loop
      vertex -12.3159 0.49118 1.2
      vertex -12.3414 0.619476 2.4
      vertex -12.3414 0.619476 1.2
    endloop
  endfacet
  facet normal -0.980814 -0.194946 0
    outer loop
      vertex -12.3414 0.619476 2.4
      vertex -12.3159 0.49118 1.2
      vertex -12.3159 0.49118 2.4
    endloop
  endfacet
  facet normal 0 1 -0
    outer loop
      vertex 11.35 28.25 1.2
      vertex -11.35 28.25 2.4
      vertex 11.35 28.25 2.4
    endloop
  endfacet
  facet normal 0 1 0
    outer loop
      vertex -11.35 28.25 2.4
      vertex 11.35 28.25 1.2
      vertex -11.35 28.25 1.2
    endloop
  endfacet
  facet normal -0.659501 -0.751704 0
    outer loop
      vertex -12.0571 0.0428925 1.2
      vertex -11.9588 -0.0433502 2.4
      vertex -12.0571 0.0428925 2.4
    endloop
  endfacet
  facet normal -0.659501 -0.751704 -0
    outer loop
      vertex -11.9588 -0.0433502 2.4
      vertex -12.0571 0.0428925 1.2
      vertex -11.9588 -0.0433502 1.2
    endloop
  endfacet
  facet normal 0.947066 0.321039 0
    outer loop
      vertex 12.3159 27.5088 2.4
      vertex 12.2739 27.6327 1.2
      vertex 12.2739 27.6327 2.4
    endloop
  endfacet
  facet normal 0.947066 0.321039 0
    outer loop
      vertex 12.2739 27.6327 1.2
      vertex 12.3159 27.5088 2.4
      vertex 12.3159 27.5088 1.2
    endloop
  endfacet
  facet normal -0.0654532 -0.997856 0
    outer loop
      vertex -11.4805 -0.24144 1.2
      vertex -11.35 -0.25 2.4
      vertex -11.4805 -0.24144 2.4
    endloop
  endfacet
  facet normal -0.0654532 -0.997856 -0
    outer loop
      vertex -11.35 -0.25 2.4
      vertex -11.4805 -0.24144 1.2
      vertex -11.35 -0.25 1.2
    endloop
  endfacet
  facet normal 0.997836 0.0657577 0
    outer loop
      vertex 12.35 27.25 2.4
      vertex 12.3414 27.3805 1.2
      vertex 12.3414 27.3805 2.4
    endloop
  endfacet
  facet normal 0.997836 0.0657577 0
    outer loop
      vertex 12.3414 27.3805 1.2
      vertex 12.35 27.25 2.4
      vertex 12.35 27.25 1.2
    endloop
  endfacet
  facet normal 0 0 1
    outer loop
      vertex 12.35 0.75 2.4
      vertex 5.89485 3.1783 2.4
      vertex 5.89999 3.09999 2.4
    endloop
  endfacet
  facet normal 0 0 1
    outer loop
      vertex 7.4283 17.7551 2.4
      vertex 5.87955 3.25528 2.4
      vertex 5.89485 3.1783 2.4
    endloop
  endfacet
  facet normal 0 0 1
    outer loop
      vertex 7.4283 17.7551 2.4
      vertex 5.85431 3.32961 2.4
      vertex 5.87955 3.25528 2.4
    endloop
  endfacet
  facet normal 0 0 1
    outer loop
      vertex 7.4283 17.7551 2.4
      vertex 5.81961 3.39999 2.4
      vertex 5.85431 3.32961 2.4
    endloop
  endfacet
  facet normal 0 0 1
    outer loop
      vertex 7.4283 17.7551 2.4
      vertex 5.776 3.46524 2.4
      vertex 5.81961 3.39999 2.4
    endloop
  endfacet
  facet normal 0 0 1
    outer loop
      vertex 7.4283 17.7551 2.4
      vertex 5.72426 3.52426 2.4
      vertex 5.776 3.46524 2.4
    endloop
  endfacet
  facet normal 0 0 1
    outer loop
      vertex 7.4283 17.7551 2.4
      vertex 5.66524 3.576 2.4
      vertex 5.72426 3.52426 2.4
    endloop
  endfacet
  facet normal 0 0 1
    outer loop
      vertex 7.4283 17.7551 2.4
      vertex 5.59999 3.61961 2.4
      vertex 5.66524 3.576 2.4
    endloop
  endfacet
  facet normal 0 0 1
    outer loop
      vertex 7.4283 17.7551 2.4
      vertex 5.5296 3.65431 2.4
      vertex 5.59999 3.61961 2.4
    endloop
  endfacet
  facet normal 0 0 1
    outer loop
      vertex 7.34999 17.75 2.4
      vertex 5.45528 3.67955 2.4
      vertex 5.5296 3.65431 2.4
    endloop
  endfacet
  facet normal 0 0 1
    outer loop
      vertex 7.34999 17.75 2.4
      vertex 5.3783 3.69485 2.4
      vertex 5.45528 3.67955 2.4
    endloop
  endfacet
  facet normal 0 0 1
    outer loop
      vertex 7.34999 17.75 2.4
      vertex 5.29999 3.7 2.4
      vertex 5.3783 3.69485 2.4
    endloop
  endfacet
  facet normal 0 0 1
    outer loop
      vertex 7.34999 17.75 2.4
      vertex -5.29999 3.7 2.4
      vertex 5.29999 3.7 2.4
    endloop
  endfacet
  facet normal -0 0 1
    outer loop
      vertex -7.34999 17.75 2.4
      vertex -5.29999 3.7 2.4
      vertex 7.34999 17.75 2.4
    endloop
  endfacet
  facet normal 0 0 1
    outer loop
      vertex -5.29999 3.7 2.4
      vertex -7.34999 17.75 2.4
      vertex -5.3783 3.69485 2.4
    endloop
  endfacet
  facet normal 0 0 1
    outer loop
      vertex -5.3783 3.69485 2.4
      vertex -7.34999 17.75 2.4
      vertex -5.45528 3.67955 2.4
    endloop
  endfacet
  facet normal 0 0 1
    outer loop
      vertex -5.45528 3.67955 2.4
      vertex -7.34999 17.75 2.4
      vertex -5.5296 3.65431 2.4
    endloop
  endfacet
  facet normal 0 0 1
    outer loop
      vertex -7.4283 17.7551 2.4
      vertex -5.5296 3.65431 2.4
      vertex -7.34999 17.75 2.4
    endloop
  endfacet
  facet normal 0 0 1
    outer loop
      vertex -5.5296 3.65431 2.4
      vertex -7.4283 17.7551 2.4
      vertex -5.59999 3.61961 2.4
    endloop
  endfacet
  facet normal 0 0 1
    outer loop
      vertex -7.50528 17.7704 2.4
      vertex -5.59999 3.61961 2.4
      vertex -7.4283 17.7551 2.4
    endloop
  endfacet
  facet normal 0 0 1
    outer loop
      vertex -5.59999 3.61961 2.4
      vertex -7.50528 17.7704 2.4
      vertex -5.66524 3.576 2.4
    endloop
  endfacet
  facet normal 0 0 1
    outer loop
      vertex -7.57961 17.7957 2.4
      vertex -5.66524 3.576 2.4
      vertex -7.50528 17.7704 2.4
    endloop
  endfacet
  facet normal 0 0 1
    outer loop
      vertex -5.66524 3.576 2.4
      vertex -7.57961 17.7957 2.4
      vertex -5.72426 3.52426 2.4
    endloop
  endfacet
  facet normal 0 0 1
    outer loop
      vertex -7.64999 17.8304 2.4
      vertex -5.72426 3.52426 2.4
      vertex -7.57961 17.7957 2.4
    endloop
  endfacet
  facet normal 0 0 1
    outer loop
      vertex -12.35 0.75 2.4
      vertex -5.72426 3.52426 2.4
      vertex -7.64999 17.8304 2.4
    endloop
  endfacet
  facet normal 0 0 1
    outer loop
      vertex -5.72426 3.52426 2.4
      vertex -12.35 0.75 2.4
      vertex -5.776 3.46524 2.4
    endloop
  endfacet
  facet normal 0 0 1
    outer loop
      vertex -5.776 3.46524 2.4
      vertex -12.35 0.75 2.4
      vertex -5.81961 3.39999 2.4
    endloop
  endfacet
  facet normal 0 0 1
    outer loop
      vertex -5.81961 3.39999 2.4
      vertex -12.35 0.75 2.4
      vertex -5.85431 3.32961 2.4
    endloop
  endfacet
  facet normal 0 0 1
    outer loop
      vertex -5.85431 3.32961 2.4
      vertex -12.35 0.75 2.4
      vertex -5.87955 3.25528 2.4
    endloop
  endfacet
  facet normal 0 0 1
    outer loop
      vertex -5.87955 3.25528 2.4
      vertex -12.35 0.75 2.4
      vertex -5.89485 3.1783 2.4
    endloop
  endfacet
  facet normal 0 0 1
    outer loop
      vertex -5.89485 3.1783 2.4
      vertex -12.35 0.75 2.4
      vertex -5.89999 3.09999 2.4
    endloop
  endfacet
  facet normal 0 0 1
    outer loop
      vertex -12.35 0.75 2.4
      vertex -7.64999 17.8304 2.4
      vertex -7.71524 17.874 2.4
    endloop
  endfacet
  facet normal 0 0 1
    outer loop
      vertex -12.35 0.75 2.4
      vertex -7.71524 17.874 2.4
      vertex -7.77426 17.9257 2.4
    endloop
  endfacet
  facet normal 0 0 1
    outer loop
      vertex -12.35 0.75 2.4
      vertex -7.77426 17.9257 2.4
      vertex -7.826 17.9848 2.4
    endloop
  endfacet
  facet normal 0 0 1
    outer loop
      vertex -12.35 0.75 2.4
      vertex -7.826 17.9848 2.4
      vertex -7.86961 18.05 2.4
    endloop
  endfacet
  facet normal 0 0 1
    outer loop
      vertex -12.35 0.75 2.4
      vertex -7.86961 18.05 2.4
      vertex -7.90431 18.1204 2.4
    endloop
  endfacet
  facet normal 0 0 1
    outer loop
      vertex -12.35 0.75 2.4
      vertex -7.90431 18.1204 2.4
      vertex -7.92955 18.1947 2.4
    endloop
  endfacet
  facet normal 0 0 1
    outer loop
      vertex -12.35 27.25 2.4
      vertex -7.92955 18.1947 2.4
      vertex -7.94485 18.2717 2.4
    endloop
  endfacet
  facet normal 0 0 1
    outer loop
      vertex -7.95 25.65 2.4
      vertex -12.35 27.25 2.4
      vertex -7.95 18.35 2.4
    endloop
  endfacet
  facet normal 0 0 1
    outer loop
      vertex -7.95 18.35 2.4
      vertex -12.35 27.25 2.4
      vertex -7.94485 18.2717 2.4
    endloop
  endfacet
  facet normal 0 0 1
    outer loop
      vertex -7.92955 18.1947 2.4
      vertex -12.35 27.25 2.4
      vertex -12.35 0.75 2.4
    endloop
  endfacet
  facet normal 0 0 1
    outer loop
      vertex -12.35 27.25 2.4
      vertex -11.35 28.25 2.4
      vertex -11.4805 28.2414 2.4
    endloop
  endfacet
  facet normal 0 -0 1
    outer loop
      vertex -11.35 -0.25 2.4
      vertex -5.89999 3.09999 2.4
      vertex -12.35 0.75 2.4
    endloop
  endfacet
  facet normal 0 0 1
    outer loop
      vertex -12.35 27.25 2.4
      vertex -11.4805 28.2414 2.4
      vertex -11.6088 28.2159 2.4
    endloop
  endfacet
  facet normal 0 0 1
    outer loop
      vertex -5.89999 3.09999 2.4
      vertex -11.35 -0.25 2.4
      vertex -5.89999 -0.25 2.4
    endloop
  endfacet
  facet normal 0 0 1
    outer loop
      vertex -12.35 27.25 2.4
      vertex -11.6088 28.2159 2.4
      vertex -11.7327 28.1739 2.4
    endloop
  endfacet
  facet normal 0 0 1
    outer loop
      vertex -11.35 -0.25 2.4
      vertex -12.35 0.75 2.4
      vertex -11.4805 -0.24144 2.4
    endloop
  endfacet
  facet normal 0 0 1
    outer loop
      vertex -12.35 27.25 2.4
      vertex -11.7327 28.1739 2.4
      vertex -11.85 28.116 2.4
    endloop
  endfacet
  facet normal 0 0 1
    outer loop
      vertex -11.4805 -0.24144 2.4
      vertex -12.35 0.75 2.4
      vertex -11.6088 -0.215927 2.4
    endloop
  endfacet
  facet normal 0 0 1
    outer loop
      vertex -12.35 27.25 2.4
      vertex -11.85 28.116 2.4
      vertex -11.9588 28.0434 2.4
    endloop
  endfacet
  facet normal 0 0 1
    outer loop
      vertex -11.6088 -0.215927 2.4
      vertex -12.35 0.75 2.4
      vertex -11.7327 -0.173874 2.4
    endloop
  endfacet
  facet normal 0 0 1
    outer loop
      vertex -12.35 27.25 2.4
      vertex -11.9588 28.0434 2.4
      vertex -12.0571 27.9571 2.4
    endloop
  endfacet
  facet normal 0 0 1
    outer loop
      vertex -11.7327 -0.173874 2.4
      vertex -12.35 0.75 2.4
      vertex -11.85 -0.116028 2.4
    endloop
  endfacet
  facet normal 0 0 1
    outer loop
      vertex -12.35 27.25 2.4
      vertex -12.0571 27.9571 2.4
      vertex -12.1433 27.8588 2.4
    endloop
  endfacet
  facet normal 0 0 1
    outer loop
      vertex -11.85 -0.116028 2.4
      vertex -12.35 0.75 2.4
      vertex -11.9588 -0.0433502 2.4
    endloop
  endfacet
  facet normal 0 0 1
    outer loop
      vertex -12.35 27.25 2.4
      vertex -12.1433 27.8588 2.4
      vertex -12.216 27.75 2.4
    endloop
  endfacet
  facet normal 0 0 1
    outer loop
      vertex -11.9588 -0.0433502 2.4
      vertex -12.35 0.75 2.4
      vertex -12.0571 0.0428925 2.4
    endloop
  endfacet
  facet normal 0 0 1
    outer loop
      vertex -12.35 27.25 2.4
      vertex -12.216 27.75 2.4
      vertex -12.2739 27.6327 2.4
    endloop
  endfacet
  facet normal 0 0 1
    outer loop
      vertex -12.0571 0.0428925 2.4
      vertex -12.35 0.75 2.4
      vertex -12.1433 0.141235 2.4
    endloop
  endfacet
  facet normal 0 0 1
    outer loop
      vertex -12.35 27.25 2.4
      vertex -12.2739 27.6327 2.4
      vertex -12.3159 27.5088 2.4
    endloop
  endfacet
  facet normal 0 0 1
    outer loop
      vertex -12.1433 0.141235 2.4
      vertex -12.35 0.75 2.4
      vertex -12.216 0.25 2.4
    endloop
  endfacet
  facet normal 0 0 1
    outer loop
      vertex -12.35 27.25 2.4
      vertex -12.3159 27.5088 2.4
      vertex -12.3414 27.3805 2.4
    endloop
  endfacet
  facet normal 0 0 1
    outer loop
      vertex -12.216 0.25 2.4
      vertex -12.35 0.75 2.4
      vertex -12.2739 0.36731 2.4
    endloop
  endfacet
  facet normal 0 0 1
    outer loop
      vertex -12.2739 0.36731 2.4
      vertex -12.35 0.75 2.4
      vertex -12.3159 0.49118 2.4
    endloop
  endfacet
  facet normal 0 0 1
    outer loop
      vertex -12.3159 0.49118 2.4
      vertex -12.35 0.75 2.4
      vertex -12.3414 0.619476 2.4
    endloop
  endfacet
  facet normal 0 0 1
    outer loop
      vertex 11.35 28.25 2.4
      vertex 12.35 27.25 2.4
      vertex 12.3414 27.3805 2.4
    endloop
  endfacet
  facet normal 0 0 1
    outer loop
      vertex 7.92955 18.1947 2.4
      vertex 12.35 27.25 2.4
      vertex 7.94485 18.2717 2.4
    endloop
  endfacet
  facet normal 0 0 1
    outer loop
      vertex 11.35 28.25 2.4
      vertex 12.3414 27.3805 2.4
      vertex 12.3159 27.5088 2.4
    endloop
  endfacet
  facet normal 0 0 1
    outer loop
      vertex 12.35 27.25 2.4
      vertex 7.92955 18.1947 2.4
      vertex 12.35 0.75 2.4
    endloop
  endfacet
  facet normal 0 0 1
    outer loop
      vertex 11.35 28.25 2.4
      vertex 12.3159 27.5088 2.4
      vertex 12.2739 27.6327 2.4
    endloop
  endfacet
  facet normal -0 0 1
    outer loop
      vertex 7.90431 18.1204 2.4
      vertex 12.35 0.75 2.4
      vertex 7.92955 18.1947 2.4
    endloop
  endfacet
  facet normal 0 0 1
    outer loop
      vertex 11.35 28.25 2.4
      vertex 12.2739 27.6327 2.4
      vertex 12.216 27.75 2.4
    endloop
  endfacet
  facet normal -0 0 1
    outer loop
      vertex 7.86961 18.05 2.4
      vertex 12.35 0.75 2.4
      vertex 7.90431 18.1204 2.4
    endloop
  endfacet
  facet normal 0 0 1
    outer loop
      vertex 11.35 28.25 2.4
      vertex 12.216 27.75 2.4
      vertex 12.1433 27.8588 2.4
    endloop
  endfacet
  facet normal -0 0 1
    outer loop
      vertex 7.826 17.9848 2.4
      vertex 12.35 0.75 2.4
      vertex 7.86961 18.05 2.4
    endloop
  endfacet
  facet normal 0 0 1
    outer loop
      vertex 11.35 28.25 2.4
      vertex 12.1433 27.8588 2.4
      vertex 12.0571 27.9571 2.4
    endloop
  endfacet
  facet normal -0 0 1
    outer loop
      vertex 7.77426 17.9257 2.4
      vertex 12.35 0.75 2.4
      vertex 7.826 17.9848 2.4
    endloop
  endfacet
  facet normal 0 0 1
    outer loop
      vertex 11.35 28.25 2.4
      vertex 12.0571 27.9571 2.4
      vertex 11.9588 28.0434 2.4
    endloop
  endfacet
  facet normal -0 0 1
    outer loop
      vertex 7.71524 17.874 2.4
      vertex 12.35 0.75 2.4
      vertex 7.77426 17.9257 2.4
    endloop
  endfacet
  facet normal 0 0 1
    outer loop
      vertex 11.35 28.25 2.4
      vertex 11.9588 28.0434 2.4
      vertex 11.85 28.116 2.4
    endloop
  endfacet
  facet normal -0 0 1
    outer loop
      vertex 7.64999 17.8304 2.4
      vertex 12.35 0.75 2.4
      vertex 7.71524 17.874 2.4
    endloop
  endfacet
  facet normal 0 0 1
    outer loop
      vertex 11.35 28.25 2.4
      vertex 11.85 28.116 2.4
      vertex 11.7327 28.1739 2.4
    endloop
  endfacet
  facet normal -0 0 1
    outer loop
      vertex 5.89485 3.1783 2.4
      vertex 12.35 0.75 2.4
      vertex 7.64999 17.8304 2.4
    endloop
  endfacet
  facet normal 0 0 1
    outer loop
      vertex 11.35 28.25 2.4
      vertex 11.7327 28.1739 2.4
      vertex 11.6088 28.2159 2.4
    endloop
  endfacet
  facet normal 0 -0 1
    outer loop
      vertex 11.35 -0.25 2.4
      vertex 12.35 0.75 2.4
      vertex 5.89999 3.09999 2.4
    endloop
  endfacet
  facet normal 0 0 1
    outer loop
      vertex 11.35 28.25 2.4
      vertex 11.6088 28.2159 2.4
      vertex 11.4805 28.2414 2.4
    endloop
  endfacet
  facet normal 0 0 1
    outer loop
      vertex 12.35 0.75 2.4
      vertex 11.35 -0.25 2.4
      vertex 12.3414 0.619476 2.4
    endloop
  endfacet
  facet normal 0 0 1
    outer loop
      vertex 12.35 27.25 2.4
      vertex 11.35 28.25 2.4
      vertex 7.94485 25.7283 2.4
    endloop
  endfacet
  facet normal 0 0 1
    outer loop
      vertex 12.3414 0.619476 2.4
      vertex 11.35 -0.25 2.4
      vertex 12.3159 0.49118 2.4
    endloop
  endfacet
  facet normal 0 0 1
    outer loop
      vertex 12.35 27.25 2.4
      vertex 7.95 25.65 2.4
      vertex 7.95 18.35 2.4
    endloop
  endfacet
  facet normal 0 0 1
    outer loop
      vertex 12.35 27.25 2.4
      vertex 7.94485 25.7283 2.4
      vertex 7.95 25.65 2.4
    endloop
  endfacet
  facet normal 0 0 1
    outer loop
      vertex 11.35 28.25 2.4
      vertex 7.92955 25.8053 2.4
      vertex 7.94485 25.7283 2.4
    endloop
  endfacet
  facet normal 0 0 1
    outer loop
      vertex 11.35 28.25 2.4
      vertex 7.90431 25.8796 2.4
      vertex 7.92955 25.8053 2.4
    endloop
  endfacet
  facet normal 0 0 1
    outer loop
      vertex 11.35 28.25 2.4
      vertex 7.86961 25.95 2.4
      vertex 7.90431 25.8796 2.4
    endloop
  endfacet
  facet normal 0 0 1
    outer loop
      vertex 11.35 28.25 2.4
      vertex 7.826 26.0152 2.4
      vertex 7.86961 25.95 2.4
    endloop
  endfacet
  facet normal 0 0 1
    outer loop
      vertex 11.35 28.25 2.4
      vertex 7.77426 26.0743 2.4
      vertex 7.826 26.0152 2.4
    endloop
  endfacet
  facet normal 0 0 1
    outer loop
      vertex 11.35 28.25 2.4
      vertex 7.71524 26.126 2.4
      vertex 7.77426 26.0743 2.4
    endloop
  endfacet
  facet normal 0 0 1
    outer loop
      vertex 11.35 28.25 2.4
      vertex 7.64999 26.1696 2.4
      vertex 7.71524 26.126 2.4
    endloop
  endfacet
  facet normal 0 0 1
    outer loop
      vertex 11.35 28.25 2.4
      vertex 7.57961 26.2043 2.4
      vertex 7.64999 26.1696 2.4
    endloop
  endfacet
  facet normal 0 0 1
    outer loop
      vertex 11.35 28.25 2.4
      vertex 7.50528 26.2296 2.4
      vertex 7.57961 26.2043 2.4
    endloop
  endfacet
  facet normal 0 0 1
    outer loop
      vertex 11.35 28.25 2.4
      vertex 7.4283 26.2449 2.4
      vertex 7.50528 26.2296 2.4
    endloop
  endfacet
  facet normal 0 0 1
    outer loop
      vertex 11.35 28.25 2.4
      vertex 7.34999 26.25 2.4
      vertex 7.4283 26.2449 2.4
    endloop
  endfacet
  facet normal 0 0 1
    outer loop
      vertex 11.35 28.25 2.4
      vertex -7.34999 26.25 2.4
      vertex 7.34999 26.25 2.4
    endloop
  endfacet
  facet normal -0 0 1
    outer loop
      vertex -11.35 28.25 2.4
      vertex -7.34999 26.25 2.4
      vertex 11.35 28.25 2.4
    endloop
  endfacet
  facet normal 0 0 1
    outer loop
      vertex -7.94485 25.7283 2.4
      vertex -12.35 27.25 2.4
      vertex -7.95 25.65 2.4
    endloop
  endfacet
  facet normal -0 0 1
    outer loop
      vertex -12.35 27.25 2.4
      vertex -7.94485 25.7283 2.4
      vertex -11.35 28.25 2.4
    endloop
  endfacet
  facet normal 0 0 1
    outer loop
      vertex -7.92955 25.8053 2.4
      vertex -11.35 28.25 2.4
      vertex -7.94485 25.7283 2.4
    endloop
  endfacet
  facet normal 0 0 1
    outer loop
      vertex -7.90431 25.8796 2.4
      vertex -11.35 28.25 2.4
      vertex -7.92955 25.8053 2.4
    endloop
  endfacet
  facet normal 0 0 1
    outer loop
      vertex -7.86961 25.95 2.4
      vertex -11.35 28.25 2.4
      vertex -7.90431 25.8796 2.4
    endloop
  endfacet
  facet normal 0 0 1
    outer loop
      vertex -7.826 26.0152 2.4
      vertex -11.35 28.25 2.4
      vertex -7.86961 25.95 2.4
    endloop
  endfacet
  facet normal 0 0 1
    outer loop
      vertex -7.77426 26.0743 2.4
      vertex -11.35 28.25 2.4
      vertex -7.826 26.0152 2.4
    endloop
  endfacet
  facet normal 0 0 1
    outer loop
      vertex -7.71524 26.126 2.4
      vertex -11.35 28.25 2.4
      vertex -7.77426 26.0743 2.4
    endloop
  endfacet
  facet normal 0 0 1
    outer loop
      vertex -7.64999 26.1696 2.4
      vertex -11.35 28.25 2.4
      vertex -7.71524 26.126 2.4
    endloop
  endfacet
  facet normal 0 0 1
    outer loop
      vertex -7.57961 26.2043 2.4
      vertex -11.35 28.25 2.4
      vertex -7.64999 26.1696 2.4
    endloop
  endfacet
  facet normal 0 0 1
    outer loop
      vertex -7.50528 26.2296 2.4
      vertex -11.35 28.25 2.4
      vertex -7.57961 26.2043 2.4
    endloop
  endfacet
  facet normal 0 0 1
    outer loop
      vertex -7.4283 26.2449 2.4
      vertex -11.35 28.25 2.4
      vertex -7.50528 26.2296 2.4
    endloop
  endfacet
  facet normal 0 0 1
    outer loop
      vertex -7.34999 26.25 2.4
      vertex -11.35 28.25 2.4
      vertex -7.4283 26.2449 2.4
    endloop
  endfacet
  facet normal 0 0 1
    outer loop
      vertex 12.35 27.25 2.4
      vertex 7.95 18.35 2.4
      vertex 7.94485 18.2717 2.4
    endloop
  endfacet
  facet normal 0 0 1
    outer loop
      vertex 12.3159 0.49118 2.4
      vertex 11.35 -0.25 2.4
      vertex 12.2739 0.36731 2.4
    endloop
  endfacet
  facet normal 0 0 1
    outer loop
      vertex 12.216 0.25 2.4
      vertex 11.35 -0.25 2.4
      vertex 12.1433 0.141235 2.4
    endloop
  endfacet
  facet normal 0 0 1
    outer loop
      vertex 12.1433 0.141235 2.4
      vertex 11.35 -0.25 2.4
      vertex 12.0571 0.0428925 2.4
    endloop
  endfacet
  facet normal 0 0 1
    outer loop
      vertex 12.0571 0.0428925 2.4
      vertex 11.35 -0.25 2.4
      vertex 11.9588 -0.0433502 2.4
    endloop
  endfacet
  facet normal 0 0 1
    outer loop
      vertex 11.9588 -0.0433502 2.4
      vertex 11.35 -0.25 2.4
      vertex 11.85 -0.116028 2.4
    endloop
  endfacet
  facet normal 0 0 1
    outer loop
      vertex 11.85 -0.116028 2.4
      vertex 11.35 -0.25 2.4
      vertex 11.7327 -0.173874 2.4
    endloop
  endfacet
  facet normal 0 0 1
    outer loop
      vertex 11.7327 -0.173874 2.4
      vertex 11.35 -0.25 2.4
      vertex 11.6088 -0.215927 2.4
    endloop
  endfacet
  facet normal 0 0 1
    outer loop
      vertex 12.2739 0.36731 2.4
      vertex 11.35 -0.25 2.4
      vertex 12.216 0.25 2.4
    endloop
  endfacet
  facet normal 0 0 1
    outer loop
      vertex 5.89485 3.1783 2.4
      vertex 7.64999 17.8304 2.4
      vertex 7.57961 17.7957 2.4
    endloop
  endfacet
  facet normal 0 0 1
    outer loop
      vertex 5.89485 3.1783 2.4
      vertex 7.57961 17.7957 2.4
      vertex 7.50528 17.7704 2.4
    endloop
  endfacet
  facet normal 0 0 1
    outer loop
      vertex 5.89485 3.1783 2.4
      vertex 7.50528 17.7704 2.4
      vertex 7.4283 17.7551 2.4
    endloop
  endfacet
  facet normal 0 0 1
    outer loop
      vertex 5.5296 3.65431 2.4
      vertex 7.4283 17.7551 2.4
      vertex 7.34999 17.75 2.4
    endloop
  endfacet
  facet normal 0 0 1
    outer loop
      vertex 11.6088 -0.215927 2.4
      vertex 11.35 -0.25 2.4
      vertex 11.4805 -0.24144 2.4
    endloop
  endfacet
  facet normal 0 0 1
    outer loop
      vertex 11.35 -0.25 2.4
      vertex 5.89999 3.09999 2.4
      vertex 5.89999 -0.25 2.4
    endloop
  endfacet
  facet normal -0.442621 0.896709 0
    outer loop
      vertex -11.7327 28.1739 1.2
      vertex -11.85 28.116 2.4
      vertex -11.7327 28.1739 2.4
    endloop
  endfacet
  facet normal -0.442621 0.896709 0
    outer loop
      vertex -11.85 28.116 2.4
      vertex -11.7327 28.1739 1.2
      vertex -11.85 28.116 1.2
    endloop
  endfacet
  facet normal -0.896724 -0.442591 0
    outer loop
      vertex -12.216 0.25 1.2
      vertex -12.2739 0.36731 2.4
      vertex -12.2739 0.36731 1.2
    endloop
  endfacet
  facet normal -0.896724 -0.442591 0
    outer loop
      vertex -12.2739 0.36731 2.4
      vertex -12.216 0.25 1.2
      vertex -12.216 0.25 2.4
    endloop
  endfacet
  facet normal -0.555464 -0.83154 0
    outer loop
      vertex -11.9588 -0.0433502 1.2
      vertex -11.85 -0.116028 2.4
      vertex -11.9588 -0.0433502 2.4
    endloop
  endfacet
  facet normal -0.555464 -0.83154 -0
    outer loop
      vertex -11.85 -0.116028 2.4
      vertex -11.9588 -0.0433502 1.2
      vertex -11.85 -0.116028 1.2
    endloop
  endfacet
  facet normal 0.19494 0.980815 -0
    outer loop
      vertex 11.6088 28.2159 1.2
      vertex 11.4805 28.2414 2.4
      vertex 11.6088 28.2159 2.4
    endloop
  endfacet
  facet normal 0.19494 0.980815 0
    outer loop
      vertex 11.4805 28.2414 2.4
      vertex 11.6088 28.2159 1.2
      vertex 11.4805 28.2414 1.2
    endloop
  endfacet
  facet normal 0.555464 -0.83154 0
    outer loop
      vertex 11.85 -0.116028 1.2
      vertex 11.9588 -0.0433502 2.4
      vertex 11.85 -0.116028 2.4
    endloop
  endfacet
  facet normal 0.555464 -0.83154 0
    outer loop
      vertex 11.9588 -0.0433502 2.4
      vertex 11.85 -0.116028 1.2
      vertex 11.9588 -0.0433502 1.2
    endloop
  endfacet
  facet normal -0.947042 -0.321109 0
    outer loop
      vertex -12.2739 0.36731 1.2
      vertex -12.3159 0.49118 2.4
      vertex -12.3159 0.49118 1.2
    endloop
  endfacet
  facet normal -0.947042 -0.321109 0
    outer loop
      vertex -12.3159 0.49118 2.4
      vertex -12.2739 0.36731 1.2
      vertex -12.2739 0.36731 2.4
    endloop
  endfacet
  facet normal 0.321039 0.947066 -0
    outer loop
      vertex 11.7327 28.1739 1.2
      vertex 11.6088 28.2159 2.4
      vertex 11.7327 28.1739 2.4
    endloop
  endfacet
  facet normal 0.321039 0.947066 0
    outer loop
      vertex 11.6088 28.2159 2.4
      vertex 11.7327 28.1739 1.2
      vertex 11.6088 28.2159 1.2
    endloop
  endfacet
  facet normal 0.947042 -0.321109 0
    outer loop
      vertex 12.2739 0.36731 2.4
      vertex 12.3159 0.49118 1.2
      vertex 12.3159 0.49118 2.4
    endloop
  endfacet
  facet normal 0.947042 -0.321109 0
    outer loop
      vertex 12.3159 0.49118 1.2
      vertex 12.2739 0.36731 2.4
      vertex 12.2739 0.36731 1.2
    endloop
  endfacet
  facet normal 0.555053 0.831815 -0
    outer loop
      vertex 11.9588 28.0434 1.2
      vertex 11.85 28.116 2.4
      vertex 11.9588 28.0434 2.4
    endloop
  endfacet
  facet normal 0.555053 0.831815 0
    outer loop
      vertex 11.85 28.116 2.4
      vertex 11.9588 28.0434 1.2
      vertex 11.85 28.116 1.2
    endloop
  endfacet
  facet normal 0.0657577 0.997836 -0
    outer loop
      vertex 11.4805 28.2414 1.2
      vertex 11.35 28.25 2.4
      vertex 11.4805 28.2414 2.4
    endloop
  endfacet
  facet normal 0.0657577 0.997836 0
    outer loop
      vertex 11.35 28.25 2.4
      vertex 11.4805 28.2414 1.2
      vertex 11.35 28.25 1.2
    endloop
  endfacet
  facet normal -0.321403 -0.946943 0
    outer loop
      vertex -11.7327 -0.173874 1.2
      vertex -11.6088 -0.215927 2.4
      vertex -11.7327 -0.173874 2.4
    endloop
  endfacet
  facet normal -0.321403 -0.946943 -0
    outer loop
      vertex -11.6088 -0.215927 2.4
      vertex -11.7327 -0.173874 1.2
      vertex -11.6088 -0.215927 1.2
    endloop
  endfacet
  facet normal -0.321039 0.947066 0
    outer loop
      vertex -11.6088 28.2159 1.2
      vertex -11.7327 28.1739 2.4
      vertex -11.6088 28.2159 2.4
    endloop
  endfacet
  facet normal -0.321039 0.947066 0
    outer loop
      vertex -11.7327 28.1739 2.4
      vertex -11.6088 28.2159 1.2
      vertex -11.7327 28.1739 1.2
    endloop
  endfacet
  facet normal -0.997836 0.0657577 0
    outer loop
      vertex -12.35 27.25 1.2
      vertex -12.3414 27.3805 2.4
      vertex -12.3414 27.3805 1.2
    endloop
  endfacet
  facet normal -0.997836 0.0657577 0
    outer loop
      vertex -12.3414 27.3805 2.4
      vertex -12.35 27.25 1.2
      vertex -12.35 27.25 2.4
    endloop
  endfacet
  facet normal -0.831462 0.555582 0
    outer loop
      vertex -12.216 27.75 1.2
      vertex -12.1433 27.8588 2.4
      vertex -12.1433 27.8588 1.2
    endloop
  endfacet
  facet normal -0.831462 0.555582 0
    outer loop
      vertex -12.1433 27.8588 2.4
      vertex -12.216 27.75 1.2
      vertex -12.216 27.75 2.4
    endloop
  endfacet
  facet normal 0.751866 0.659316 0
    outer loop
      vertex 12.1433 27.8588 2.4
      vertex 12.0571 27.9571 1.2
      vertex 12.0571 27.9571 2.4
    endloop
  endfacet
  facet normal 0.751866 0.659316 0
    outer loop
      vertex 12.0571 27.9571 1.2
      vertex 12.1433 27.8588 2.4
      vertex 12.1433 27.8588 1.2
    endloop
  endfacet
  facet normal -0.896709 0.442621 0
    outer loop
      vertex -12.2739 27.6327 1.2
      vertex -12.216 27.75 2.4
      vertex -12.216 27.75 1.2
    endloop
  endfacet
  facet normal -0.896709 0.442621 0
    outer loop
      vertex -12.216 27.75 2.4
      vertex -12.2739 27.6327 1.2
      vertex -12.2739 27.6327 2.4
    endloop
  endfacet
  facet normal 0.752007 -0.659155 0
    outer loop
      vertex 12.0571 0.0428925 2.4
      vertex 12.1433 0.141235 1.2
      vertex 12.1433 0.141235 2.4
    endloop
  endfacet
  facet normal 0.752007 -0.659155 0
    outer loop
      vertex 12.1433 0.141235 1.2
      vertex 12.0571 0.0428925 2.4
      vertex 12.0571 0.0428925 1.2
    endloop
  endfacet
  facet normal 0.831462 0.555582 0
    outer loop
      vertex 12.216 27.75 2.4
      vertex 12.1433 27.8588 1.2
      vertex 12.1433 27.8588 2.4
    endloop
  endfacet
  facet normal 0.831462 0.555582 0
    outer loop
      vertex 12.1433 27.8588 1.2
      vertex 12.216 27.75 2.4
      vertex 12.216 27.75 1.2
    endloop
  endfacet
  facet normal -0.831379 -0.555705 0
    outer loop
      vertex -12.1433 0.141235 1.2
      vertex -12.216 0.25 2.4
      vertex -12.216 0.25 1.2
    endloop
  endfacet
  facet normal -0.831379 -0.555705 0
    outer loop
      vertex -12.216 0.25 2.4
      vertex -12.1433 0.141235 1.2
      vertex -12.1433 0.141235 2.4
    endloop
  endfacet
  facet normal -0.555053 0.831815 0
    outer loop
      vertex -11.85 28.116 1.2
      vertex -11.9588 28.0434 2.4
      vertex -11.85 28.116 2.4
    endloop
  endfacet
  facet normal -0.555053 0.831815 0
    outer loop
      vertex -11.9588 28.0434 2.4
      vertex -11.85 28.116 1.2
      vertex -11.9588 28.0434 1.2
    endloop
  endfacet
  facet normal 0.659749 0.751486 -0
    outer loop
      vertex 12.0571 27.9571 1.2
      vertex 11.9588 28.0434 2.4
      vertex 12.0571 27.9571 2.4
    endloop
  endfacet
  facet normal 0.659749 0.751486 0
    outer loop
      vertex 11.9588 28.0434 2.4
      vertex 12.0571 27.9571 1.2
      vertex 11.9588 28.0434 1.2
    endloop
  endfacet
  facet normal 0.442621 0.896709 -0
    outer loop
      vertex 11.85 28.116 1.2
      vertex 11.7327 28.1739 2.4
      vertex 11.85 28.116 2.4
    endloop
  endfacet
  facet normal 0.442621 0.896709 0
    outer loop
      vertex 11.7327 28.1739 2.4
      vertex 11.85 28.116 1.2
      vertex 11.7327 28.1739 1.2
    endloop
  endfacet
  facet normal -0.659749 0.751486 0
    outer loop
      vertex -11.9588 28.0434 1.2
      vertex -12.0571 27.9571 2.4
      vertex -11.9588 28.0434 2.4
    endloop
  endfacet
  facet normal -0.659749 0.751486 0
    outer loop
      vertex -12.0571 27.9571 2.4
      vertex -11.9588 28.0434 1.2
      vertex -12.0571 27.9571 1.2
    endloop
  endfacet
  facet normal -0.751866 0.659316 0
    outer loop
      vertex -12.1433 27.8588 1.2
      vertex -12.0571 27.9571 2.4
      vertex -12.0571 27.9571 1.2
    endloop
  endfacet
  facet normal -0.751866 0.659316 0
    outer loop
      vertex -12.0571 27.9571 2.4
      vertex -12.1433 27.8588 1.2
      vertex -12.1433 27.8588 2.4
    endloop
  endfacet
  facet normal -0.947066 0.321039 0
    outer loop
      vertex -12.3159 27.5088 1.2
      vertex -12.2739 27.6327 2.4
      vertex -12.2739 27.6327 1.2
    endloop
  endfacet
  facet normal -0.947066 0.321039 0
    outer loop
      vertex -12.2739 27.6327 2.4
      vertex -12.3159 27.5088 1.2
      vertex -12.3159 27.5088 2.4
    endloop
  endfacet
  facet normal 0.980814 -0.194946 0
    outer loop
      vertex 12.3159 0.49118 2.4
      vertex 12.3414 0.619476 1.2
      vertex 12.3414 0.619476 2.4
    endloop
  endfacet
  facet normal 0.980814 -0.194946 0
    outer loop
      vertex 12.3414 0.619476 1.2
      vertex 12.3159 0.49118 2.4
      vertex 12.3159 0.49118 1.2
    endloop
  endfacet
  facet normal -0.0656225 -0.997845 0
    outer loop
      vertex 5.29999 3.7 1.2
      vertex 5.3783 3.69485 2.4
      vertex 5.29999 3.7 2.4
    endloop
  endfacet
  facet normal -0.0656225 -0.997845 -0
    outer loop
      vertex 5.3783 3.69485 2.4
      vertex 5.29999 3.7 1.2
      vertex 5.3783 3.69485 1.2
    endloop
  endfacet
  facet normal 1 -0 0
    outer loop
      vertex -5.89999 -0.25 2.4
      vertex -5.89999 3.09999 1.2
      vertex -5.89999 3.09999 2.4
    endloop
  endfacet
  facet normal 1 0 0
    outer loop
      vertex -5.89999 3.09999 1.2
      vertex -5.89999 -0.25 2.4
      vertex -5.89999 -0.25 1.2
    endloop
  endfacet
  facet normal 0.0656225 -0.997845 0
    outer loop
      vertex -5.3783 3.69485 1.2
      vertex -5.29999 3.7 2.4
      vertex -5.3783 3.69485 2.4
    endloop
  endfacet
  facet normal 0.0656225 -0.997845 0
    outer loop
      vertex -5.29999 3.7 2.4
      vertex -5.3783 3.69485 1.2
      vertex -5.29999 3.7 1.2
    endloop
  endfacet
  facet normal -0.19494 -0.980815 0
    outer loop
      vertex 5.3783 3.69485 1.2
      vertex 5.45528 3.67955 2.4
      vertex 5.3783 3.69485 2.4
    endloop
  endfacet
  facet normal -0.19494 -0.980815 -0
    outer loop
      vertex 5.45528 3.67955 2.4
      vertex 5.3783 3.69485 1.2
      vertex 5.45528 3.67955 1.2
    endloop
  endfacet
  facet normal 0.980815 -0.19494 0
    outer loop
      vertex -5.89485 3.1783 2.4
      vertex -5.87955 3.25528 1.2
      vertex -5.87955 3.25528 2.4
    endloop
  endfacet
  facet normal 0.980815 -0.19494 0
    outer loop
      vertex -5.87955 3.25528 1.2
      vertex -5.89485 3.1783 2.4
      vertex -5.89485 3.1783 1.2
    endloop
  endfacet
  facet normal -1 0 0
    outer loop
      vertex 5.89999 -0.25 1.2
      vertex 5.89999 3.09999 2.4
      vertex 5.89999 3.09999 1.2
    endloop
  endfacet
  facet normal -1 -0 0
    outer loop
      vertex 5.89999 3.09999 2.4
      vertex 5.89999 -0.25 1.2
      vertex 5.89999 -0.25 2.4
    endloop
  endfacet
  facet normal 0.896911 -0.442211 0
    outer loop
      vertex -5.85431 3.32961 2.4
      vertex -5.81961 3.39999 1.2
      vertex -5.81961 3.39999 2.4
    endloop
  endfacet
  facet normal 0.896911 -0.442211 0
    outer loop
      vertex -5.81961 3.39999 1.2
      vertex -5.85431 3.32961 2.4
      vertex -5.85431 3.32961 1.2
    endloop
  endfacet
  facet normal -0.946898 -0.321535 0
    outer loop
      vertex 5.87955 3.25528 1.2
      vertex 5.85431 3.32961 2.4
      vertex 5.85431 3.32961 1.2
    endloop
  endfacet
  facet normal -0.946898 -0.321535 0
    outer loop
      vertex 5.85431 3.32961 2.4
      vertex 5.87955 3.25528 1.2
      vertex 5.87955 3.25528 2.4
    endloop
  endfacet
  facet normal 0.19494 -0.980815 0
    outer loop
      vertex -5.45528 3.67955 1.2
      vertex -5.3783 3.69485 2.4
      vertex -5.45528 3.67955 2.4
    endloop
  endfacet
  facet normal 0.19494 -0.980815 0
    outer loop
      vertex -5.3783 3.69485 2.4
      vertex -5.45528 3.67955 1.2
      vertex -5.3783 3.69485 1.2
    endloop
  endfacet
  facet normal 0.44216 -0.896936 0
    outer loop
      vertex -5.59999 3.61961 1.2
      vertex -5.5296 3.65431 2.4
      vertex -5.59999 3.61961 2.4
    endloop
  endfacet
  facet normal 0.44216 -0.896936 0
    outer loop
      vertex -5.5296 3.65431 2.4
      vertex -5.59999 3.61961 1.2
      vertex -5.5296 3.65431 1.2
    endloop
  endfacet
  facet normal 0.55567 -0.831403 0
    outer loop
      vertex -5.66524 3.576 1.2
      vertex -5.59999 3.61961 2.4
      vertex -5.66524 3.576 2.4
    endloop
  endfacet
  facet normal 0.55567 -0.831403 0
    outer loop
      vertex -5.59999 3.61961 2.4
      vertex -5.66524 3.576 1.2
      vertex -5.59999 3.61961 1.2
    endloop
  endfacet
  facet normal -0.980815 -0.19494 0
    outer loop
      vertex 5.89485 3.1783 1.2
      vertex 5.87955 3.25528 2.4
      vertex 5.87955 3.25528 1.2
    endloop
  endfacet
  facet normal -0.980815 -0.19494 0
    outer loop
      vertex 5.87955 3.25528 2.4
      vertex 5.89485 3.1783 1.2
      vertex 5.89485 3.1783 2.4
    endloop
  endfacet
  facet normal 0 -1 0
    outer loop
      vertex -5.29999 3.7 1.2
      vertex 5.29999 3.7 2.4
      vertex -5.29999 3.7 2.4
    endloop
  endfacet
  facet normal 0 -1 -0
    outer loop
      vertex 5.29999 3.7 2.4
      vertex -5.29999 3.7 1.2
      vertex 5.29999 3.7 1.2
    endloop
  endfacet
  facet normal -0.997853 -0.0654956 0
    outer loop
      vertex 5.89999 3.09999 1.2
      vertex 5.89485 3.1783 2.4
      vertex 5.89485 3.1783 1.2
    endloop
  endfacet
  facet normal -0.997853 -0.0654956 0
    outer loop
      vertex 5.89485 3.1783 2.4
      vertex 5.89999 3.09999 1.2
      vertex 5.89999 3.09999 2.4
    endloop
  endfacet
  facet normal -0.896911 -0.442211 0
    outer loop
      vertex 5.85431 3.32961 1.2
      vertex 5.81961 3.39999 2.4
      vertex 5.81961 3.39999 1.2
    endloop
  endfacet
  facet normal -0.896911 -0.442211 0
    outer loop
      vertex 5.81961 3.39999 2.4
      vertex 5.85431 3.32961 1.2
      vertex 5.85431 3.32961 2.4
    endloop
  endfacet
  facet normal 0.831403 -0.55567 0
    outer loop
      vertex -5.81961 3.39999 2.4
      vertex -5.776 3.46524 1.2
      vertex -5.776 3.46524 2.4
    endloop
  endfacet
  facet normal 0.831403 -0.55567 0
    outer loop
      vertex -5.776 3.46524 1.2
      vertex -5.81961 3.39999 2.4
      vertex -5.81961 3.39999 1.2
    endloop
  endfacet
  facet normal 0.997853 -0.0654956 0
    outer loop
      vertex -5.89999 3.09999 2.4
      vertex -5.89485 3.1783 1.2
      vertex -5.89485 3.1783 2.4
    endloop
  endfacet
  facet normal 0.997853 -0.0654956 0
    outer loop
      vertex -5.89485 3.1783 1.2
      vertex -5.89999 3.09999 2.4
      vertex -5.89999 3.09999 1.2
    endloop
  endfacet
  facet normal -0.831403 -0.55567 0
    outer loop
      vertex 5.81961 3.39999 1.2
      vertex 5.776 3.46524 2.4
      vertex 5.776 3.46524 1.2
    endloop
  endfacet
  facet normal -0.831403 -0.55567 0
    outer loop
      vertex 5.776 3.46524 2.4
      vertex 5.81961 3.39999 1.2
      vertex 5.81961 3.39999 2.4
    endloop
  endfacet
  facet normal -0.44216 -0.896936 0
    outer loop
      vertex 5.5296 3.65431 1.2
      vertex 5.59999 3.61961 2.4
      vertex 5.5296 3.65431 2.4
    endloop
  endfacet
  facet normal -0.44216 -0.896936 -0
    outer loop
      vertex 5.59999 3.61961 2.4
      vertex 5.5296 3.65431 1.2
      vertex 5.59999 3.61961 1.2
    endloop
  endfacet
  facet normal -0.321574 -0.946885 0
    outer loop
      vertex 5.45528 3.67955 1.2
      vertex 5.5296 3.65431 2.4
      vertex 5.45528 3.67955 2.4
    endloop
  endfacet
  facet normal -0.321574 -0.946885 -0
    outer loop
      vertex 5.5296 3.65431 2.4
      vertex 5.45528 3.67955 1.2
      vertex 5.5296 3.65431 1.2
    endloop
  endfacet
  facet normal 0.321574 -0.946885 0
    outer loop
      vertex -5.5296 3.65431 1.2
      vertex -5.45528 3.67955 2.4
      vertex -5.5296 3.65431 2.4
    endloop
  endfacet
  facet normal 0.321574 -0.946885 0
    outer loop
      vertex -5.45528 3.67955 2.4
      vertex -5.5296 3.65431 1.2
      vertex -5.45528 3.67955 1.2
    endloop
  endfacet
  facet normal -0.751961 -0.659208 0
    outer loop
      vertex 5.776 3.46524 1.2
      vertex 5.72426 3.52426 2.4
      vertex 5.72426 3.52426 1.2
    endloop
  endfacet
  facet normal -0.751961 -0.659208 0
    outer loop
      vertex 5.72426 3.52426 2.4
      vertex 5.776 3.46524 1.2
      vertex 5.776 3.46524 2.4
    endloop
  endfacet
  facet normal -0.659208 -0.751961 0
    outer loop
      vertex 5.66524 3.576 1.2
      vertex 5.72426 3.52426 2.4
      vertex 5.66524 3.576 2.4
    endloop
  endfacet
  facet normal -0.659208 -0.751961 -0
    outer loop
      vertex 5.72426 3.52426 2.4
      vertex 5.66524 3.576 1.2
      vertex 5.72426 3.52426 1.2
    endloop
  endfacet
  facet normal -0.55567 -0.831403 0
    outer loop
      vertex 5.59999 3.61961 1.2
      vertex 5.66524 3.576 2.4
      vertex 5.59999 3.61961 2.4
    endloop
  endfacet
  facet normal -0.55567 -0.831403 -0
    outer loop
      vertex 5.66524 3.576 2.4
      vertex 5.59999 3.61961 1.2
      vertex 5.66524 3.576 1.2
    endloop
  endfacet
  facet normal 0.659208 -0.751961 0
    outer loop
      vertex -5.72426 3.52426 1.2
      vertex -5.66524 3.576 2.4
      vertex -5.72426 3.52426 2.4
    endloop
  endfacet
  facet normal 0.659208 -0.751961 0
    outer loop
      vertex -5.66524 3.576 2.4
      vertex -5.72426 3.52426 1.2
      vertex -5.66524 3.576 1.2
    endloop
  endfacet
  facet normal 0.751961 -0.659208 0
    outer loop
      vertex -5.776 3.46524 2.4
      vertex -5.72426 3.52426 1.2
      vertex -5.72426 3.52426 2.4
    endloop
  endfacet
  facet normal 0.751961 -0.659208 0
    outer loop
      vertex -5.72426 3.52426 1.2
      vertex -5.776 3.46524 2.4
      vertex -5.776 3.46524 1.2
    endloop
  endfacet
  facet normal 0.946898 -0.321535 0
    outer loop
      vertex -5.87955 3.25528 2.4
      vertex -5.85431 3.32961 1.2
      vertex -5.85431 3.32961 2.4
    endloop
  endfacet
  facet normal 0.946898 -0.321535 0
    outer loop
      vertex -5.85431 3.32961 1.2
      vertex -5.87955 3.25528 2.4
      vertex -5.87955 3.25528 1.2
    endloop
  endfacet
  facet normal -0.0654956 -0.997853 0
    outer loop
      vertex 6.09999 4.5 0
      vertex 6.1783 4.49486 1.2
      vertex 6.09999 4.5 1.2
    endloop
  endfacet
  facet normal -0.0654956 -0.997853 -0
    outer loop
      vertex 6.1783 4.49486 1.2
      vertex 6.09999 4.5 0
      vertex 6.1783 4.49486 0
    endloop
  endfacet
  facet normal -0.997845 -0.0656225 0
    outer loop
      vertex 6.7 3.89999 0
      vertex 6.69485 3.9783 1.2
      vertex 6.69485 3.9783 0
    endloop
  endfacet
  facet normal -0.997845 -0.0656225 0
    outer loop
      vertex 6.69485 3.9783 1.2
      vertex 6.7 3.89999 0
      vertex 6.7 3.89999 1.2
    endloop
  endfacet
  facet normal 1 -0 0
    outer loop
      vertex -6.7 -0.25 1.2
      vertex -6.7 3.89999 0
      vertex -6.7 3.89999 1.2
    endloop
  endfacet
  facet normal 1 0 0
    outer loop
      vertex -6.7 -2 0
      vertex -6.7 -0.25 1.2
      vertex -6.7 -2 1.2
    endloop
  endfacet
  facet normal 1 0 0
    outer loop
      vertex -6.7 -0.25 1.2
      vertex -6.7 -2 0
      vertex -6.7 3.89999 0
    endloop
  endfacet
  facet normal 0.0654956 -0.997853 0
    outer loop
      vertex -6.1783 4.49486 0
      vertex -6.09999 4.5 1.2
      vertex -6.1783 4.49486 1.2
    endloop
  endfacet
  facet normal 0.0654956 -0.997853 0
    outer loop
      vertex -6.09999 4.5 1.2
      vertex -6.1783 4.49486 0
      vertex -6.09999 4.5 0
    endloop
  endfacet
  facet normal -0.195062 -0.980791 0
    outer loop
      vertex 6.1783 4.49486 0
      vertex 6.25528 4.47955 1.2
      vertex 6.1783 4.49486 1.2
    endloop
  endfacet
  facet normal -0.195062 -0.980791 -0
    outer loop
      vertex 6.25528 4.47955 1.2
      vertex 6.1783 4.49486 0
      vertex 6.25528 4.47955 0
    endloop
  endfacet
  facet normal 0.980815 -0.19494 0
    outer loop
      vertex -6.69485 3.9783 1.2
      vertex -6.67955 4.05528 0
      vertex -6.67955 4.05528 1.2
    endloop
  endfacet
  facet normal 0.980815 -0.19494 0
    outer loop
      vertex -6.67955 4.05528 0
      vertex -6.69485 3.9783 1.2
      vertex -6.69485 3.9783 0
    endloop
  endfacet
  facet normal -1 0 0
    outer loop
      vertex 6.7 3.89999 0
      vertex 6.7 -0.25 1.2
      vertex 6.7 3.89999 1.2
    endloop
  endfacet
  facet normal -1 0 0
    outer loop
      vertex 6.7 -2 0
      vertex 6.7 -0.25 1.2
      vertex 6.7 3.89999 0
    endloop
  endfacet
  facet normal -1 -0 0
    outer loop
      vertex 6.7 -0.25 1.2
      vertex 6.7 -2 0
      vertex 6.7 -2 1.2
    endloop
  endfacet
  facet normal 0.195062 -0.980791 0
    outer loop
      vertex -6.25528 4.47955 0
      vertex -6.1783 4.49486 1.2
      vertex -6.25528 4.47955 1.2
    endloop
  endfacet
  facet normal 0.195062 -0.980791 0
    outer loop
      vertex -6.1783 4.49486 1.2
      vertex -6.25528 4.47955 0
      vertex -6.1783 4.49486 0
    endloop
  endfacet
  facet normal 0 -1 0
    outer loop
      vertex -6.09999 4.5 0
      vertex 6.09999 4.5 1.2
      vertex -6.09999 4.5 1.2
    endloop
  endfacet
  facet normal 0 -1 -0
    outer loop
      vertex 6.09999 4.5 1.2
      vertex -6.09999 4.5 0
      vertex 6.09999 4.5 0
    endloop
  endfacet
  facet normal 0.55567 -0.831403 0
    outer loop
      vertex -6.46524 4.37601 0
      vertex -6.39999 4.41962 1.2
      vertex -6.46524 4.37601 1.2
    endloop
  endfacet
  facet normal 0.55567 -0.831403 0
    outer loop
      vertex -6.39999 4.41962 1.2
      vertex -6.46524 4.37601 0
      vertex -6.39999 4.41962 0
    endloop
  endfacet
  facet normal -0.321421 -0.946936 0
    outer loop
      vertex 6.25528 4.47955 0
      vertex 6.32961 4.45432 1.2
      vertex 6.25528 4.47955 1.2
    endloop
  endfacet
  facet normal -0.321421 -0.946936 -0
    outer loop
      vertex 6.32961 4.45432 1.2
      vertex 6.25528 4.47955 0
      vertex 6.32961 4.45432 0
    endloop
  endfacet
  facet normal 0.831363 -0.555729 0
    outer loop
      vertex -6.61961 4.2 1.2
      vertex -6.576 4.26524 0
      vertex -6.576 4.26524 1.2
    endloop
  endfacet
  facet normal 0.831363 -0.555729 0
    outer loop
      vertex -6.576 4.26524 0
      vertex -6.61961 4.2 1.2
      vertex -6.61961 4.2 0
    endloop
  endfacet
  facet normal -0.946898 -0.321535 0
    outer loop
      vertex 6.67955 4.05528 0
      vertex 6.65431 4.12961 1.2
      vertex 6.65431 4.12961 0
    endloop
  endfacet
  facet normal -0.946898 -0.321535 0
    outer loop
      vertex 6.65431 4.12961 1.2
      vertex 6.67955 4.05528 0
      vertex 6.67955 4.05528 1.2
    endloop
  endfacet
  facet normal -0.896936 -0.44216 0
    outer loop
      vertex 6.65431 4.12961 0
      vertex 6.61961 4.2 1.2
      vertex 6.61961 4.2 0
    endloop
  endfacet
  facet normal -0.896936 -0.44216 0
    outer loop
      vertex 6.61961 4.2 1.2
      vertex 6.65431 4.12961 0
      vertex 6.65431 4.12961 1.2
    endloop
  endfacet
  facet normal 0.442211 -0.896911 0
    outer loop
      vertex -6.39999 4.41962 0
      vertex -6.32961 4.45432 1.2
      vertex -6.39999 4.41962 1.2
    endloop
  endfacet
  facet normal 0.442211 -0.896911 0
    outer loop
      vertex -6.32961 4.45432 1.2
      vertex -6.39999 4.41962 0
      vertex -6.32961 4.45432 0
    endloop
  endfacet
  facet normal 0.321421 -0.946936 0
    outer loop
      vertex -6.32961 4.45432 0
      vertex -6.25528 4.47955 1.2
      vertex -6.32961 4.45432 1.2
    endloop
  endfacet
  facet normal 0.321421 -0.946936 0
    outer loop
      vertex -6.25528 4.47955 1.2
      vertex -6.32961 4.45432 0
      vertex -6.25528 4.47955 0
    endloop
  endfacet
  facet normal -0.980815 -0.19494 0
    outer loop
      vertex 6.69485 3.9783 0
      vertex 6.67955 4.05528 1.2
      vertex 6.67955 4.05528 0
    endloop
  endfacet
  facet normal -0.980815 -0.19494 0
    outer loop
      vertex 6.67955 4.05528 1.2
      vertex 6.69485 3.9783 0
      vertex 6.69485 3.9783 1.2
    endloop
  endfacet
  facet normal 0.997845 -0.0656225 0
    outer loop
      vertex -6.7 3.89999 1.2
      vertex -6.69485 3.9783 0
      vertex -6.69485 3.9783 1.2
    endloop
  endfacet
  facet normal 0.997845 -0.0656225 0
    outer loop
      vertex -6.69485 3.9783 0
      vertex -6.7 3.89999 1.2
      vertex -6.7 3.89999 0
    endloop
  endfacet
  facet normal -0.831363 -0.555729 0
    outer loop
      vertex 6.61961 4.2 0
      vertex 6.576 4.26524 1.2
      vertex 6.576 4.26524 0
    endloop
  endfacet
  facet normal -0.831363 -0.555729 0
    outer loop
      vertex 6.576 4.26524 1.2
      vertex 6.61961 4.2 0
      vertex 6.61961 4.2 1.2
    endloop
  endfacet
  facet normal -0.55567 -0.831403 0
    outer loop
      vertex 6.39999 4.41962 0
      vertex 6.46524 4.37601 1.2
      vertex 6.39999 4.41962 1.2
    endloop
  endfacet
  facet normal -0.55567 -0.831403 -0
    outer loop
      vertex 6.46524 4.37601 1.2
      vertex 6.39999 4.41962 0
      vertex 6.46524 4.37601 0
    endloop
  endfacet
  facet normal -0.442211 -0.896911 0
    outer loop
      vertex 6.32961 4.45432 0
      vertex 6.39999 4.41962 1.2
      vertex 6.32961 4.45432 1.2
    endloop
  endfacet
  facet normal -0.442211 -0.896911 -0
    outer loop
      vertex 6.39999 4.41962 1.2
      vertex 6.32961 4.45432 0
      vertex 6.39999 4.41962 0
    endloop
  endfacet
  facet normal 0.946898 -0.321535 0
    outer loop
      vertex -6.67955 4.05528 1.2
      vertex -6.65431 4.12961 0
      vertex -6.65431 4.12961 1.2
    endloop
  endfacet
  facet normal 0.946898 -0.321535 0
    outer loop
      vertex -6.65431 4.12961 0
      vertex -6.67955 4.05528 1.2
      vertex -6.67955 4.05528 0
    endloop
  endfacet
  facet normal -0.65928 -0.751898 0
    outer loop
      vertex 6.46524 4.37601 0
      vertex 6.52426 4.32426 1.2
      vertex 6.46524 4.37601 1.2
    endloop
  endfacet
  facet normal -0.65928 -0.751898 -0
    outer loop
      vertex 6.52426 4.32426 1.2
      vertex 6.46524 4.37601 0
      vertex 6.52426 4.32426 0
    endloop
  endfacet
  facet normal 0.896936 -0.44216 0
    outer loop
      vertex -6.65431 4.12961 1.2
      vertex -6.61961 4.2 0
      vertex -6.61961 4.2 1.2
    endloop
  endfacet
  facet normal 0.896936 -0.44216 0
    outer loop
      vertex -6.61961 4.2 0
      vertex -6.65431 4.12961 1.2
      vertex -6.65431 4.12961 0
    endloop
  endfacet
  facet normal -0.751961 -0.659208 0
    outer loop
      vertex 6.576 4.26524 0
      vertex 6.52426 4.32426 1.2
      vertex 6.52426 4.32426 0
    endloop
  endfacet
  facet normal -0.751961 -0.659208 0
    outer loop
      vertex 6.52426 4.32426 1.2
      vertex 6.576 4.26524 0
      vertex 6.576 4.26524 1.2
    endloop
  endfacet
  facet normal 0.65928 -0.751898 0
    outer loop
      vertex -6.52426 4.32426 0
      vertex -6.46524 4.37601 1.2
      vertex -6.52426 4.32426 1.2
    endloop
  endfacet
  facet normal 0.65928 -0.751898 0
    outer loop
      vertex -6.46524 4.37601 1.2
      vertex -6.52426 4.32426 0
      vertex -6.46524 4.37601 0
    endloop
  endfacet
  facet normal 0.751961 -0.659208 0
    outer loop
      vertex -6.576 4.26524 1.2
      vertex -6.52426 4.32426 0
      vertex -6.52426 4.32426 1.2
    endloop
  endfacet
  facet normal 0.751961 -0.659208 0
    outer loop
      vertex -6.52426 4.32426 0
      vertex -6.576 4.26524 1.2
      vertex -6.576 4.26524 0
    endloop
  endfacet
  facet normal -0.32222 0.946665 0
    outer loop
      vertex 7.57961 17.7957 1.19
      vertex 7.50528 17.7704 2.4
      vertex 7.57961 17.7957 2.4
    endloop
  endfacet
  facet normal -0.32222 0.946665 0
    outer loop
      vertex 7.50528 17.7704 2.4
      vertex 7.57961 17.7957 1.19
      vertex 7.50528 17.7704 1.19
    endloop
  endfacet
  facet normal 0 1 -0
    outer loop
      vertex 7.34999 17.75 1.19
      vertex -7.34999 17.75 2.4
      vertex 7.34999 17.75 2.4
    endloop
  endfacet
  facet normal 0 1 0
    outer loop
      vertex -7.34999 17.75 2.4
      vertex 7.34999 17.75 1.19
      vertex -7.34999 17.75 1.19
    endloop
  endfacet
  facet normal -0.19494 0.980815 0
    outer loop
      vertex 7.50528 17.7704 1.19
      vertex 7.4283 17.7551 2.4
      vertex 7.50528 17.7704 2.4
    endloop
  endfacet
  facet normal -0.19494 0.980815 0
    outer loop
      vertex 7.4283 17.7551 2.4
      vertex 7.50528 17.7704 1.19
      vertex 7.4283 17.7551 1.19
    endloop
  endfacet
  facet normal -0.752403 -0.658703 0
    outer loop
      vertex 7.826 26.0152 1.19
      vertex 7.77426 26.0743 2.4
      vertex 7.77426 26.0743 1.19
    endloop
  endfacet
  facet normal -0.752403 -0.658703 0
    outer loop
      vertex 7.77426 26.0743 2.4
      vertex 7.826 26.0152 1.19
      vertex 7.826 26.0152 2.4
    endloop
  endfacet
  facet normal -0.0649881 -0.997886 0
    outer loop
      vertex 7.34999 26.25 1.19
      vertex 7.4283 26.2449 2.4
      vertex 7.34999 26.25 2.4
    endloop
  endfacet
  facet normal -0.0649881 -0.997886 -0
    outer loop
      vertex 7.4283 26.2449 2.4
      vertex 7.34999 26.25 1.19
      vertex 7.4283 26.2449 1.19
    endloop
  endfacet
  facet normal -0.0649881 0.997886 0
    outer loop
      vertex 7.4283 17.7551 1.19
      vertex 7.34999 17.75 2.4
      vertex 7.4283 17.7551 2.4
    endloop
  endfacet
  facet normal -0.0649881 0.997886 0
    outer loop
      vertex 7.34999 17.75 2.4
      vertex 7.4283 17.7551 1.19
      vertex 7.34999 17.75 1.19
    endloop
  endfacet
  facet normal 0.896961 0.44211 0
    outer loop
      vertex -7.86961 18.05 2.4
      vertex -7.90431 18.1204 1.19
      vertex -7.90431 18.1204 2.4
    endloop
  endfacet
  facet normal 0.896961 0.44211 0
    outer loop
      vertex -7.90431 18.1204 1.19
      vertex -7.86961 18.05 2.4
      vertex -7.86961 18.05 1.19
    endloop
  endfacet
  facet normal 0.0649881 0.997886 -0
    outer loop
      vertex -7.34999 17.75 1.19
      vertex -7.4283 17.7551 2.4
      vertex -7.34999 17.75 2.4
    endloop
  endfacet
  facet normal 0.0649881 0.997886 0
    outer loop
      vertex -7.4283 17.7551 2.4
      vertex -7.34999 17.75 1.19
      vertex -7.4283 17.7551 1.19
    endloop
  endfacet
  facet normal 0.32222 0.946665 -0
    outer loop
      vertex -7.50528 17.7704 1.19
      vertex -7.57961 17.7957 2.4
      vertex -7.50528 17.7704 2.4
    endloop
  endfacet
  facet normal 0.32222 0.946665 0
    outer loop
      vertex -7.57961 17.7957 2.4
      vertex -7.50528 17.7704 1.19
      vertex -7.57961 17.7957 1.19
    endloop
  endfacet
  facet normal 0.65892 -0.752213 0
    outer loop
      vertex -7.77426 26.0743 1.19
      vertex -7.71524 26.126 2.4
      vertex -7.77426 26.0743 2.4
    endloop
  endfacet
  facet normal 0.65892 -0.752213 0
    outer loop
      vertex -7.71524 26.126 2.4
      vertex -7.77426 26.0743 1.19
      vertex -7.71524 26.126 1.19
    endloop
  endfacet
  facet normal 0.896961 -0.44211 0
    outer loop
      vertex -7.90431 25.8796 2.4
      vertex -7.86961 25.95 1.19
      vertex -7.86961 25.95 2.4
    endloop
  endfacet
  facet normal 0.896961 -0.44211 0
    outer loop
      vertex -7.86961 25.95 1.19
      vertex -7.90431 25.8796 2.4
      vertex -7.90431 25.8796 1.19
    endloop
  endfacet
  facet normal 0.442211 -0.896911 0
    outer loop
      vertex -7.64999 26.1696 1.19
      vertex -7.57961 26.2043 2.4
      vertex -7.64999 26.1696 2.4
    endloop
  endfacet
  facet normal 0.442211 -0.896911 0
    outer loop
      vertex -7.57961 26.2043 2.4
      vertex -7.64999 26.1696 1.19
      vertex -7.57961 26.2043 1.19
    endloop
  endfacet
  facet normal -1 0 0
    outer loop
      vertex 7.95 18.35 1.19
      vertex 7.95 25.65 2.4
      vertex 7.95 25.65 1.19
    endloop
  endfacet
  facet normal -1 -0 0
    outer loop
      vertex 7.95 25.65 2.4
      vertex 7.95 18.35 1.19
      vertex 7.95 18.35 2.4
    endloop
  endfacet
  facet normal 1 -0 0
    outer loop
      vertex -7.95 18.35 2.4
      vertex -7.95 25.65 1.19
      vertex -7.95 25.65 2.4
    endloop
  endfacet
  facet normal 1 0 0
    outer loop
      vertex -7.95 25.65 1.19
      vertex -7.95 18.35 2.4
      vertex -7.95 18.35 1.19
    endloop
  endfacet
  facet normal 0.0649881 -0.997886 0
    outer loop
      vertex -7.4283 26.2449 1.19
      vertex -7.34999 26.25 2.4
      vertex -7.4283 26.2449 2.4
    endloop
  endfacet
  facet normal 0.0649881 -0.997886 0
    outer loop
      vertex -7.34999 26.25 2.4
      vertex -7.4283 26.2449 1.19
      vertex -7.34999 26.25 1.19
    endloop
  endfacet
  facet normal -0.32222 -0.946665 0
    outer loop
      vertex 7.50528 26.2296 1.19
      vertex 7.57961 26.2043 2.4
      vertex 7.50528 26.2296 2.4
    endloop
  endfacet
  facet normal -0.32222 -0.946665 -0
    outer loop
      vertex 7.57961 26.2043 2.4
      vertex 7.50528 26.2296 1.19
      vertex 7.57961 26.2043 1.19
    endloop
  endfacet
  facet normal 0.65892 0.752213 -0
    outer loop
      vertex -7.71524 17.874 1.19
      vertex -7.77426 17.9257 2.4
      vertex -7.71524 17.874 2.4
    endloop
  endfacet
  facet normal 0.65892 0.752213 0
    outer loop
      vertex -7.77426 17.9257 2.4
      vertex -7.71524 17.874 1.19
      vertex -7.77426 17.9257 1.19
    endloop
  endfacet
  facet normal 0.946858 -0.321651 0
    outer loop
      vertex -7.92955 25.8053 2.4
      vertex -7.90431 25.8796 1.19
      vertex -7.90431 25.8796 2.4
    endloop
  endfacet
  facet normal 0.946858 -0.321651 0
    outer loop
      vertex -7.90431 25.8796 1.19
      vertex -7.92955 25.8053 2.4
      vertex -7.92955 25.8053 1.19
    endloop
  endfacet
  facet normal 0.19494 0.980815 -0
    outer loop
      vertex -7.4283 17.7551 1.19
      vertex -7.50528 17.7704 2.4
      vertex -7.4283 17.7551 2.4
    endloop
  endfacet
  facet normal 0.19494 0.980815 0
    outer loop
      vertex -7.50528 17.7704 2.4
      vertex -7.4283 17.7551 1.19
      vertex -7.50528 17.7704 1.19
    endloop
  endfacet
  facet normal 0.752403 -0.658703 0
    outer loop
      vertex -7.826 26.0152 2.4
      vertex -7.77426 26.0743 1.19
      vertex -7.77426 26.0743 2.4
    endloop
  endfacet
  facet normal 0.752403 -0.658703 0
    outer loop
      vertex -7.77426 26.0743 1.19
      vertex -7.826 26.0152 2.4
      vertex -7.826 26.0152 1.19
    endloop
  endfacet
  facet normal -0.980825 0.194891 0
    outer loop
      vertex 7.92955 18.1947 1.19
      vertex 7.94485 18.2717 2.4
      vertex 7.94485 18.2717 1.19
    endloop
  endfacet
  facet normal -0.980825 0.194891 0
    outer loop
      vertex 7.94485 18.2717 2.4
      vertex 7.92955 18.1947 1.19
      vertex 7.92955 18.1947 2.4
    endloop
  endfacet
  facet normal 0.442211 0.896911 -0
    outer loop
      vertex -7.57961 17.7957 1.19
      vertex -7.64999 17.8304 2.4
      vertex -7.57961 17.7957 2.4
    endloop
  endfacet
  facet normal 0.442211 0.896911 0
    outer loop
      vertex -7.64999 17.8304 2.4
      vertex -7.57961 17.7957 1.19
      vertex -7.64999 17.8304 1.19
    endloop
  endfacet
  facet normal 0 -1 0
    outer loop
      vertex -7.34999 26.25 1.19
      vertex 7.34999 26.25 2.4
      vertex -7.34999 26.25 2.4
    endloop
  endfacet
  facet normal 0 -1 -0
    outer loop
      vertex 7.34999 26.25 2.4
      vertex -7.34999 26.25 1.19
      vertex 7.34999 26.25 1.19
    endloop
  endfacet
  facet normal -0.831206 -0.555965 0
    outer loop
      vertex 7.86961 25.95 1.19
      vertex 7.826 26.0152 2.4
      vertex 7.826 26.0152 1.19
    endloop
  endfacet
  facet normal -0.831206 -0.555965 0
    outer loop
      vertex 7.826 26.0152 2.4
      vertex 7.86961 25.95 1.19
      vertex 7.86961 25.95 2.4
    endloop
  endfacet
  facet normal 0.32222 -0.946665 0
    outer loop
      vertex -7.57961 26.2043 1.19
      vertex -7.50528 26.2296 2.4
      vertex -7.57961 26.2043 2.4
    endloop
  endfacet
  facet normal 0.32222 -0.946665 0
    outer loop
      vertex -7.50528 26.2296 2.4
      vertex -7.57961 26.2043 1.19
      vertex -7.50528 26.2296 1.19
    endloop
  endfacet
  facet normal 0.831206 -0.555965 0
    outer loop
      vertex -7.86961 25.95 2.4
      vertex -7.826 26.0152 1.19
      vertex -7.826 26.0152 2.4
    endloop
  endfacet
  facet normal 0.831206 -0.555965 0
    outer loop
      vertex -7.826 26.0152 1.19
      vertex -7.86961 25.95 2.4
      vertex -7.86961 25.95 1.19
    endloop
  endfacet
  facet normal 0.997844 -0.0656309 0
    outer loop
      vertex -7.95 25.65 2.4
      vertex -7.94485 25.7283 1.19
      vertex -7.94485 25.7283 2.4
    endloop
  endfacet
  facet normal 0.997844 -0.0656309 0
    outer loop
      vertex -7.94485 25.7283 1.19
      vertex -7.95 25.65 2.4
      vertex -7.95 25.65 1.19
    endloop
  endfacet
  facet normal 0.555582 0.831462 -0
    outer loop
      vertex -7.64999 17.8304 1.19
      vertex -7.71524 17.874 2.4
      vertex -7.64999 17.8304 2.4
    endloop
  endfacet
  facet normal 0.555582 0.831462 0
    outer loop
      vertex -7.71524 17.874 2.4
      vertex -7.64999 17.8304 1.19
      vertex -7.71524 17.874 1.19
    endloop
  endfacet
  facet normal 0.19494 -0.980815 0
    outer loop
      vertex -7.50528 26.2296 1.19
      vertex -7.4283 26.2449 2.4
      vertex -7.50528 26.2296 2.4
    endloop
  endfacet
  facet normal 0.19494 -0.980815 0
    outer loop
      vertex -7.4283 26.2449 2.4
      vertex -7.50528 26.2296 1.19
      vertex -7.4283 26.2449 1.19
    endloop
  endfacet
  facet normal -0.896961 0.44211 0
    outer loop
      vertex 7.86961 18.05 1.19
      vertex 7.90431 18.1204 2.4
      vertex 7.90431 18.1204 1.19
    endloop
  endfacet
  facet normal -0.896961 0.44211 0
    outer loop
      vertex 7.90431 18.1204 2.4
      vertex 7.86961 18.05 1.19
      vertex 7.86961 18.05 2.4
    endloop
  endfacet
  facet normal -0.65892 0.752213 0
    outer loop
      vertex 7.77426 17.9257 1.19
      vertex 7.71524 17.874 2.4
      vertex 7.77426 17.9257 2.4
    endloop
  endfacet
  facet normal -0.65892 0.752213 0
    outer loop
      vertex 7.71524 17.874 2.4
      vertex 7.77426 17.9257 1.19
      vertex 7.71524 17.874 1.19
    endloop
  endfacet
  facet normal -0.555582 -0.831462 0
    outer loop
      vertex 7.64999 26.1696 1.19
      vertex 7.71524 26.126 2.4
      vertex 7.64999 26.1696 2.4
    endloop
  endfacet
  facet normal -0.555582 -0.831462 -0
    outer loop
      vertex 7.71524 26.126 2.4
      vertex 7.64999 26.1696 1.19
      vertex 7.71524 26.126 1.19
    endloop
  endfacet
  facet normal -0.442211 -0.896911 0
    outer loop
      vertex 7.57961 26.2043 1.19
      vertex 7.64999 26.1696 2.4
      vertex 7.57961 26.2043 2.4
    endloop
  endfacet
  facet normal -0.442211 -0.896911 -0
    outer loop
      vertex 7.64999 26.1696 2.4
      vertex 7.57961 26.2043 1.19
      vertex 7.64999 26.1696 1.19
    endloop
  endfacet
  facet normal -0.946858 -0.321651 0
    outer loop
      vertex 7.92955 25.8053 1.19
      vertex 7.90431 25.8796 2.4
      vertex 7.90431 25.8796 1.19
    endloop
  endfacet
  facet normal -0.946858 -0.321651 0
    outer loop
      vertex 7.90431 25.8796 2.4
      vertex 7.92955 25.8053 1.19
      vertex 7.92955 25.8053 2.4
    endloop
  endfacet
  facet normal -0.19494 -0.980815 0
    outer loop
      vertex 7.4283 26.2449 1.19
      vertex 7.50528 26.2296 2.4
      vertex 7.4283 26.2449 2.4
    endloop
  endfacet
  facet normal -0.19494 -0.980815 -0
    outer loop
      vertex 7.50528 26.2296 2.4
      vertex 7.4283 26.2449 1.19
      vertex 7.50528 26.2296 1.19
    endloop
  endfacet
  facet normal -0.997844 -0.0656309 0
    outer loop
      vertex 7.95 25.65 1.19
      vertex 7.94485 25.7283 2.4
      vertex 7.94485 25.7283 1.19
    endloop
  endfacet
  facet normal -0.997844 -0.0656309 0
    outer loop
      vertex 7.94485 25.7283 2.4
      vertex 7.95 25.65 1.19
      vertex 7.95 25.65 2.4
    endloop
  endfacet
  facet normal 0.555582 -0.831462 0
    outer loop
      vertex -7.71524 26.126 1.19
      vertex -7.64999 26.1696 2.4
      vertex -7.71524 26.126 2.4
    endloop
  endfacet
  facet normal 0.555582 -0.831462 0
    outer loop
      vertex -7.64999 26.1696 2.4
      vertex -7.71524 26.126 1.19
      vertex -7.64999 26.1696 1.19
    endloop
  endfacet
  facet normal -0.831206 0.555965 0
    outer loop
      vertex 7.826 17.9848 1.19
      vertex 7.86961 18.05 2.4
      vertex 7.86961 18.05 1.19
    endloop
  endfacet
  facet normal -0.831206 0.555965 0
    outer loop
      vertex 7.86961 18.05 2.4
      vertex 7.826 17.9848 1.19
      vertex 7.826 17.9848 2.4
    endloop
  endfacet
  facet normal -0.752403 0.658703 0
    outer loop
      vertex 7.77426 17.9257 1.19
      vertex 7.826 17.9848 2.4
      vertex 7.826 17.9848 1.19
    endloop
  endfacet
  facet normal -0.752403 0.658703 0
    outer loop
      vertex 7.826 17.9848 2.4
      vertex 7.77426 17.9257 1.19
      vertex 7.77426 17.9257 2.4
    endloop
  endfacet
  facet normal 0.997844 0.0656309 0
    outer loop
      vertex -7.94485 18.2717 2.4
      vertex -7.95 18.35 1.19
      vertex -7.95 18.35 2.4
    endloop
  endfacet
  facet normal 0.997844 0.0656309 0
    outer loop
      vertex -7.95 18.35 1.19
      vertex -7.94485 18.2717 2.4
      vertex -7.94485 18.2717 1.19
    endloop
  endfacet
  facet normal 0.980825 -0.194891 0
    outer loop
      vertex -7.94485 25.7283 2.4
      vertex -7.92955 25.8053 1.19
      vertex -7.92955 25.8053 2.4
    endloop
  endfacet
  facet normal 0.980825 -0.194891 0
    outer loop
      vertex -7.92955 25.8053 1.19
      vertex -7.94485 25.7283 2.4
      vertex -7.94485 25.7283 1.19
    endloop
  endfacet
  facet normal -0.946858 0.321651 0
    outer loop
      vertex 7.90431 18.1204 1.19
      vertex 7.92955 18.1947 2.4
      vertex 7.92955 18.1947 1.19
    endloop
  endfacet
  facet normal -0.946858 0.321651 0
    outer loop
      vertex 7.92955 18.1947 2.4
      vertex 7.90431 18.1204 1.19
      vertex 7.90431 18.1204 2.4
    endloop
  endfacet
  facet normal -0.65892 -0.752213 0
    outer loop
      vertex 7.71524 26.126 1.19
      vertex 7.77426 26.0743 2.4
      vertex 7.71524 26.126 2.4
    endloop
  endfacet
  facet normal -0.65892 -0.752213 -0
    outer loop
      vertex 7.77426 26.0743 2.4
      vertex 7.71524 26.126 1.19
      vertex 7.77426 26.0743 1.19
    endloop
  endfacet
  facet normal -0.896961 -0.44211 0
    outer loop
      vertex 7.90431 25.8796 1.19
      vertex 7.86961 25.95 2.4
      vertex 7.86961 25.95 1.19
    endloop
  endfacet
  facet normal -0.896961 -0.44211 0
    outer loop
      vertex 7.86961 25.95 2.4
      vertex 7.90431 25.8796 1.19
      vertex 7.90431 25.8796 2.4
    endloop
  endfacet
  facet normal -0.980825 -0.194891 0
    outer loop
      vertex 7.94485 25.7283 1.19
      vertex 7.92955 25.8053 2.4
      vertex 7.92955 25.8053 1.19
    endloop
  endfacet
  facet normal -0.980825 -0.194891 0
    outer loop
      vertex 7.92955 25.8053 2.4
      vertex 7.94485 25.7283 1.19
      vertex 7.94485 25.7283 2.4
    endloop
  endfacet
  facet normal 0.980825 0.194891 0
    outer loop
      vertex -7.92955 18.1947 2.4
      vertex -7.94485 18.2717 1.19
      vertex -7.94485 18.2717 2.4
    endloop
  endfacet
  facet normal 0.980825 0.194891 0
    outer loop
      vertex -7.94485 18.2717 1.19
      vertex -7.92955 18.1947 2.4
      vertex -7.92955 18.1947 1.19
    endloop
  endfacet
  facet normal 0.946858 0.321651 0
    outer loop
      vertex -7.90431 18.1204 2.4
      vertex -7.92955 18.1947 1.19
      vertex -7.92955 18.1947 2.4
    endloop
  endfacet
  facet normal 0.946858 0.321651 0
    outer loop
      vertex -7.92955 18.1947 1.19
      vertex -7.90431 18.1204 2.4
      vertex -7.90431 18.1204 1.19
    endloop
  endfacet
  facet normal 0.831206 0.555965 0
    outer loop
      vertex -7.826 17.9848 2.4
      vertex -7.86961 18.05 1.19
      vertex -7.86961 18.05 2.4
    endloop
  endfacet
  facet normal 0.831206 0.555965 0
    outer loop
      vertex -7.86961 18.05 1.19
      vertex -7.826 17.9848 2.4
      vertex -7.826 17.9848 1.19
    endloop
  endfacet
  facet normal 0.752403 0.658703 0
    outer loop
      vertex -7.77426 17.9257 2.4
      vertex -7.826 17.9848 1.19
      vertex -7.826 17.9848 2.4
    endloop
  endfacet
  facet normal 0.752403 0.658703 0
    outer loop
      vertex -7.826 17.9848 1.19
      vertex -7.77426 17.9257 2.4
      vertex -7.77426 17.9257 1.19
    endloop
  endfacet
  facet normal -0.997844 0.0656309 0
    outer loop
      vertex 7.94485 18.2717 1.19
      vertex 7.95 18.35 2.4
      vertex 7.95 18.35 1.19
    endloop
  endfacet
  facet normal -0.997844 0.0656309 0
    outer loop
      vertex 7.95 18.35 2.4
      vertex 7.94485 18.2717 1.19
      vertex 7.94485 18.2717 2.4
    endloop
  endfacet
  facet normal -0.442211 0.896911 0
    outer loop
      vertex 7.64999 17.8304 1.19
      vertex 7.57961 17.7957 2.4
      vertex 7.64999 17.8304 2.4
    endloop
  endfacet
  facet normal -0.442211 0.896911 0
    outer loop
      vertex 7.57961 17.7957 2.4
      vertex 7.64999 17.8304 1.19
      vertex 7.57961 17.7957 1.19
    endloop
  endfacet
  facet normal -0.555582 0.831462 0
    outer loop
      vertex 7.71524 17.874 1.19
      vertex 7.64999 17.8304 2.4
      vertex 7.71524 17.874 2.4
    endloop
  endfacet
  facet normal -0.555582 0.831462 0
    outer loop
      vertex 7.64999 17.8304 2.4
      vertex 7.71524 17.874 1.19
      vertex 7.64999 17.8304 1.19
    endloop
  endfacet
  facet normal -0.321078 0.947053 0
    outer loop
      vertex 8.37961 16.9957 0
      vertex 8.30528 16.9705 1.19
      vertex 8.37961 16.9957 1.19
    endloop
  endfacet
  facet normal -0.321078 0.947053 0
    outer loop
      vertex 8.30528 16.9705 1.19
      vertex 8.37961 16.9957 0
      vertex 8.30528 16.9705 0
    endloop
  endfacet
  facet normal 0 1 -0
    outer loop
      vertex 8.14999 16.95 0
      vertex -8.14999 16.95 1.19
      vertex 8.14999 16.95 1.19
    endloop
  endfacet
  facet normal 0 1 0
    outer loop
      vertex -8.14999 16.95 1.19
      vertex 8.14999 16.95 0
      vertex -8.14999 16.95 0
    endloop
  endfacet
  facet normal -0.19494 0.980815 0
    outer loop
      vertex 8.30528 16.9705 0
      vertex 8.2283 16.9552 1.19
      vertex 8.30528 16.9705 1.19
    endloop
  endfacet
  facet normal -0.19494 0.980815 0
    outer loop
      vertex 8.2283 16.9552 1.19
      vertex 8.30528 16.9705 0
      vertex 8.2283 16.9552 0
    endloop
  endfacet
  facet normal -0.75234 -0.658775 0
    outer loop
      vertex 8.62601 26.8152 0
      vertex 8.57426 26.8743 1.19
      vertex 8.57426 26.8743 0
    endloop
  endfacet
  facet normal -0.75234 -0.658775 0
    outer loop
      vertex 8.57426 26.8743 1.19
      vertex 8.62601 26.8152 0
      vertex 8.62601 26.8152 1.19
    endloop
  endfacet
  facet normal -0.0662568 -0.997803 0
    outer loop
      vertex 8.14999 27.05 0
      vertex 8.2283 27.0448 1.19
      vertex 8.14999 27.05 1.19
    endloop
  endfacet
  facet normal -0.0662568 -0.997803 -0
    outer loop
      vertex 8.2283 27.0448 1.19
      vertex 8.14999 27.05 0
      vertex 8.2283 27.0448 0
    endloop
  endfacet
  facet normal -0.0662568 0.997803 0
    outer loop
      vertex 8.2283 16.9552 0
      vertex 8.14999 16.95 1.19
      vertex 8.2283 16.9552 1.19
    endloop
  endfacet
  facet normal -0.0662568 0.997803 0
    outer loop
      vertex 8.14999 16.95 1.19
      vertex 8.2283 16.9552 0
      vertex 8.14999 16.95 0
    endloop
  endfacet
  facet normal 0.896961 0.44211 0
    outer loop
      vertex -8.66962 17.25 1.19
      vertex -8.70432 17.3204 0
      vertex -8.70432 17.3204 1.19
    endloop
  endfacet
  facet normal 0.896961 0.44211 0
    outer loop
      vertex -8.70432 17.3204 0
      vertex -8.66962 17.25 1.19
      vertex -8.66962 17.25 0
    endloop
  endfacet
  facet normal 0.0662568 0.997803 -0
    outer loop
      vertex -8.14999 16.95 0
      vertex -8.2283 16.9552 1.19
      vertex -8.14999 16.95 1.19
    endloop
  endfacet
  facet normal 0.0662568 0.997803 0
    outer loop
      vertex -8.2283 16.9552 1.19
      vertex -8.14999 16.95 0
      vertex -8.2283 16.9552 0
    endloop
  endfacet
  facet normal 0.321078 0.947053 -0
    outer loop
      vertex -8.30528 16.9705 0
      vertex -8.37961 16.9957 1.19
      vertex -8.30528 16.9705 1.19
    endloop
  endfacet
  facet normal 0.321078 0.947053 0
    outer loop
      vertex -8.37961 16.9957 1.19
      vertex -8.30528 16.9705 0
      vertex -8.37961 16.9957 0
    endloop
  endfacet
  facet normal 0.65892 -0.752213 0
    outer loop
      vertex -8.57426 26.8743 0
      vertex -8.51524 26.926 1.19
      vertex -8.57426 26.8743 1.19
    endloop
  endfacet
  facet normal 0.65892 -0.752213 0
    outer loop
      vertex -8.51524 26.926 1.19
      vertex -8.57426 26.8743 0
      vertex -8.51524 26.926 0
    endloop
  endfacet
  facet normal 0.896961 -0.44211 0
    outer loop
      vertex -8.70432 26.6796 1.19
      vertex -8.66962 26.75 0
      vertex -8.66962 26.75 1.19
    endloop
  endfacet
  facet normal 0.896961 -0.44211 0
    outer loop
      vertex -8.66962 26.75 0
      vertex -8.70432 26.6796 1.19
      vertex -8.70432 26.6796 0
    endloop
  endfacet
  facet normal 0.44216 -0.896936 0
    outer loop
      vertex -8.45 26.9696 0
      vertex -8.37961 27.0043 1.19
      vertex -8.45 26.9696 1.19
    endloop
  endfacet
  facet normal 0.44216 -0.896936 0
    outer loop
      vertex -8.37961 27.0043 1.19
      vertex -8.45 26.9696 0
      vertex -8.37961 27.0043 0
    endloop
  endfacet
  facet normal -1 0 0
    outer loop
      vertex 8.75 17.55 0
      vertex 8.75 26.45 1.19
      vertex 8.75 26.45 0
    endloop
  endfacet
  facet normal -1 -0 0
    outer loop
      vertex 8.75 26.45 1.19
      vertex 8.75 17.55 0
      vertex 8.75 17.55 1.19
    endloop
  endfacet
  facet normal 1 -0 0
    outer loop
      vertex -8.75 17.55 1.19
      vertex -8.75 26.45 0
      vertex -8.75 26.45 1.19
    endloop
  endfacet
  facet normal 1 0 0
    outer loop
      vertex -8.75 26.45 0
      vertex -8.75 17.55 1.19
      vertex -8.75 17.55 0
    endloop
  endfacet
  facet normal 0.0662568 -0.997803 0
    outer loop
      vertex -8.2283 27.0448 0
      vertex -8.14999 27.05 1.19
      vertex -8.2283 27.0448 1.19
    endloop
  endfacet
  facet normal 0.0662568 -0.997803 0
    outer loop
      vertex -8.14999 27.05 1.19
      vertex -8.2283 27.0448 0
      vertex -8.14999 27.05 0
    endloop
  endfacet
  facet normal -0.321078 -0.947053 0
    outer loop
      vertex 8.30528 27.0295 0
      vertex 8.37961 27.0043 1.19
      vertex 8.30528 27.0295 1.19
    endloop
  endfacet
  facet normal -0.321078 -0.947053 -0
    outer loop
      vertex 8.37961 27.0043 1.19
      vertex 8.30528 27.0295 0
      vertex 8.37961 27.0043 0
    endloop
  endfacet
  facet normal 0.65892 0.752213 -0
    outer loop
      vertex -8.51524 17.074 0
      vertex -8.57426 17.1257 1.19
      vertex -8.51524 17.074 1.19
    endloop
  endfacet
  facet normal 0.65892 0.752213 0
    outer loop
      vertex -8.57426 17.1257 1.19
      vertex -8.51524 17.074 0
      vertex -8.57426 17.1257 0
    endloop
  endfacet
  facet normal 0.946897 -0.321537 0
    outer loop
      vertex -8.72955 26.6053 1.19
      vertex -8.70432 26.6796 0
      vertex -8.70432 26.6796 1.19
    endloop
  endfacet
  facet normal 0.946897 -0.321537 0
    outer loop
      vertex -8.70432 26.6796 0
      vertex -8.72955 26.6053 1.19
      vertex -8.72955 26.6053 0
    endloop
  endfacet
  facet normal 0.19494 0.980815 -0
    outer loop
      vertex -8.2283 16.9552 0
      vertex -8.30528 16.9705 1.19
      vertex -8.2283 16.9552 1.19
    endloop
  endfacet
  facet normal 0.19494 0.980815 0
    outer loop
      vertex -8.30528 16.9705 1.19
      vertex -8.2283 16.9552 0
      vertex -8.30528 16.9705 0
    endloop
  endfacet
  facet normal 0.75234 -0.658775 0
    outer loop
      vertex -8.62601 26.8152 1.19
      vertex -8.57426 26.8743 0
      vertex -8.57426 26.8743 1.19
    endloop
  endfacet
  facet normal 0.75234 -0.658775 0
    outer loop
      vertex -8.57426 26.8743 0
      vertex -8.62601 26.8152 1.19
      vertex -8.62601 26.8152 0
    endloop
  endfacet
  facet normal -0.980801 0.195014 0
    outer loop
      vertex 8.72955 17.3947 0
      vertex 8.74486 17.4717 1.19
      vertex 8.74486 17.4717 0
    endloop
  endfacet
  facet normal -0.980801 0.195014 0
    outer loop
      vertex 8.74486 17.4717 1.19
      vertex 8.72955 17.3947 0
      vertex 8.72955 17.3947 1.19
    endloop
  endfacet
  facet normal 0.44216 0.896936 -0
    outer loop
      vertex -8.37961 16.9957 0
      vertex -8.45 17.0304 1.19
      vertex -8.37961 16.9957 1.19
    endloop
  endfacet
  facet normal 0.44216 0.896936 0
    outer loop
      vertex -8.45 17.0304 1.19
      vertex -8.37961 16.9957 0
      vertex -8.45 17.0304 0
    endloop
  endfacet
  facet normal 0 -1 0
    outer loop
      vertex -8.14999 27.05 0
      vertex 8.14999 27.05 1.19
      vertex -8.14999 27.05 1.19
    endloop
  endfacet
  facet normal 0 -1 -0
    outer loop
      vertex 8.14999 27.05 1.19
      vertex -8.14999 27.05 0
      vertex 8.14999 27.05 0
    endloop
  endfacet
  facet normal -0.831206 -0.555965 0
    outer loop
      vertex 8.66962 26.75 0
      vertex 8.62601 26.8152 1.19
      vertex 8.62601 26.8152 0
    endloop
  endfacet
  facet normal -0.831206 -0.555965 0
    outer loop
      vertex 8.62601 26.8152 1.19
      vertex 8.66962 26.75 0
      vertex 8.66962 26.75 1.19
    endloop
  endfacet
  facet normal 0.321078 -0.947053 0
    outer loop
      vertex -8.37961 27.0043 0
      vertex -8.30528 27.0295 1.19
      vertex -8.37961 27.0043 1.19
    endloop
  endfacet
  facet normal 0.321078 -0.947053 0
    outer loop
      vertex -8.30528 27.0295 1.19
      vertex -8.37961 27.0043 0
      vertex -8.30528 27.0295 0
    endloop
  endfacet
  facet normal 0.831206 -0.555965 0
    outer loop
      vertex -8.66962 26.75 1.19
      vertex -8.62601 26.8152 0
      vertex -8.62601 26.8152 1.19
    endloop
  endfacet
  facet normal 0.831206 -0.555965 0
    outer loop
      vertex -8.62601 26.8152 0
      vertex -8.66962 26.75 1.19
      vertex -8.66962 26.75 0
    endloop
  endfacet
  facet normal 0.997852 -0.065504 0
    outer loop
      vertex -8.75 26.45 1.19
      vertex -8.74486 26.5283 0
      vertex -8.74486 26.5283 1.19
    endloop
  endfacet
  facet normal 0.997852 -0.065504 0
    outer loop
      vertex -8.74486 26.5283 0
      vertex -8.75 26.45 1.19
      vertex -8.75 26.45 0
    endloop
  endfacet
  facet normal 0.555641 0.831422 -0
    outer loop
      vertex -8.45 17.0304 0
      vertex -8.51524 17.074 1.19
      vertex -8.45 17.0304 1.19
    endloop
  endfacet
  facet normal 0.555641 0.831422 0
    outer loop
      vertex -8.51524 17.074 1.19
      vertex -8.45 17.0304 0
      vertex -8.51524 17.074 0
    endloop
  endfacet
  facet normal 0.19494 -0.980815 0
    outer loop
      vertex -8.30528 27.0295 0
      vertex -8.2283 27.0448 1.19
      vertex -8.30528 27.0295 1.19
    endloop
  endfacet
  facet normal 0.19494 -0.980815 0
    outer loop
      vertex -8.2283 27.0448 1.19
      vertex -8.30528 27.0295 0
      vertex -8.2283 27.0448 0
    endloop
  endfacet
  facet normal -0.896961 0.44211 0
    outer loop
      vertex 8.66962 17.25 0
      vertex 8.70432 17.3204 1.19
      vertex 8.70432 17.3204 0
    endloop
  endfacet
  facet normal -0.896961 0.44211 0
    outer loop
      vertex 8.70432 17.3204 1.19
      vertex 8.66962 17.25 0
      vertex 8.66962 17.25 1.19
    endloop
  endfacet
  facet normal -0.65892 0.752213 0
    outer loop
      vertex 8.57426 17.1257 0
      vertex 8.51524 17.074 1.19
      vertex 8.57426 17.1257 1.19
    endloop
  endfacet
  facet normal -0.65892 0.752213 0
    outer loop
      vertex 8.51524 17.074 1.19
      vertex 8.57426 17.1257 0
      vertex 8.51524 17.074 0
    endloop
  endfacet
  facet normal -0.555641 -0.831422 0
    outer loop
      vertex 8.45 26.9696 0
      vertex 8.51524 26.926 1.19
      vertex 8.45 26.9696 1.19
    endloop
  endfacet
  facet normal -0.555641 -0.831422 -0
    outer loop
      vertex 8.51524 26.926 1.19
      vertex 8.45 26.9696 0
      vertex 8.51524 26.926 0
    endloop
  endfacet
  facet normal -0.44216 -0.896936 0
    outer loop
      vertex 8.37961 27.0043 0
      vertex 8.45 26.9696 1.19
      vertex 8.37961 27.0043 1.19
    endloop
  endfacet
  facet normal -0.44216 -0.896936 -0
    outer loop
      vertex 8.45 26.9696 1.19
      vertex 8.37961 27.0043 0
      vertex 8.45 26.9696 0
    endloop
  endfacet
  facet normal -0.946897 -0.321537 0
    outer loop
      vertex 8.72955 26.6053 0
      vertex 8.70432 26.6796 1.19
      vertex 8.70432 26.6796 0
    endloop
  endfacet
  facet normal -0.946897 -0.321537 0
    outer loop
      vertex 8.70432 26.6796 1.19
      vertex 8.72955 26.6053 0
      vertex 8.72955 26.6053 1.19
    endloop
  endfacet
  facet normal -0.19494 -0.980815 0
    outer loop
      vertex 8.2283 27.0448 0
      vertex 8.30528 27.0295 1.19
      vertex 8.2283 27.0448 1.19
    endloop
  endfacet
  facet normal -0.19494 -0.980815 -0
    outer loop
      vertex 8.30528 27.0295 1.19
      vertex 8.2283 27.0448 0
      vertex 8.30528 27.0295 0
    endloop
  endfacet
  facet normal -0.997852 -0.065504 0
    outer loop
      vertex 8.75 26.45 0
      vertex 8.74486 26.5283 1.19
      vertex 8.74486 26.5283 0
    endloop
  endfacet
  facet normal -0.997852 -0.065504 0
    outer loop
      vertex 8.74486 26.5283 1.19
      vertex 8.75 26.45 0
      vertex 8.75 26.45 1.19
    endloop
  endfacet
  facet normal 0.555641 -0.831422 0
    outer loop
      vertex -8.51524 26.926 0
      vertex -8.45 26.9696 1.19
      vertex -8.51524 26.926 1.19
    endloop
  endfacet
  facet normal 0.555641 -0.831422 0
    outer loop
      vertex -8.45 26.9696 1.19
      vertex -8.51524 26.926 0
      vertex -8.45 26.9696 0
    endloop
  endfacet
  facet normal -0.831206 0.555965 0
    outer loop
      vertex 8.62601 17.1848 0
      vertex 8.66962 17.25 1.19
      vertex 8.66962 17.25 0
    endloop
  endfacet
  facet normal -0.831206 0.555965 0
    outer loop
      vertex 8.66962 17.25 1.19
      vertex 8.62601 17.1848 0
      vertex 8.62601 17.1848 1.19
    endloop
  endfacet
  facet normal -0.75234 0.658775 0
    outer loop
      vertex 8.57426 17.1257 0
      vertex 8.62601 17.1848 1.19
      vertex 8.62601 17.1848 0
    endloop
  endfacet
  facet normal -0.75234 0.658775 0
    outer loop
      vertex 8.62601 17.1848 1.19
      vertex 8.57426 17.1257 0
      vertex 8.57426 17.1257 1.19
    endloop
  endfacet
  facet normal 0.997852 0.065504 0
    outer loop
      vertex -8.74486 17.4717 1.19
      vertex -8.75 17.55 0
      vertex -8.75 17.55 1.19
    endloop
  endfacet
  facet normal 0.997852 0.065504 0
    outer loop
      vertex -8.75 17.55 0
      vertex -8.74486 17.4717 1.19
      vertex -8.74486 17.4717 0
    endloop
  endfacet
  facet normal 0.980801 -0.195014 0
    outer loop
      vertex -8.74486 26.5283 1.19
      vertex -8.72955 26.6053 0
      vertex -8.72955 26.6053 1.19
    endloop
  endfacet
  facet normal 0.980801 -0.195014 0
    outer loop
      vertex -8.72955 26.6053 0
      vertex -8.74486 26.5283 1.19
      vertex -8.74486 26.5283 0
    endloop
  endfacet
  facet normal -0.946897 0.321537 0
    outer loop
      vertex 8.70432 17.3204 0
      vertex 8.72955 17.3947 1.19
      vertex 8.72955 17.3947 0
    endloop
  endfacet
  facet normal -0.946897 0.321537 0
    outer loop
      vertex 8.72955 17.3947 1.19
      vertex 8.70432 17.3204 0
      vertex 8.70432 17.3204 1.19
    endloop
  endfacet
  facet normal -0.65892 -0.752213 0
    outer loop
      vertex 8.51524 26.926 0
      vertex 8.57426 26.8743 1.19
      vertex 8.51524 26.926 1.19
    endloop
  endfacet
  facet normal -0.65892 -0.752213 -0
    outer loop
      vertex 8.57426 26.8743 1.19
      vertex 8.51524 26.926 0
      vertex 8.57426 26.8743 0
    endloop
  endfacet
  facet normal -0.896961 -0.44211 0
    outer loop
      vertex 8.70432 26.6796 0
      vertex 8.66962 26.75 1.19
      vertex 8.66962 26.75 0
    endloop
  endfacet
  facet normal -0.896961 -0.44211 0
    outer loop
      vertex 8.66962 26.75 1.19
      vertex 8.70432 26.6796 0
      vertex 8.70432 26.6796 1.19
    endloop
  endfacet
  facet normal -0.980801 -0.195014 0
    outer loop
      vertex 8.74486 26.5283 0
      vertex 8.72955 26.6053 1.19
      vertex 8.72955 26.6053 0
    endloop
  endfacet
  facet normal -0.980801 -0.195014 0
    outer loop
      vertex 8.72955 26.6053 1.19
      vertex 8.74486 26.5283 0
      vertex 8.74486 26.5283 1.19
    endloop
  endfacet
  facet normal 0.980801 0.195014 0
    outer loop
      vertex -8.72955 17.3947 1.19
      vertex -8.74486 17.4717 0
      vertex -8.74486 17.4717 1.19
    endloop
  endfacet
  facet normal 0.980801 0.195014 0
    outer loop
      vertex -8.74486 17.4717 0
      vertex -8.72955 17.3947 1.19
      vertex -8.72955 17.3947 0
    endloop
  endfacet
  facet normal 0.946897 0.321537 0
    outer loop
      vertex -8.70432 17.3204 1.19
      vertex -8.72955 17.3947 0
      vertex -8.72955 17.3947 1.19
    endloop
  endfacet
  facet normal 0.946897 0.321537 0
    outer loop
      vertex -8.72955 17.3947 0
      vertex -8.70432 17.3204 1.19
      vertex -8.70432 17.3204 0
    endloop
  endfacet
  facet normal 0.831206 0.555965 0
    outer loop
      vertex -8.62601 17.1848 1.19
      vertex -8.66962 17.25 0
      vertex -8.66962 17.25 1.19
    endloop
  endfacet
  facet normal 0.831206 0.555965 0
    outer loop
      vertex -8.66962 17.25 0
      vertex -8.62601 17.1848 1.19
      vertex -8.62601 17.1848 0
    endloop
  endfacet
  facet normal 0.75234 0.658775 0
    outer loop
      vertex -8.57426 17.1257 1.19
      vertex -8.62601 17.1848 0
      vertex -8.62601 17.1848 1.19
    endloop
  endfacet
  facet normal 0.75234 0.658775 0
    outer loop
      vertex -8.62601 17.1848 0
      vertex -8.57426 17.1257 1.19
      vertex -8.57426 17.1257 0
    endloop
  endfacet
  facet normal -0.997852 0.065504 0
    outer loop
      vertex 8.74486 17.4717 0
      vertex 8.75 17.55 1.19
      vertex 8.75 17.55 0
    endloop
  endfacet
  facet normal -0.997852 0.065504 0
    outer loop
      vertex 8.75 17.55 1.19
      vertex 8.74486 17.4717 0
      vertex 8.74486 17.4717 1.19
    endloop
  endfacet
  facet normal 0 0 -1
    outer loop
      vertex 7.77426 17.9257 1.19
      vertex 8.75 17.55 1.19
      vertex 8.74486 17.4717 1.19
    endloop
  endfacet
  facet normal 0 0 -1
    outer loop
      vertex 8.75 17.55 1.19
      vertex 7.95 18.35 1.19
      vertex 8.75 26.45 1.19
    endloop
  endfacet
  facet normal 0 0 -1
    outer loop
      vertex 7.77426 17.9257 1.19
      vertex 8.74486 17.4717 1.19
      vertex 8.72955 17.3947 1.19
    endloop
  endfacet
  facet normal 0 0 -1
    outer loop
      vertex 7.95 25.65 1.19
      vertex 8.75 26.45 1.19
      vertex 7.95 18.35 1.19
    endloop
  endfacet
  facet normal 0 0 -1
    outer loop
      vertex 7.77426 17.9257 1.19
      vertex 8.72955 17.3947 1.19
      vertex 8.70432 17.3204 1.19
    endloop
  endfacet
  facet normal 0 0 -1
    outer loop
      vertex 7.94485 25.7283 1.19
      vertex 8.75 26.45 1.19
      vertex 7.95 25.65 1.19
    endloop
  endfacet
  facet normal 0 0 -1
    outer loop
      vertex 7.77426 17.9257 1.19
      vertex 8.70432 17.3204 1.19
      vertex 8.66962 17.25 1.19
    endloop
  endfacet
  facet normal 0 0 -1
    outer loop
      vertex 7.92955 25.8053 1.19
      vertex 8.75 26.45 1.19
      vertex 7.94485 25.7283 1.19
    endloop
  endfacet
  facet normal 0 0 -1
    outer loop
      vertex 7.77426 17.9257 1.19
      vertex 8.66962 17.25 1.19
      vertex 8.62601 17.1848 1.19
    endloop
  endfacet
  facet normal 0 0 -1
    outer loop
      vertex 7.90431 25.8796 1.19
      vertex 8.75 26.45 1.19
      vertex 7.92955 25.8053 1.19
    endloop
  endfacet
  facet normal 0 0 -1
    outer loop
      vertex 7.77426 17.9257 1.19
      vertex 8.62601 17.1848 1.19
      vertex 8.57426 17.1257 1.19
    endloop
  endfacet
  facet normal 0 0 -1
    outer loop
      vertex 7.86961 25.95 1.19
      vertex 8.75 26.45 1.19
      vertex 7.90431 25.8796 1.19
    endloop
  endfacet
  facet normal 0 0 -1
    outer loop
      vertex 7.77426 17.9257 1.19
      vertex 8.57426 17.1257 1.19
      vertex 8.51524 17.074 1.19
    endloop
  endfacet
  facet normal 0 0 -1
    outer loop
      vertex 7.826 26.0152 1.19
      vertex 8.75 26.45 1.19
      vertex 7.86961 25.95 1.19
    endloop
  endfacet
  facet normal 0 0 -1
    outer loop
      vertex 7.77426 17.9257 1.19
      vertex 8.51524 17.074 1.19
      vertex 8.45 17.0304 1.19
    endloop
  endfacet
  facet normal 0 0 -1
    outer loop
      vertex 7.77426 26.0743 1.19
      vertex 8.75 26.45 1.19
      vertex 7.826 26.0152 1.19
    endloop
  endfacet
  facet normal 0 0 -1
    outer loop
      vertex 7.77426 17.9257 1.19
      vertex 8.45 17.0304 1.19
      vertex 8.37961 16.9957 1.19
    endloop
  endfacet
  facet normal -0 0 -1
    outer loop
      vertex 8.75 26.45 1.19
      vertex 7.77426 26.0743 1.19
      vertex 8.74486 26.5283 1.19
    endloop
  endfacet
  facet normal 0 0 -1
    outer loop
      vertex 7.77426 17.9257 1.19
      vertex 8.37961 16.9957 1.19
      vertex 8.30528 16.9705 1.19
    endloop
  endfacet
  facet normal -0 0 -1
    outer loop
      vertex 8.74486 26.5283 1.19
      vertex 7.77426 26.0743 1.19
      vertex 8.72955 26.6053 1.19
    endloop
  endfacet
  facet normal 0 0 -1
    outer loop
      vertex 7.77426 17.9257 1.19
      vertex 8.30528 16.9705 1.19
      vertex 8.2283 16.9552 1.19
    endloop
  endfacet
  facet normal -0 0 -1
    outer loop
      vertex 8.72955 26.6053 1.19
      vertex 7.77426 26.0743 1.19
      vertex 8.70432 26.6796 1.19
    endloop
  endfacet
  facet normal 0 0 -1
    outer loop
      vertex 7.77426 17.9257 1.19
      vertex 8.2283 16.9552 1.19
      vertex 8.14999 16.95 1.19
    endloop
  endfacet
  facet normal -0 0 -1
    outer loop
      vertex 8.70432 26.6796 1.19
      vertex 7.77426 26.0743 1.19
      vertex 8.66962 26.75 1.19
    endloop
  endfacet
  facet normal -0 0 -1
    outer loop
      vertex 8.66962 26.75 1.19
      vertex 7.77426 26.0743 1.19
      vertex 8.62601 26.8152 1.19
    endloop
  endfacet
  facet normal 0 0 -1
    outer loop
      vertex 8.75 17.55 1.19
      vertex 7.94485 18.2717 1.19
      vertex 7.95 18.35 1.19
    endloop
  endfacet
  facet normal 0 0 -1
    outer loop
      vertex 8.75 17.55 1.19
      vertex 7.92955 18.1947 1.19
      vertex 7.94485 18.2717 1.19
    endloop
  endfacet
  facet normal 0 0 -1
    outer loop
      vertex 8.75 17.55 1.19
      vertex 7.90431 18.1204 1.19
      vertex 7.92955 18.1947 1.19
    endloop
  endfacet
  facet normal 0 0 -1
    outer loop
      vertex 8.75 17.55 1.19
      vertex 7.86961 18.05 1.19
      vertex 7.90431 18.1204 1.19
    endloop
  endfacet
  facet normal 0 0 -1
    outer loop
      vertex 8.75 17.55 1.19
      vertex 7.826 17.9848 1.19
      vertex 7.86961 18.05 1.19
    endloop
  endfacet
  facet normal 0 0 -1
    outer loop
      vertex 8.75 17.55 1.19
      vertex 7.77426 17.9257 1.19
      vertex 7.826 17.9848 1.19
    endloop
  endfacet
  facet normal 0 0 -1
    outer loop
      vertex 8.14999 16.95 1.19
      vertex 7.71524 17.874 1.19
      vertex 7.77426 17.9257 1.19
    endloop
  endfacet
  facet normal 0 0 -1
    outer loop
      vertex 8.14999 16.95 1.19
      vertex 7.64999 17.8304 1.19
      vertex 7.71524 17.874 1.19
    endloop
  endfacet
  facet normal 0 0 -1
    outer loop
      vertex 8.14999 16.95 1.19
      vertex 7.57961 17.7957 1.19
      vertex 7.64999 17.8304 1.19
    endloop
  endfacet
  facet normal 0 0 -1
    outer loop
      vertex 8.14999 16.95 1.19
      vertex 7.50528 17.7704 1.19
      vertex 7.57961 17.7957 1.19
    endloop
  endfacet
  facet normal 0 0 -1
    outer loop
      vertex 8.14999 16.95 1.19
      vertex 7.4283 17.7551 1.19
      vertex 7.50528 17.7704 1.19
    endloop
  endfacet
  facet normal 0 0 -1
    outer loop
      vertex 8.14999 16.95 1.19
      vertex 7.34999 17.75 1.19
      vertex 7.4283 17.7551 1.19
    endloop
  endfacet
  facet normal 0 0 -1
    outer loop
      vertex 8.14999 16.95 1.19
      vertex -7.34999 17.75 1.19
      vertex 7.34999 17.75 1.19
    endloop
  endfacet
  facet normal -0 0 -1
    outer loop
      vertex -7.94485 18.2717 1.19
      vertex -8.75 17.55 1.19
      vertex -7.95 18.35 1.19
    endloop
  endfacet
  facet normal -0 0 -1
    outer loop
      vertex -7.92955 18.1947 1.19
      vertex -8.75 17.55 1.19
      vertex -7.94485 18.2717 1.19
    endloop
  endfacet
  facet normal -0 0 -1
    outer loop
      vertex -7.90431 18.1204 1.19
      vertex -8.75 17.55 1.19
      vertex -7.92955 18.1947 1.19
    endloop
  endfacet
  facet normal -0 0 -1
    outer loop
      vertex -7.86961 18.05 1.19
      vertex -8.75 17.55 1.19
      vertex -7.90431 18.1204 1.19
    endloop
  endfacet
  facet normal -0 0 -1
    outer loop
      vertex -7.826 17.9848 1.19
      vertex -8.75 17.55 1.19
      vertex -7.86961 18.05 1.19
    endloop
  endfacet
  facet normal -0 0 -1
    outer loop
      vertex -7.77426 17.9257 1.19
      vertex -8.75 17.55 1.19
      vertex -7.826 17.9848 1.19
    endloop
  endfacet
  facet normal 0 0 -1
    outer loop
      vertex -8.75 17.55 1.19
      vertex -7.77426 17.9257 1.19
      vertex -8.14999 16.95 1.19
    endloop
  endfacet
  facet normal -0 0 -1
    outer loop
      vertex -7.71524 17.874 1.19
      vertex -8.14999 16.95 1.19
      vertex -7.77426 17.9257 1.19
    endloop
  endfacet
  facet normal -0 0 -1
    outer loop
      vertex -7.64999 17.8304 1.19
      vertex -8.14999 16.95 1.19
      vertex -7.71524 17.874 1.19
    endloop
  endfacet
  facet normal -0 0 -1
    outer loop
      vertex -7.57961 17.7957 1.19
      vertex -8.14999 16.95 1.19
      vertex -7.64999 17.8304 1.19
    endloop
  endfacet
  facet normal -0 0 -1
    outer loop
      vertex -7.50528 17.7704 1.19
      vertex -8.14999 16.95 1.19
      vertex -7.57961 17.7957 1.19
    endloop
  endfacet
  facet normal -0 0 -1
    outer loop
      vertex -7.4283 17.7551 1.19
      vertex -8.14999 16.95 1.19
      vertex -7.50528 17.7704 1.19
    endloop
  endfacet
  facet normal -0 0 -1
    outer loop
      vertex -7.34999 17.75 1.19
      vertex -8.14999 16.95 1.19
      vertex -7.4283 17.7551 1.19
    endloop
  endfacet
  facet normal 0 0 -1
    outer loop
      vertex -8.14999 16.95 1.19
      vertex -7.34999 17.75 1.19
      vertex 8.14999 16.95 1.19
    endloop
  endfacet
  facet normal -0 0 -1
    outer loop
      vertex 8.62601 26.8152 1.19
      vertex 7.77426 26.0743 1.19
      vertex 8.57426 26.8743 1.19
    endloop
  endfacet
  facet normal -0 0 -1
    outer loop
      vertex 8.57426 26.8743 1.19
      vertex 7.77426 26.0743 1.19
      vertex 8.51524 26.926 1.19
    endloop
  endfacet
  facet normal -0 0 -1
    outer loop
      vertex 8.51524 26.926 1.19
      vertex 7.77426 26.0743 1.19
      vertex 8.45 26.9696 1.19
    endloop
  endfacet
  facet normal -0 0 -1
    outer loop
      vertex 8.45 26.9696 1.19
      vertex 7.77426 26.0743 1.19
      vertex 8.37961 27.0043 1.19
    endloop
  endfacet
  facet normal -0 0 -1
    outer loop
      vertex 8.37961 27.0043 1.19
      vertex 7.77426 26.0743 1.19
      vertex 8.30528 27.0295 1.19
    endloop
  endfacet
  facet normal -0 0 -1
    outer loop
      vertex 8.30528 27.0295 1.19
      vertex 7.77426 26.0743 1.19
      vertex 8.2283 27.0448 1.19
    endloop
  endfacet
  facet normal -0 0 -1
    outer loop
      vertex 8.2283 27.0448 1.19
      vertex 7.77426 26.0743 1.19
      vertex 8.14999 27.05 1.19
    endloop
  endfacet
  facet normal 0 0 -1
    outer loop
      vertex 7.71524 26.126 1.19
      vertex 8.14999 27.05 1.19
      vertex 7.77426 26.0743 1.19
    endloop
  endfacet
  facet normal 0 0 -1
    outer loop
      vertex 7.64999 26.1696 1.19
      vertex 8.14999 27.05 1.19
      vertex 7.71524 26.126 1.19
    endloop
  endfacet
  facet normal 0 0 -1
    outer loop
      vertex 7.57961 26.2043 1.19
      vertex 8.14999 27.05 1.19
      vertex 7.64999 26.1696 1.19
    endloop
  endfacet
  facet normal 0 0 -1
    outer loop
      vertex 7.50528 26.2296 1.19
      vertex 8.14999 27.05 1.19
      vertex 7.57961 26.2043 1.19
    endloop
  endfacet
  facet normal 0 0 -1
    outer loop
      vertex 7.4283 26.2449 1.19
      vertex 8.14999 27.05 1.19
      vertex 7.50528 26.2296 1.19
    endloop
  endfacet
  facet normal 0 0 -1
    outer loop
      vertex 7.34999 26.25 1.19
      vertex 8.14999 27.05 1.19
      vertex 7.4283 26.2449 1.19
    endloop
  endfacet
  facet normal 0 0 -1
    outer loop
      vertex -7.34999 26.25 1.19
      vertex 8.14999 27.05 1.19
      vertex 7.34999 26.25 1.19
    endloop
  endfacet
  facet normal 0 0 -1
    outer loop
      vertex -7.34999 26.25 1.19
      vertex -8.14999 27.05 1.19
      vertex 8.14999 27.05 1.19
    endloop
  endfacet
  facet normal 0 0 -1
    outer loop
      vertex -7.4283 26.2449 1.19
      vertex -8.14999 27.05 1.19
      vertex -7.34999 26.25 1.19
    endloop
  endfacet
  facet normal 0 0 -1
    outer loop
      vertex -7.50528 26.2296 1.19
      vertex -8.14999 27.05 1.19
      vertex -7.4283 26.2449 1.19
    endloop
  endfacet
  facet normal 0 0 -1
    outer loop
      vertex -7.57961 26.2043 1.19
      vertex -8.14999 27.05 1.19
      vertex -7.50528 26.2296 1.19
    endloop
  endfacet
  facet normal 0 0 -1
    outer loop
      vertex -7.64999 26.1696 1.19
      vertex -8.14999 27.05 1.19
      vertex -7.57961 26.2043 1.19
    endloop
  endfacet
  facet normal 0 0 -1
    outer loop
      vertex -7.71524 26.126 1.19
      vertex -8.14999 27.05 1.19
      vertex -7.64999 26.1696 1.19
    endloop
  endfacet
  facet normal 0 0 -1
    outer loop
      vertex -7.77426 26.0743 1.19
      vertex -8.14999 27.05 1.19
      vertex -7.71524 26.126 1.19
    endloop
  endfacet
  facet normal 0 0 -1
    outer loop
      vertex -8.75 26.45 1.19
      vertex -7.77426 26.0743 1.19
      vertex -7.826 26.0152 1.19
    endloop
  endfacet
  facet normal 0 0 -1
    outer loop
      vertex -8.75 26.45 1.19
      vertex -7.826 26.0152 1.19
      vertex -7.86961 25.95 1.19
    endloop
  endfacet
  facet normal 0 0 -1
    outer loop
      vertex -8.75 26.45 1.19
      vertex -7.86961 25.95 1.19
      vertex -7.90431 25.8796 1.19
    endloop
  endfacet
  facet normal 0 0 -1
    outer loop
      vertex -8.75 26.45 1.19
      vertex -7.90431 25.8796 1.19
      vertex -7.92955 25.8053 1.19
    endloop
  endfacet
  facet normal 0 0 -1
    outer loop
      vertex -8.75 26.45 1.19
      vertex -7.92955 25.8053 1.19
      vertex -7.94485 25.7283 1.19
    endloop
  endfacet
  facet normal 0 0 -1
    outer loop
      vertex -8.75 26.45 1.19
      vertex -7.94485 25.7283 1.19
      vertex -7.95 25.65 1.19
    endloop
  endfacet
  facet normal -0 0 -1
    outer loop
      vertex -7.95 18.35 1.19
      vertex -8.75 17.55 1.19
      vertex -7.95 25.65 1.19
    endloop
  endfacet
  facet normal 0 0 -1
    outer loop
      vertex -8.75 17.55 1.19
      vertex -8.14999 16.95 1.19
      vertex -8.2283 16.9552 1.19
    endloop
  endfacet
  facet normal 0 0 -1
    outer loop
      vertex -8.75 26.45 1.19
      vertex -7.95 25.65 1.19
      vertex -8.75 17.55 1.19
    endloop
  endfacet
  facet normal 0 0 -1
    outer loop
      vertex -8.75 17.55 1.19
      vertex -8.2283 16.9552 1.19
      vertex -8.30528 16.9705 1.19
    endloop
  endfacet
  facet normal 0 0 -1
    outer loop
      vertex -7.77426 26.0743 1.19
      vertex -8.75 26.45 1.19
      vertex -8.72955 26.6053 1.19
    endloop
  endfacet
  facet normal 0 0 -1
    outer loop
      vertex -8.75 17.55 1.19
      vertex -8.30528 16.9705 1.19
      vertex -8.37961 16.9957 1.19
    endloop
  endfacet
  facet normal 0 0 -1
    outer loop
      vertex -7.77426 26.0743 1.19
      vertex -8.2283 27.0448 1.19
      vertex -8.14999 27.05 1.19
    endloop
  endfacet
  facet normal 0 0 -1
    outer loop
      vertex -8.75 17.55 1.19
      vertex -8.37961 16.9957 1.19
      vertex -8.45 17.0304 1.19
    endloop
  endfacet
  facet normal 0 0 -1
    outer loop
      vertex -7.77426 26.0743 1.19
      vertex -8.30528 27.0295 1.19
      vertex -8.2283 27.0448 1.19
    endloop
  endfacet
  facet normal 0 0 -1
    outer loop
      vertex -8.75 17.55 1.19
      vertex -8.45 17.0304 1.19
      vertex -8.51524 17.074 1.19
    endloop
  endfacet
  facet normal 0 0 -1
    outer loop
      vertex -7.77426 26.0743 1.19
      vertex -8.37961 27.0043 1.19
      vertex -8.30528 27.0295 1.19
    endloop
  endfacet
  facet normal 0 0 -1
    outer loop
      vertex -8.75 17.55 1.19
      vertex -8.51524 17.074 1.19
      vertex -8.57426 17.1257 1.19
    endloop
  endfacet
  facet normal 0 0 -1
    outer loop
      vertex -7.77426 26.0743 1.19
      vertex -8.45 26.9696 1.19
      vertex -8.37961 27.0043 1.19
    endloop
  endfacet
  facet normal 0 0 -1
    outer loop
      vertex -8.75 17.55 1.19
      vertex -8.57426 17.1257 1.19
      vertex -8.62601 17.1848 1.19
    endloop
  endfacet
  facet normal 0 0 -1
    outer loop
      vertex -7.77426 26.0743 1.19
      vertex -8.51524 26.926 1.19
      vertex -8.45 26.9696 1.19
    endloop
  endfacet
  facet normal 0 0 -1
    outer loop
      vertex -8.75 17.55 1.19
      vertex -8.62601 17.1848 1.19
      vertex -8.66962 17.25 1.19
    endloop
  endfacet
  facet normal 0 0 -1
    outer loop
      vertex -7.77426 26.0743 1.19
      vertex -8.57426 26.8743 1.19
      vertex -8.51524 26.926 1.19
    endloop
  endfacet
  facet normal 0 0 -1
    outer loop
      vertex -8.75 17.55 1.19
      vertex -8.66962 17.25 1.19
      vertex -8.70432 17.3204 1.19
    endloop
  endfacet
  facet normal 0 0 -1
    outer loop
      vertex -7.77426 26.0743 1.19
      vertex -8.62601 26.8152 1.19
      vertex -8.57426 26.8743 1.19
    endloop
  endfacet
  facet normal 0 0 -1
    outer loop
      vertex -8.75 17.55 1.19
      vertex -8.70432 17.3204 1.19
      vertex -8.72955 17.3947 1.19
    endloop
  endfacet
  facet normal 0 0 -1
    outer loop
      vertex -7.77426 26.0743 1.19
      vertex -8.66962 26.75 1.19
      vertex -8.62601 26.8152 1.19
    endloop
  endfacet
  facet normal 0 0 -1
    outer loop
      vertex -8.75 17.55 1.19
      vertex -8.72955 17.3947 1.19
      vertex -8.74486 17.4717 1.19
    endloop
  endfacet
  facet normal 0 0 -1
    outer loop
      vertex -7.77426 26.0743 1.19
      vertex -8.70432 26.6796 1.19
      vertex -8.66962 26.75 1.19
    endloop
  endfacet
  facet normal 0 0 -1
    outer loop
      vertex -7.77426 26.0743 1.19
      vertex -8.72955 26.6053 1.19
      vertex -8.70432 26.6796 1.19
    endloop
  endfacet
  facet normal 0 0 -1
    outer loop
      vertex -8.72955 26.6053 1.19
      vertex -8.75 26.45 1.19
      vertex -8.74486 26.5283 1.19
    endloop
  endfacet
  facet normal -0.44216 0.896936 0
    outer loop
      vertex 8.45 17.0304 0
      vertex 8.37961 16.9957 1.19
      vertex 8.45 17.0304 1.19
    endloop
  endfacet
  facet normal -0.44216 0.896936 0
    outer loop
      vertex 8.37961 16.9957 1.19
      vertex 8.45 17.0304 0
      vertex 8.37961 16.9957 0
    endloop
  endfacet
  facet normal -0.555641 0.831422 0
    outer loop
      vertex 8.51524 17.074 0
      vertex 8.45 17.0304 1.19
      vertex 8.51524 17.074 1.19
    endloop
  endfacet
  facet normal -0.555641 0.831422 0
    outer loop
      vertex 8.45 17.0304 1.19
      vertex 8.51524 17.074 0
      vertex 8.45 17.0304 0
    endloop
  endfacet
endsolid OpenSCAD_Model
