solid OpenSCAD_Model
  facet normal -0 0.19494 0.980815
    outer loop
      vertex 26.6 -5.57829 5.30515
      vertex 27.4 -5.65527 5.32045
      vertex 27.4 -5.57829 5.30515
    endloop
  endfacet
  facet normal 0 0.19494 0.980815
    outer loop
      vertex 27.4 -5.65527 5.32045
      vertex 26.6 -5.57829 5.30515
      vertex 26.6 -5.65527 5.32045
    endloop
  endfacet
  facet normal 0 0.946923 0.32146
    outer loop
      vertex 27.4 -6.05431 5.6704
      vertex 26.6 -6.07954 5.74472
      vertex 27.4 -6.07954 5.74472
    endloop
  endfacet
  facet normal 0 0.946923 0.32146
    outer loop
      vertex 26.6 -6.07954 5.74472
      vertex 27.4 -6.05431 5.6704
      vertex 26.6 -6.05431 5.6704
    endloop
  endfacet
  facet normal -0 0.44216 0.896936
    outer loop
      vertex 26.6 -5.7296 5.34569
      vertex 27.4 -5.79999 5.38039
      vertex 27.4 -5.7296 5.34569
    endloop
  endfacet
  facet normal 0 0.44216 0.896936
    outer loop
      vertex 27.4 -5.79999 5.38039
      vertex 26.6 -5.7296 5.34569
      vertex 26.6 -5.79999 5.38039
    endloop
  endfacet
  facet normal 0 1 -0
    outer loop
      vertex 27.4 -6.09999 5.90001
      vertex 26.6 -6.09999 12.5
      vertex 27.4 -6.09999 12.5
    endloop
  endfacet
  facet normal 0 1 0
    outer loop
      vertex 26.6 -6.09999 12.5
      vertex 27.4 -6.09999 5.90001
      vertex 26.6 -6.09999 5.90001
    endloop
  endfacet
  facet normal 0 0.980791 0.195062
    outer loop
      vertex 27.4 -6.07954 5.74472
      vertex 26.6 -6.09485 5.8217
      vertex 27.4 -6.09485 5.8217
    endloop
  endfacet
  facet normal 0 0.980791 0.195062
    outer loop
      vertex 26.6 -6.09485 5.8217
      vertex 27.4 -6.07954 5.74472
      vertex 26.6 -6.07954 5.74472
    endloop
  endfacet
  facet normal 0 -0.831403 0.55567
    outer loop
      vertex 26.6 5.976 5.53476
      vertex 27.4 6.01961 5.60001
      vertex 26.6 6.01961 5.60001
    endloop
  endfacet
  facet normal 0 -0.831403 0.55567
    outer loop
      vertex 27.4 6.01961 5.60001
      vertex 26.6 5.976 5.53476
      vertex 27.4 5.976 5.53476
    endloop
  endfacet
  facet normal 0 -1 0
    outer loop
      vertex 26.6 6.09999 5.90001
      vertex 27.4 6.09999 12.5
      vertex 26.6 6.09999 12.5
    endloop
  endfacet
  facet normal 0 -1 -0
    outer loop
      vertex 27.4 6.09999 12.5
      vertex 26.6 6.09999 5.90001
      vertex 27.4 6.09999 5.90001
    endloop
  endfacet
  facet normal 0 -0.321078 -0.947053
    outer loop
      vertex 26.6 5.65527 13.0795
      vertex 27.4 5.7296 13.0543
      vertex 27.4 5.65527 13.0795
    endloop
  endfacet
  facet normal -0 -0.321078 -0.947053
    outer loop
      vertex 27.4 5.7296 13.0543
      vertex 26.6 5.65527 13.0795
      vertex 26.6 5.7296 13.0543
    endloop
  endfacet
  facet normal 0 0.997853 0.0654956
    outer loop
      vertex 27.4 -6.09485 5.8217
      vertex 26.6 -6.09999 5.90001
      vertex 27.4 -6.09999 5.90001
    endloop
  endfacet
  facet normal 0 0.997853 0.0654956
    outer loop
      vertex 26.6 -6.09999 5.90001
      vertex 27.4 -6.09485 5.8217
      vertex 26.6 -6.09485 5.8217
    endloop
  endfacet
  facet normal 0 0.658856 -0.752269
    outer loop
      vertex 26.6 -5.92426 12.9243
      vertex 27.4 -5.86523 12.976
      vertex 27.4 -5.92426 12.9243
    endloop
  endfacet
  facet normal 0 0.658856 -0.752269
    outer loop
      vertex 27.4 -5.86523 12.976
      vertex 26.6 -5.92426 12.9243
      vertex 26.6 -5.86523 12.976
    endloop
  endfacet
  facet normal 0 -0.659145 0.752016
    outer loop
      vertex 26.6 5.92426 5.47574
      vertex 27.4 5.86523 5.424
      vertex 27.4 5.92426 5.47574
    endloop
  endfacet
  facet normal 0 -0.659145 0.752016
    outer loop
      vertex 27.4 5.86523 5.424
      vertex 26.6 5.92426 5.47574
      vertex 26.6 5.86523 5.424
    endloop
  endfacet
  facet normal 0 0.896961 -0.44211
    outer loop
      vertex 27.4 -6.05431 12.7296
      vertex 26.6 -6.01961 12.8
      vertex 27.4 -6.01961 12.8
    endloop
  endfacet
  facet normal 0 0.896961 -0.44211
    outer loop
      vertex 26.6 -6.01961 12.8
      vertex 27.4 -6.05431 12.7296
      vertex 26.6 -6.05431 12.7296
    endloop
  endfacet
  facet normal 0 -0.997852 -0.065504
    outer loop
      vertex 26.6 6.09999 12.5
      vertex 27.4 6.09485 12.5783
      vertex 26.6 6.09485 12.5783
    endloop
  endfacet
  facet normal 0 -0.997852 -0.065504
    outer loop
      vertex 27.4 6.09485 12.5783
      vertex 26.6 6.09999 12.5
      vertex 27.4 6.09999 12.5
    endloop
  endfacet
  facet normal -0 0 1
    outer loop
      vertex 26.6 5.49998 5.30001
      vertex 27.4 -5.49998 5.30001
      vertex 27.4 5.49998 5.30001
    endloop
  endfacet
  facet normal 0 0 1
    outer loop
      vertex 27.4 -5.49998 5.30001
      vertex 26.6 5.49998 5.30001
      vertex 26.6 -5.49998 5.30001
    endloop
  endfacet
  facet normal 0 0 -1
    outer loop
      vertex 26.6 -5.49998 13.1
      vertex 27.4 5.49998 13.1
      vertex 27.4 -5.49998 13.1
    endloop
  endfacet
  facet normal -0 0 -1
    outer loop
      vertex 27.4 5.49998 13.1
      vertex 26.6 -5.49998 13.1
      vertex 26.6 5.49998 13.1
    endloop
  endfacet
  facet normal 0 -0.896961 -0.44211
    outer loop
      vertex 26.6 6.05431 12.7296
      vertex 27.4 6.01961 12.8
      vertex 26.6 6.01961 12.8
    endloop
  endfacet
  facet normal 0 -0.896961 -0.44211
    outer loop
      vertex 27.4 6.01961 12.8
      vertex 26.6 6.05431 12.7296
      vertex 27.4 6.05431 12.7296
    endloop
  endfacet
  facet normal 0 -0.980791 0.195062
    outer loop
      vertex 26.6 6.07954 5.74472
      vertex 27.4 6.09485 5.8217
      vertex 26.6 6.09485 5.8217
    endloop
  endfacet
  facet normal 0 -0.980791 0.195062
    outer loop
      vertex 27.4 6.09485 5.8217
      vertex 26.6 6.07954 5.74472
      vertex 27.4 6.07954 5.74472
    endloop
  endfacet
  facet normal 0 0.831206 -0.555965
    outer loop
      vertex 27.4 -6.01961 12.8
      vertex 26.6 -5.976 12.8652
      vertex 27.4 -5.976 12.8652
    endloop
  endfacet
  facet normal 0 0.831206 -0.555965
    outer loop
      vertex 26.6 -5.976 12.8652
      vertex 27.4 -6.01961 12.8
      vertex 26.6 -6.01961 12.8
    endloop
  endfacet
  facet normal -0 0.555729 0.831363
    outer loop
      vertex 26.6 -5.79999 5.38039
      vertex 27.4 -5.86523 5.424
      vertex 27.4 -5.79999 5.38039
    endloop
  endfacet
  facet normal 0 0.555729 0.831363
    outer loop
      vertex 27.4 -5.86523 5.424
      vertex 26.6 -5.79999 5.38039
      vertex 26.6 -5.86523 5.424
    endloop
  endfacet
  facet normal 0 0.555641 -0.831422
    outer loop
      vertex 26.6 -5.86523 12.976
      vertex 27.4 -5.79999 13.0196
      vertex 27.4 -5.86523 12.976
    endloop
  endfacet
  facet normal 0 0.555641 -0.831422
    outer loop
      vertex 27.4 -5.79999 13.0196
      vertex 26.6 -5.86523 12.976
      vertex 26.6 -5.79999 13.0196
    endloop
  endfacet
  facet normal 0 -0.0654956 0.997853
    outer loop
      vertex 26.6 5.57829 5.30515
      vertex 27.4 5.49998 5.30001
      vertex 27.4 5.57829 5.30515
    endloop
  endfacet
  facet normal 0 -0.0654956 0.997853
    outer loop
      vertex 27.4 5.49998 5.30001
      vertex 26.6 5.57829 5.30515
      vertex 26.6 5.49998 5.30001
    endloop
  endfacet
  facet normal 0 -0.752403 -0.658703
    outer loop
      vertex 26.6 5.976 12.8652
      vertex 27.4 5.92426 12.9243
      vertex 26.6 5.92426 12.9243
    endloop
  endfacet
  facet normal 0 -0.752403 -0.658703
    outer loop
      vertex 27.4 5.92426 12.9243
      vertex 26.6 5.976 12.8652
      vertex 27.4 5.976 12.8652
    endloop
  endfacet
  facet normal 0 -0.946923 0.32146
    outer loop
      vertex 26.6 6.05431 5.6704
      vertex 27.4 6.07954 5.74472
      vertex 26.6 6.07954 5.74472
    endloop
  endfacet
  facet normal 0 -0.946923 0.32146
    outer loop
      vertex 27.4 6.07954 5.74472
      vertex 26.6 6.05431 5.6704
      vertex 27.4 6.05431 5.6704
    endloop
  endfacet
  facet normal 0 -0.196165 -0.980571
    outer loop
      vertex 26.6 5.57829 13.0949
      vertex 27.4 5.65527 13.0795
      vertex 27.4 5.57829 13.0949
    endloop
  endfacet
  facet normal -0 -0.196165 -0.980571
    outer loop
      vertex 27.4 5.65527 13.0795
      vertex 26.6 5.57829 13.0949
      vertex 26.6 5.65527 13.0795
    endloop
  endfacet
  facet normal 0 0.751961 0.659208
    outer loop
      vertex 27.4 -5.92426 5.47574
      vertex 26.6 -5.976 5.53476
      vertex 27.4 -5.976 5.53476
    endloop
  endfacet
  facet normal 0 0.751961 0.659208
    outer loop
      vertex 26.6 -5.976 5.53476
      vertex 27.4 -5.92426 5.47574
      vertex 26.6 -5.92426 5.47574
    endloop
  endfacet
  facet normal 0 -0.946897 -0.321537
    outer loop
      vertex 26.6 6.07954 12.6553
      vertex 27.4 6.05431 12.7296
      vertex 26.6 6.05431 12.7296
    endloop
  endfacet
  facet normal 0 -0.946897 -0.321537
    outer loop
      vertex 27.4 6.05431 12.7296
      vertex 26.6 6.07954 12.6553
      vertex 27.4 6.07954 12.6553
    endloop
  endfacet
  facet normal 0 -0.44216 -0.896936
    outer loop
      vertex 26.6 5.7296 13.0543
      vertex 27.4 5.79999 13.0196
      vertex 27.4 5.7296 13.0543
    endloop
  endfacet
  facet normal -0 -0.44216 -0.896936
    outer loop
      vertex 27.4 5.79999 13.0196
      vertex 26.6 5.7296 13.0543
      vertex 26.6 5.79999 13.0196
    endloop
  endfacet
  facet normal 0 -0.555641 -0.831422
    outer loop
      vertex 26.6 5.79999 13.0196
      vertex 27.4 5.86523 12.976
      vertex 27.4 5.79999 13.0196
    endloop
  endfacet
  facet normal -0 -0.555641 -0.831422
    outer loop
      vertex 27.4 5.86523 12.976
      vertex 26.6 5.79999 13.0196
      vertex 26.6 5.86523 12.976
    endloop
  endfacet
  facet normal 0 -0.831206 -0.555965
    outer loop
      vertex 26.6 6.01961 12.8
      vertex 27.4 5.976 12.8652
      vertex 26.6 5.976 12.8652
    endloop
  endfacet
  facet normal 0 -0.831206 -0.555965
    outer loop
      vertex 27.4 5.976 12.8652
      vertex 26.6 6.01961 12.8
      vertex 27.4 6.01961 12.8
    endloop
  endfacet
  facet normal 0 0.980801 -0.195014
    outer loop
      vertex 27.4 -6.09485 12.5783
      vertex 26.6 -6.07954 12.6553
      vertex 27.4 -6.07954 12.6553
    endloop
  endfacet
  facet normal 0 0.980801 -0.195014
    outer loop
      vertex 26.6 -6.07954 12.6553
      vertex 27.4 -6.09485 12.5783
      vertex 26.6 -6.09485 12.5783
    endloop
  endfacet
  facet normal 0 -0.658856 -0.752269
    outer loop
      vertex 26.6 5.86523 12.976
      vertex 27.4 5.92426 12.9243
      vertex 27.4 5.86523 12.976
    endloop
  endfacet
  facet normal -0 -0.658856 -0.752269
    outer loop
      vertex 27.4 5.92426 12.9243
      vertex 26.6 5.86523 12.976
      vertex 26.6 5.92426 12.9243
    endloop
  endfacet
  facet normal 0 -0.321535 0.946898
    outer loop
      vertex 26.6 5.7296 5.34569
      vertex 27.4 5.65527 5.32045
      vertex 27.4 5.7296 5.34569
    endloop
  endfacet
  facet normal 0 -0.321535 0.946898
    outer loop
      vertex 27.4 5.65527 5.32045
      vertex 26.6 5.7296 5.34569
      vertex 26.6 5.65527 5.32045
    endloop
  endfacet
  facet normal 0 -0.980801 -0.195014
    outer loop
      vertex 26.6 6.09485 12.5783
      vertex 27.4 6.07954 12.6553
      vertex 26.6 6.07954 12.6553
    endloop
  endfacet
  facet normal 0 -0.980801 -0.195014
    outer loop
      vertex 27.4 6.07954 12.6553
      vertex 26.6 6.09485 12.5783
      vertex 27.4 6.09485 12.5783
    endloop
  endfacet
  facet normal -0 0.321535 0.946898
    outer loop
      vertex 26.6 -5.65527 5.32045
      vertex 27.4 -5.7296 5.34569
      vertex 27.4 -5.65527 5.32045
    endloop
  endfacet
  facet normal 0 0.321535 0.946898
    outer loop
      vertex 27.4 -5.7296 5.34569
      vertex 26.6 -5.65527 5.32045
      vertex 26.6 -5.7296 5.34569
    endloop
  endfacet
  facet normal 0 -0.19494 0.980815
    outer loop
      vertex 26.6 5.65527 5.32045
      vertex 27.4 5.57829 5.30515
      vertex 27.4 5.65527 5.32045
    endloop
  endfacet
  facet normal 0 -0.19494 0.980815
    outer loop
      vertex 27.4 5.57829 5.30515
      vertex 26.6 5.65527 5.32045
      vertex 26.6 5.57829 5.30515
    endloop
  endfacet
  facet normal 0 -0.751961 0.659208
    outer loop
      vertex 26.6 5.92426 5.47574
      vertex 27.4 5.976 5.53476
      vertex 26.6 5.976 5.53476
    endloop
  endfacet
  facet normal 0 -0.751961 0.659208
    outer loop
      vertex 27.4 5.976 5.53476
      vertex 26.6 5.92426 5.47574
      vertex 27.4 5.92426 5.47574
    endloop
  endfacet
  facet normal 0 0.752403 -0.658703
    outer loop
      vertex 27.4 -5.976 12.8652
      vertex 26.6 -5.92426 12.9243
      vertex 27.4 -5.92426 12.9243
    endloop
  endfacet
  facet normal 0 0.752403 -0.658703
    outer loop
      vertex 26.6 -5.92426 12.9243
      vertex 27.4 -5.976 12.8652
      vertex 26.6 -5.976 12.8652
    endloop
  endfacet
  facet normal 0 0.997852 -0.065504
    outer loop
      vertex 27.4 -6.09999 12.5
      vertex 26.6 -6.09485 12.5783
      vertex 27.4 -6.09485 12.5783
    endloop
  endfacet
  facet normal 0 0.997852 -0.065504
    outer loop
      vertex 26.6 -6.09485 12.5783
      vertex 27.4 -6.09999 12.5
      vertex 26.6 -6.09999 12.5
    endloop
  endfacet
  facet normal 0 0.946897 -0.321537
    outer loop
      vertex 27.4 -6.07954 12.6553
      vertex 26.6 -6.05431 12.7296
      vertex 27.4 -6.05431 12.7296
    endloop
  endfacet
  facet normal 0 0.946897 -0.321537
    outer loop
      vertex 26.6 -6.05431 12.7296
      vertex 27.4 -6.07954 12.6553
      vertex 26.6 -6.07954 12.6553
    endloop
  endfacet
  facet normal 0 -0.555729 0.831363
    outer loop
      vertex 26.6 5.86523 5.424
      vertex 27.4 5.79999 5.38039
      vertex 27.4 5.86523 5.424
    endloop
  endfacet
  facet normal 0 -0.555729 0.831363
    outer loop
      vertex 27.4 5.79999 5.38039
      vertex 26.6 5.86523 5.424
      vertex 26.6 5.79999 5.38039
    endloop
  endfacet
  facet normal 0 -0.0649881 -0.997886
    outer loop
      vertex 26.6 5.49998 13.1
      vertex 27.4 5.57829 13.0949
      vertex 27.4 5.49998 13.1
    endloop
  endfacet
  facet normal -0 -0.0649881 -0.997886
    outer loop
      vertex 27.4 5.57829 13.0949
      vertex 26.6 5.49998 13.1
      vertex 26.6 5.57829 13.0949
    endloop
  endfacet
  facet normal 0 -0.44216 0.896936
    outer loop
      vertex 26.6 5.79999 5.38039
      vertex 27.4 5.7296 5.34569
      vertex 27.4 5.79999 5.38039
    endloop
  endfacet
  facet normal 0 -0.44216 0.896936
    outer loop
      vertex 27.4 5.7296 5.34569
      vertex 26.6 5.79999 5.38039
      vertex 26.6 5.7296 5.34569
    endloop
  endfacet
  facet normal -0 0.659145 0.752016
    outer loop
      vertex 26.6 -5.86523 5.424
      vertex 27.4 -5.92426 5.47574
      vertex 27.4 -5.86523 5.424
    endloop
  endfacet
  facet normal 0 0.659145 0.752016
    outer loop
      vertex 27.4 -5.92426 5.47574
      vertex 26.6 -5.86523 5.424
      vertex 26.6 -5.92426 5.47574
    endloop
  endfacet
  facet normal 0 0.196165 -0.980571
    outer loop
      vertex 26.6 -5.65527 13.0795
      vertex 27.4 -5.57829 13.0949
      vertex 27.4 -5.65527 13.0795
    endloop
  endfacet
  facet normal 0 0.196165 -0.980571
    outer loop
      vertex 27.4 -5.57829 13.0949
      vertex 26.6 -5.65527 13.0795
      vertex 26.6 -5.57829 13.0949
    endloop
  endfacet
  facet normal 0 0.0649881 -0.997886
    outer loop
      vertex 26.6 -5.57829 13.0949
      vertex 27.4 -5.49998 13.1
      vertex 27.4 -5.57829 13.0949
    endloop
  endfacet
  facet normal 0 0.0649881 -0.997886
    outer loop
      vertex 27.4 -5.49998 13.1
      vertex 26.6 -5.57829 13.0949
      vertex 26.6 -5.49998 13.1
    endloop
  endfacet
  facet normal 0 0.321078 -0.947053
    outer loop
      vertex 26.6 -5.7296 13.0543
      vertex 27.4 -5.65527 13.0795
      vertex 27.4 -5.7296 13.0543
    endloop
  endfacet
  facet normal 0 0.321078 -0.947053
    outer loop
      vertex 27.4 -5.65527 13.0795
      vertex 26.6 -5.7296 13.0543
      vertex 26.6 -5.65527 13.0795
    endloop
  endfacet
  facet normal 0 0.44216 -0.896936
    outer loop
      vertex 26.6 -5.79999 13.0196
      vertex 27.4 -5.7296 13.0543
      vertex 27.4 -5.79999 13.0196
    endloop
  endfacet
  facet normal 0 0.44216 -0.896936
    outer loop
      vertex 27.4 -5.7296 13.0543
      vertex 26.6 -5.79999 13.0196
      vertex 26.6 -5.7296 13.0543
    endloop
  endfacet
  facet normal 0 -0.997853 0.0654956
    outer loop
      vertex 26.6 6.09485 5.8217
      vertex 27.4 6.09999 5.90001
      vertex 26.6 6.09999 5.90001
    endloop
  endfacet
  facet normal 0 -0.997853 0.0654956
    outer loop
      vertex 27.4 6.09999 5.90001
      vertex 26.6 6.09485 5.8217
      vertex 27.4 6.09485 5.8217
    endloop
  endfacet
  facet normal 0 -0.896936 0.44216
    outer loop
      vertex 26.6 6.01961 5.60001
      vertex 27.4 6.05431 5.6704
      vertex 26.6 6.05431 5.6704
    endloop
  endfacet
  facet normal 0 -0.896936 0.44216
    outer loop
      vertex 27.4 6.05431 5.6704
      vertex 26.6 6.01961 5.60001
      vertex 27.4 6.01961 5.60001
    endloop
  endfacet
  facet normal -0 0.0654956 0.997853
    outer loop
      vertex 26.6 -5.49998 5.30001
      vertex 27.4 -5.57829 5.30515
      vertex 27.4 -5.49998 5.30001
    endloop
  endfacet
  facet normal 0 0.0654956 0.997853
    outer loop
      vertex 27.4 -5.57829 5.30515
      vertex 26.6 -5.49998 5.30001
      vertex 26.6 -5.57829 5.30515
    endloop
  endfacet
  facet normal 0 0.896936 0.44216
    outer loop
      vertex 27.4 -6.01961 5.60001
      vertex 26.6 -6.05431 5.6704
      vertex 27.4 -6.05431 5.6704
    endloop
  endfacet
  facet normal 0 0.896936 0.44216
    outer loop
      vertex 26.6 -6.05431 5.6704
      vertex 27.4 -6.01961 5.60001
      vertex 26.6 -6.01961 5.60001
    endloop
  endfacet
  facet normal 0 0.831403 0.55567
    outer loop
      vertex 27.4 -5.976 5.53476
      vertex 26.6 -6.01961 5.60001
      vertex 27.4 -6.01961 5.60001
    endloop
  endfacet
  facet normal 0 0.831403 0.55567
    outer loop
      vertex 26.6 -6.01961 5.60001
      vertex 27.4 -5.976 5.53476
      vertex 26.6 -5.976 5.53476
    endloop
  endfacet
  facet normal -0 0.19494 0.980815
    outer loop
      vertex 27.4 -6.3783 4.50515
      vertex 28.6 -6.45528 4.52045
      vertex 28.6 -6.3783 4.50515
    endloop
  endfacet
  facet normal 0 0.19494 0.980815
    outer loop
      vertex 28.6 -6.45528 4.52045
      vertex 27.4 -6.3783 4.50515
      vertex 27.4 -6.45528 4.52045
    endloop
  endfacet
  facet normal 0 0.946898 0.321535
    outer loop
      vertex 28.6 -6.85431 4.87039
      vertex 27.4 -6.87955 4.94472
      vertex 28.6 -6.87955 4.94472
    endloop
  endfacet
  facet normal 0 0.946898 0.321535
    outer loop
      vertex 27.4 -6.87955 4.94472
      vertex 28.6 -6.85431 4.87039
      vertex 27.4 -6.85431 4.87039
    endloop
  endfacet
  facet normal -0 0.44216 0.896936
    outer loop
      vertex 27.4 -6.5296 4.54569
      vertex 28.6 -6.59999 4.58039
      vertex 28.6 -6.5296 4.54569
    endloop
  endfacet
  facet normal 0 0.44216 0.896936
    outer loop
      vertex 28.6 -6.59999 4.58039
      vertex 27.4 -6.5296 4.54569
      vertex 27.4 -6.59999 4.58039
    endloop
  endfacet
  facet normal 0 1 -0
    outer loop
      vertex 28.6 -6.89999 5.10001
      vertex 27.4 -6.89999 13.3
      vertex 28.6 -6.89999 13.3
    endloop
  endfacet
  facet normal 0 1 0
    outer loop
      vertex 27.4 -6.89999 13.3
      vertex 28.6 -6.89999 5.10001
      vertex 27.4 -6.89999 5.10001
    endloop
  endfacet
  facet normal 0 0.980815 0.19494
    outer loop
      vertex 28.6 -6.87955 4.94472
      vertex 27.4 -6.89485 5.0217
      vertex 28.6 -6.89485 5.0217
    endloop
  endfacet
  facet normal 0 0.980815 0.19494
    outer loop
      vertex 27.4 -6.89485 5.0217
      vertex 28.6 -6.87955 4.94472
      vertex 27.4 -6.87955 4.94472
    endloop
  endfacet
  facet normal 0 -0.831403 0.55567
    outer loop
      vertex 27.4 6.776 4.73476
      vertex 28.6 6.81961 4.80001
      vertex 27.4 6.81961 4.80001
    endloop
  endfacet
  facet normal 0 -0.831403 0.55567
    outer loop
      vertex 28.6 6.81961 4.80001
      vertex 27.4 6.776 4.73476
      vertex 28.6 6.776 4.73476
    endloop
  endfacet
  facet normal 0 -1 0
    outer loop
      vertex 27.4 6.89999 5.10001
      vertex 28.6 6.89999 13.3
      vertex 27.4 6.89999 13.3
    endloop
  endfacet
  facet normal 0 -1 -0
    outer loop
      vertex 28.6 6.89999 13.3
      vertex 27.4 6.89999 5.10001
      vertex 28.6 6.89999 5.10001
    endloop
  endfacet
  facet normal 0 -0.321117 -0.94704
    outer loop
      vertex 27.4 6.45528 13.8795
      vertex 28.6 6.5296 13.8543
      vertex 28.6 6.45528 13.8795
    endloop
  endfacet
  facet normal -0 -0.321117 -0.94704
    outer loop
      vertex 28.6 6.5296 13.8543
      vertex 27.4 6.45528 13.8795
      vertex 27.4 6.5296 13.8543
    endloop
  endfacet
  facet normal 0 0.997853 0.0654956
    outer loop
      vertex 28.6 -6.89485 5.0217
      vertex 27.4 -6.89999 5.10001
      vertex 28.6 -6.89999 5.10001
    endloop
  endfacet
  facet normal 0 0.997853 0.0654956
    outer loop
      vertex 27.4 -6.89999 5.10001
      vertex 28.6 -6.89485 5.0217
      vertex 27.4 -6.89485 5.0217
    endloop
  endfacet
  facet normal 0 0.65892 -0.752213
    outer loop
      vertex 27.4 -6.72426 13.7243
      vertex 28.6 -6.66524 13.776
      vertex 28.6 -6.72426 13.7243
    endloop
  endfacet
  facet normal 0 0.65892 -0.752213
    outer loop
      vertex 28.6 -6.66524 13.776
      vertex 27.4 -6.72426 13.7243
      vertex 27.4 -6.66524 13.776
    endloop
  endfacet
  facet normal 0 -0.659208 0.751961
    outer loop
      vertex 27.4 6.72426 4.67574
      vertex 28.6 6.66524 4.624
      vertex 28.6 6.72426 4.67574
    endloop
  endfacet
  facet normal 0 -0.659208 0.751961
    outer loop
      vertex 28.6 6.66524 4.624
      vertex 27.4 6.72426 4.67574
      vertex 27.4 6.66524 4.624
    endloop
  endfacet
  facet normal 0 0.896961 -0.44211
    outer loop
      vertex 28.6 -6.85431 13.5296
      vertex 27.4 -6.81961 13.6
      vertex 28.6 -6.81961 13.6
    endloop
  endfacet
  facet normal 0 0.896961 -0.44211
    outer loop
      vertex 27.4 -6.81961 13.6
      vertex 28.6 -6.85431 13.5296
      vertex 27.4 -6.85431 13.5296
    endloop
  endfacet
  facet normal 0 -0.997852 -0.065504
    outer loop
      vertex 27.4 6.89999 13.3
      vertex 28.6 6.89485 13.3783
      vertex 27.4 6.89485 13.3783
    endloop
  endfacet
  facet normal 0 -0.997852 -0.065504
    outer loop
      vertex 28.6 6.89485 13.3783
      vertex 27.4 6.89999 13.3
      vertex 28.6 6.89999 13.3
    endloop
  endfacet
  facet normal -0 0 1
    outer loop
      vertex 27.4 6.29999 4.5
      vertex 28.6 -6.29999 4.5
      vertex 28.6 6.29999 4.5
    endloop
  endfacet
  facet normal 0 0 1
    outer loop
      vertex 28.6 -6.29999 4.5
      vertex 27.4 6.29999 4.5
      vertex 27.4 -6.29999 4.5
    endloop
  endfacet
  facet normal 0 0 -1
    outer loop
      vertex 27.4 -6.29999 13.9
      vertex 28.6 6.29999 13.9
      vertex 28.6 -6.29999 13.9
    endloop
  endfacet
  facet normal -0 0 -1
    outer loop
      vertex 28.6 6.29999 13.9
      vertex 27.4 -6.29999 13.9
      vertex 27.4 6.29999 13.9
    endloop
  endfacet
  facet normal 0 -0.896961 -0.44211
    outer loop
      vertex 27.4 6.85431 13.5296
      vertex 28.6 6.81961 13.6
      vertex 27.4 6.81961 13.6
    endloop
  endfacet
  facet normal 0 -0.896961 -0.44211
    outer loop
      vertex 28.6 6.81961 13.6
      vertex 27.4 6.85431 13.5296
      vertex 28.6 6.85431 13.5296
    endloop
  endfacet
  facet normal 0 -0.980815 0.19494
    outer loop
      vertex 27.4 6.87955 4.94472
      vertex 28.6 6.89485 5.0217
      vertex 27.4 6.89485 5.0217
    endloop
  endfacet
  facet normal 0 -0.980815 0.19494
    outer loop
      vertex 28.6 6.89485 5.0217
      vertex 27.4 6.87955 4.94472
      vertex 28.6 6.87955 4.94472
    endloop
  endfacet
  facet normal 0 0.831206 -0.555965
    outer loop
      vertex 28.6 -6.81961 13.6
      vertex 27.4 -6.776 13.6652
      vertex 28.6 -6.776 13.6652
    endloop
  endfacet
  facet normal 0 0.831206 -0.555965
    outer loop
      vertex 27.4 -6.776 13.6652
      vertex 28.6 -6.81961 13.6
      vertex 27.4 -6.81961 13.6
    endloop
  endfacet
  facet normal -0 0.55567 0.831403
    outer loop
      vertex 27.4 -6.59999 4.58039
      vertex 28.6 -6.66524 4.624
      vertex 28.6 -6.59999 4.58039
    endloop
  endfacet
  facet normal 0 0.55567 0.831403
    outer loop
      vertex 28.6 -6.66524 4.624
      vertex 27.4 -6.59999 4.58039
      vertex 27.4 -6.66524 4.624
    endloop
  endfacet
  facet normal 0 0.555582 -0.831462
    outer loop
      vertex 27.4 -6.66524 13.776
      vertex 28.6 -6.59999 13.8196
      vertex 28.6 -6.66524 13.776
    endloop
  endfacet
  facet normal 0 0.555582 -0.831462
    outer loop
      vertex 28.6 -6.59999 13.8196
      vertex 27.4 -6.66524 13.776
      vertex 27.4 -6.59999 13.8196
    endloop
  endfacet
  facet normal 0 -0.0656225 0.997845
    outer loop
      vertex 27.4 6.3783 4.50515
      vertex 28.6 6.29999 4.5
      vertex 28.6 6.3783 4.50515
    endloop
  endfacet
  facet normal 0 -0.0656225 0.997845
    outer loop
      vertex 28.6 6.29999 4.5
      vertex 27.4 6.3783 4.50515
      vertex 27.4 6.29999 4.5
    endloop
  endfacet
  facet normal 0 -0.752403 -0.658703
    outer loop
      vertex 27.4 6.776 13.6652
      vertex 28.6 6.72426 13.7243
      vertex 27.4 6.72426 13.7243
    endloop
  endfacet
  facet normal 0 -0.752403 -0.658703
    outer loop
      vertex 28.6 6.72426 13.7243
      vertex 27.4 6.776 13.6652
      vertex 28.6 6.776 13.6652
    endloop
  endfacet
  facet normal 0 -0.946898 0.321535
    outer loop
      vertex 27.4 6.85431 4.87039
      vertex 28.6 6.87955 4.94472
      vertex 27.4 6.87955 4.94472
    endloop
  endfacet
  facet normal 0 -0.946898 0.321535
    outer loop
      vertex 28.6 6.87955 4.94472
      vertex 27.4 6.85431 4.87039
      vertex 28.6 6.85431 4.87039
    endloop
  endfacet
  facet normal 0 -0.196165 -0.980571
    outer loop
      vertex 27.4 6.3783 13.8949
      vertex 28.6 6.45528 13.8795
      vertex 28.6 6.3783 13.8949
    endloop
  endfacet
  facet normal -0 -0.196165 -0.980571
    outer loop
      vertex 28.6 6.45528 13.8795
      vertex 27.4 6.3783 13.8949
      vertex 27.4 6.45528 13.8795
    endloop
  endfacet
  facet normal 0 0.751961 0.659208
    outer loop
      vertex 28.6 -6.72426 4.67574
      vertex 27.4 -6.776 4.73476
      vertex 28.6 -6.776 4.73476
    endloop
  endfacet
  facet normal 0 0.751961 0.659208
    outer loop
      vertex 27.4 -6.776 4.73476
      vertex 28.6 -6.72426 4.67574
      vertex 27.4 -6.72426 4.67574
    endloop
  endfacet
  facet normal 0 -0.946858 -0.321651
    outer loop
      vertex 27.4 6.87955 13.4553
      vertex 28.6 6.85431 13.5296
      vertex 27.4 6.85431 13.5296
    endloop
  endfacet
  facet normal 0 -0.946858 -0.321651
    outer loop
      vertex 28.6 6.85431 13.5296
      vertex 27.4 6.87955 13.4553
      vertex 28.6 6.87955 13.4553
    endloop
  endfacet
  facet normal 0 -0.44216 -0.896936
    outer loop
      vertex 27.4 6.5296 13.8543
      vertex 28.6 6.59999 13.8196
      vertex 28.6 6.5296 13.8543
    endloop
  endfacet
  facet normal -0 -0.44216 -0.896936
    outer loop
      vertex 28.6 6.59999 13.8196
      vertex 27.4 6.5296 13.8543
      vertex 27.4 6.59999 13.8196
    endloop
  endfacet
  facet normal 0 -0.555582 -0.831462
    outer loop
      vertex 27.4 6.59999 13.8196
      vertex 28.6 6.66524 13.776
      vertex 28.6 6.59999 13.8196
    endloop
  endfacet
  facet normal -0 -0.555582 -0.831462
    outer loop
      vertex 28.6 6.66524 13.776
      vertex 27.4 6.59999 13.8196
      vertex 27.4 6.66524 13.776
    endloop
  endfacet
  facet normal 0 -0.831206 -0.555965
    outer loop
      vertex 27.4 6.81961 13.6
      vertex 28.6 6.776 13.6652
      vertex 27.4 6.776 13.6652
    endloop
  endfacet
  facet normal 0 -0.831206 -0.555965
    outer loop
      vertex 28.6 6.776 13.6652
      vertex 27.4 6.81961 13.6
      vertex 28.6 6.81961 13.6
    endloop
  endfacet
  facet normal 0 0.980825 -0.194891
    outer loop
      vertex 28.6 -6.89485 13.3783
      vertex 27.4 -6.87955 13.4553
      vertex 28.6 -6.87955 13.4553
    endloop
  endfacet
  facet normal 0 0.980825 -0.194891
    outer loop
      vertex 27.4 -6.87955 13.4553
      vertex 28.6 -6.89485 13.3783
      vertex 27.4 -6.89485 13.3783
    endloop
  endfacet
  facet normal 0 -0.65892 -0.752213
    outer loop
      vertex 27.4 6.66524 13.776
      vertex 28.6 6.72426 13.7243
      vertex 28.6 6.66524 13.776
    endloop
  endfacet
  facet normal -0 -0.65892 -0.752213
    outer loop
      vertex 28.6 6.72426 13.7243
      vertex 27.4 6.66524 13.776
      vertex 27.4 6.72426 13.7243
    endloop
  endfacet
  facet normal 0 -0.321574 0.946885
    outer loop
      vertex 27.4 6.5296 4.54569
      vertex 28.6 6.45528 4.52045
      vertex 28.6 6.5296 4.54569
    endloop
  endfacet
  facet normal 0 -0.321574 0.946885
    outer loop
      vertex 28.6 6.45528 4.52045
      vertex 27.4 6.5296 4.54569
      vertex 27.4 6.45528 4.52045
    endloop
  endfacet
  facet normal 0 -0.980825 -0.194891
    outer loop
      vertex 27.4 6.89485 13.3783
      vertex 28.6 6.87955 13.4553
      vertex 27.4 6.87955 13.4553
    endloop
  endfacet
  facet normal 0 -0.980825 -0.194891
    outer loop
      vertex 28.6 6.87955 13.4553
      vertex 27.4 6.89485 13.3783
      vertex 28.6 6.89485 13.3783
    endloop
  endfacet
  facet normal 1 0 0
    outer loop
      vertex 27.4 5.92426 12.9243
      vertex 27.4 6.89999 13.3
      vertex 27.4 6.89485 13.3783
    endloop
  endfacet
  facet normal 1 0 0
    outer loop
      vertex 27.4 6.89999 13.3
      vertex 27.4 6.09999 12.5
      vertex 27.4 6.89999 5.10001
    endloop
  endfacet
  facet normal 1 0 0
    outer loop
      vertex 27.4 5.92426 12.9243
      vertex 27.4 6.89485 13.3783
      vertex 27.4 6.87955 13.4553
    endloop
  endfacet
  facet normal 1 -0 0
    outer loop
      vertex 27.4 6.09999 5.90001
      vertex 27.4 6.89999 5.10001
      vertex 27.4 6.09999 12.5
    endloop
  endfacet
  facet normal 1 0 0
    outer loop
      vertex 27.4 5.92426 12.9243
      vertex 27.4 6.87955 13.4553
      vertex 27.4 6.85431 13.5296
    endloop
  endfacet
  facet normal 1 -0 0
    outer loop
      vertex 27.4 6.09485 5.8217
      vertex 27.4 6.89999 5.10001
      vertex 27.4 6.09999 5.90001
    endloop
  endfacet
  facet normal 1 0 0
    outer loop
      vertex 27.4 5.92426 12.9243
      vertex 27.4 6.85431 13.5296
      vertex 27.4 6.81961 13.6
    endloop
  endfacet
  facet normal 1 -0 0
    outer loop
      vertex 27.4 6.07954 5.74472
      vertex 27.4 6.89999 5.10001
      vertex 27.4 6.09485 5.8217
    endloop
  endfacet
  facet normal 1 0 0
    outer loop
      vertex 27.4 5.92426 12.9243
      vertex 27.4 6.81961 13.6
      vertex 27.4 6.776 13.6652
    endloop
  endfacet
  facet normal 1 -0 0
    outer loop
      vertex 27.4 6.05431 5.6704
      vertex 27.4 6.89999 5.10001
      vertex 27.4 6.07954 5.74472
    endloop
  endfacet
  facet normal 1 0 0
    outer loop
      vertex 27.4 5.92426 12.9243
      vertex 27.4 6.776 13.6652
      vertex 27.4 6.72426 13.7243
    endloop
  endfacet
  facet normal 1 -0 0
    outer loop
      vertex 27.4 6.01961 5.60001
      vertex 27.4 6.89999 5.10001
      vertex 27.4 6.05431 5.6704
    endloop
  endfacet
  facet normal 1 0 0
    outer loop
      vertex 27.4 5.92426 12.9243
      vertex 27.4 6.72426 13.7243
      vertex 27.4 6.66524 13.776
    endloop
  endfacet
  facet normal 1 -0 0
    outer loop
      vertex 27.4 5.976 5.53476
      vertex 27.4 6.89999 5.10001
      vertex 27.4 6.01961 5.60001
    endloop
  endfacet
  facet normal 1 0 0
    outer loop
      vertex 27.4 5.92426 12.9243
      vertex 27.4 6.66524 13.776
      vertex 27.4 6.59999 13.8196
    endloop
  endfacet
  facet normal 1 -0 0
    outer loop
      vertex 27.4 5.92426 5.47574
      vertex 27.4 6.89999 5.10001
      vertex 27.4 5.976 5.53476
    endloop
  endfacet
  facet normal 1 0 0
    outer loop
      vertex 27.4 5.92426 12.9243
      vertex 27.4 6.59999 13.8196
      vertex 27.4 6.5296 13.8543
    endloop
  endfacet
  facet normal 1 0 0
    outer loop
      vertex 27.4 6.89999 5.10001
      vertex 27.4 5.92426 5.47574
      vertex 27.4 6.89485 5.0217
    endloop
  endfacet
  facet normal 1 0 0
    outer loop
      vertex 27.4 5.92426 12.9243
      vertex 27.4 6.5296 13.8543
      vertex 27.4 6.45528 13.8795
    endloop
  endfacet
  facet normal 1 0 0
    outer loop
      vertex 27.4 6.89485 5.0217
      vertex 27.4 5.92426 5.47574
      vertex 27.4 6.87955 4.94472
    endloop
  endfacet
  facet normal 1 0 0
    outer loop
      vertex 27.4 5.92426 12.9243
      vertex 27.4 6.45528 13.8795
      vertex 27.4 6.3783 13.8949
    endloop
  endfacet
  facet normal 1 0 0
    outer loop
      vertex 27.4 6.87955 4.94472
      vertex 27.4 5.92426 5.47574
      vertex 27.4 6.85431 4.87039
    endloop
  endfacet
  facet normal 1 0 0
    outer loop
      vertex 27.4 5.92426 12.9243
      vertex 27.4 6.3783 13.8949
      vertex 27.4 6.29999 13.9
    endloop
  endfacet
  facet normal 1 0 0
    outer loop
      vertex 27.4 6.85431 4.87039
      vertex 27.4 5.92426 5.47574
      vertex 27.4 6.81961 4.80001
    endloop
  endfacet
  facet normal 1 0 0
    outer loop
      vertex 27.4 6.81961 4.80001
      vertex 27.4 5.92426 5.47574
      vertex 27.4 6.776 4.73476
    endloop
  endfacet
  facet normal 1 0 0
    outer loop
      vertex 27.4 6.89999 13.3
      vertex 27.4 6.09485 12.5783
      vertex 27.4 6.09999 12.5
    endloop
  endfacet
  facet normal 1 0 0
    outer loop
      vertex 27.4 6.89999 13.3
      vertex 27.4 6.07954 12.6553
      vertex 27.4 6.09485 12.5783
    endloop
  endfacet
  facet normal 1 0 0
    outer loop
      vertex 27.4 6.89999 13.3
      vertex 27.4 6.05431 12.7296
      vertex 27.4 6.07954 12.6553
    endloop
  endfacet
  facet normal 1 0 0
    outer loop
      vertex 27.4 6.89999 13.3
      vertex 27.4 6.01961 12.8
      vertex 27.4 6.05431 12.7296
    endloop
  endfacet
  facet normal 1 0 0
    outer loop
      vertex 27.4 6.89999 13.3
      vertex 27.4 5.976 12.8652
      vertex 27.4 6.01961 12.8
    endloop
  endfacet
  facet normal 1 0 0
    outer loop
      vertex 27.4 6.89999 13.3
      vertex 27.4 5.92426 12.9243
      vertex 27.4 5.976 12.8652
    endloop
  endfacet
  facet normal 1 0 0
    outer loop
      vertex 27.4 6.29999 13.9
      vertex 27.4 5.86523 12.976
      vertex 27.4 5.92426 12.9243
    endloop
  endfacet
  facet normal 1 0 0
    outer loop
      vertex 27.4 6.29999 13.9
      vertex 27.4 5.79999 13.0196
      vertex 27.4 5.86523 12.976
    endloop
  endfacet
  facet normal 1 0 0
    outer loop
      vertex 27.4 6.29999 13.9
      vertex 27.4 5.7296 13.0543
      vertex 27.4 5.79999 13.0196
    endloop
  endfacet
  facet normal 1 0 0
    outer loop
      vertex 27.4 6.29999 13.9
      vertex 27.4 5.65527 13.0795
      vertex 27.4 5.7296 13.0543
    endloop
  endfacet
  facet normal 1 0 0
    outer loop
      vertex 27.4 6.29999 13.9
      vertex 27.4 5.57829 13.0949
      vertex 27.4 5.65527 13.0795
    endloop
  endfacet
  facet normal 1 0 0
    outer loop
      vertex 27.4 6.29999 13.9
      vertex 27.4 5.49998 13.1
      vertex 27.4 5.57829 13.0949
    endloop
  endfacet
  facet normal 1 0 0
    outer loop
      vertex 27.4 6.29999 13.9
      vertex 27.4 -5.49998 13.1
      vertex 27.4 5.49998 13.1
    endloop
  endfacet
  facet normal 1 -0 0
    outer loop
      vertex 27.4 -6.29999 13.9
      vertex 27.4 -5.49998 13.1
      vertex 27.4 6.29999 13.9
    endloop
  endfacet
  facet normal 1 0 0
    outer loop
      vertex 27.4 -6.09485 12.5783
      vertex 27.4 -6.89999 13.3
      vertex 27.4 -6.09999 12.5
    endloop
  endfacet
  facet normal 1 0 0
    outer loop
      vertex 27.4 -6.07954 12.6553
      vertex 27.4 -6.89999 13.3
      vertex 27.4 -6.09485 12.5783
    endloop
  endfacet
  facet normal 1 0 0
    outer loop
      vertex 27.4 -6.05431 12.7296
      vertex 27.4 -6.89999 13.3
      vertex 27.4 -6.07954 12.6553
    endloop
  endfacet
  facet normal 1 0 0
    outer loop
      vertex 27.4 -6.01961 12.8
      vertex 27.4 -6.89999 13.3
      vertex 27.4 -6.05431 12.7296
    endloop
  endfacet
  facet normal 1 0 0
    outer loop
      vertex 27.4 -5.976 12.8652
      vertex 27.4 -6.89999 13.3
      vertex 27.4 -6.01961 12.8
    endloop
  endfacet
  facet normal 1 0 0
    outer loop
      vertex 27.4 -5.92426 12.9243
      vertex 27.4 -6.89999 13.3
      vertex 27.4 -5.976 12.8652
    endloop
  endfacet
  facet normal 1 -0 0
    outer loop
      vertex 27.4 -6.89999 13.3
      vertex 27.4 -5.92426 12.9243
      vertex 27.4 -6.29999 13.9
    endloop
  endfacet
  facet normal 1 0 0
    outer loop
      vertex 27.4 -5.86523 12.976
      vertex 27.4 -6.29999 13.9
      vertex 27.4 -5.92426 12.9243
    endloop
  endfacet
  facet normal 1 0 0
    outer loop
      vertex 27.4 -5.79999 13.0196
      vertex 27.4 -6.29999 13.9
      vertex 27.4 -5.86523 12.976
    endloop
  endfacet
  facet normal 1 0 0
    outer loop
      vertex 27.4 -5.7296 13.0543
      vertex 27.4 -6.29999 13.9
      vertex 27.4 -5.79999 13.0196
    endloop
  endfacet
  facet normal 1 0 0
    outer loop
      vertex 27.4 -5.65527 13.0795
      vertex 27.4 -6.29999 13.9
      vertex 27.4 -5.7296 13.0543
    endloop
  endfacet
  facet normal 1 0 0
    outer loop
      vertex 27.4 -5.57829 13.0949
      vertex 27.4 -6.29999 13.9
      vertex 27.4 -5.65527 13.0795
    endloop
  endfacet
  facet normal 1 0 0
    outer loop
      vertex 27.4 -5.49998 13.1
      vertex 27.4 -6.29999 13.9
      vertex 27.4 -5.57829 13.0949
    endloop
  endfacet
  facet normal 1 0 0
    outer loop
      vertex 27.4 6.776 4.73476
      vertex 27.4 5.92426 5.47574
      vertex 27.4 6.72426 4.67574
    endloop
  endfacet
  facet normal 1 0 0
    outer loop
      vertex 27.4 6.72426 4.67574
      vertex 27.4 5.92426 5.47574
      vertex 27.4 6.66524 4.624
    endloop
  endfacet
  facet normal 1 0 0
    outer loop
      vertex 27.4 6.66524 4.624
      vertex 27.4 5.92426 5.47574
      vertex 27.4 6.59999 4.58039
    endloop
  endfacet
  facet normal 1 0 0
    outer loop
      vertex 27.4 6.59999 4.58039
      vertex 27.4 5.92426 5.47574
      vertex 27.4 6.5296 4.54569
    endloop
  endfacet
  facet normal 1 0 0
    outer loop
      vertex 27.4 6.5296 4.54569
      vertex 27.4 5.92426 5.47574
      vertex 27.4 6.45528 4.52045
    endloop
  endfacet
  facet normal 1 0 0
    outer loop
      vertex 27.4 6.45528 4.52045
      vertex 27.4 5.92426 5.47574
      vertex 27.4 6.3783 4.50515
    endloop
  endfacet
  facet normal 1 0 0
    outer loop
      vertex 27.4 6.3783 4.50515
      vertex 27.4 5.92426 5.47574
      vertex 27.4 6.29999 4.5
    endloop
  endfacet
  facet normal 1 -0 0
    outer loop
      vertex 27.4 5.86523 5.424
      vertex 27.4 6.29999 4.5
      vertex 27.4 5.92426 5.47574
    endloop
  endfacet
  facet normal 1 -0 0
    outer loop
      vertex 27.4 5.79999 5.38039
      vertex 27.4 6.29999 4.5
      vertex 27.4 5.86523 5.424
    endloop
  endfacet
  facet normal 1 -0 0
    outer loop
      vertex 27.4 5.7296 5.34569
      vertex 27.4 6.29999 4.5
      vertex 27.4 5.79999 5.38039
    endloop
  endfacet
  facet normal 1 -0 0
    outer loop
      vertex 27.4 5.65527 5.32045
      vertex 27.4 6.29999 4.5
      vertex 27.4 5.7296 5.34569
    endloop
  endfacet
  facet normal 1 -0 0
    outer loop
      vertex 27.4 5.57829 5.30515
      vertex 27.4 6.29999 4.5
      vertex 27.4 5.65527 5.32045
    endloop
  endfacet
  facet normal 1 -0 0
    outer loop
      vertex 27.4 5.49998 5.30001
      vertex 27.4 6.29999 4.5
      vertex 27.4 5.57829 5.30515
    endloop
  endfacet
  facet normal 1 -0 0
    outer loop
      vertex 27.4 -5.49998 5.30001
      vertex 27.4 6.29999 4.5
      vertex 27.4 5.49998 5.30001
    endloop
  endfacet
  facet normal 1 0 0
    outer loop
      vertex 27.4 -6.29999 4.5
      vertex 27.4 -5.49998 5.30001
      vertex 27.4 -5.57829 5.30515
    endloop
  endfacet
  facet normal 1 0 0
    outer loop
      vertex 27.4 -5.49998 5.30001
      vertex 27.4 -6.29999 4.5
      vertex 27.4 6.29999 4.5
    endloop
  endfacet
  facet normal 1 0 0
    outer loop
      vertex 27.4 -5.65527 5.32045
      vertex 27.4 -6.29999 4.5
      vertex 27.4 -5.57829 5.30515
    endloop
  endfacet
  facet normal 1 0 0
    outer loop
      vertex 27.4 -5.7296 5.34569
      vertex 27.4 -6.29999 4.5
      vertex 27.4 -5.65527 5.32045
    endloop
  endfacet
  facet normal 1 0 0
    outer loop
      vertex 27.4 -5.79999 5.38039
      vertex 27.4 -6.29999 4.5
      vertex 27.4 -5.7296 5.34569
    endloop
  endfacet
  facet normal 1 0 0
    outer loop
      vertex 27.4 -5.86523 5.424
      vertex 27.4 -6.29999 4.5
      vertex 27.4 -5.79999 5.38039
    endloop
  endfacet
  facet normal 1 0 0
    outer loop
      vertex 27.4 -5.92426 5.47574
      vertex 27.4 -6.29999 4.5
      vertex 27.4 -5.86523 5.424
    endloop
  endfacet
  facet normal 1 0 0
    outer loop
      vertex 27.4 -6.89999 5.10001
      vertex 27.4 -5.92426 5.47574
      vertex 27.4 -5.976 5.53476
    endloop
  endfacet
  facet normal 1 0 0
    outer loop
      vertex 27.4 -6.89999 5.10001
      vertex 27.4 -5.976 5.53476
      vertex 27.4 -6.01961 5.60001
    endloop
  endfacet
  facet normal 1 0 0
    outer loop
      vertex 27.4 -6.89999 5.10001
      vertex 27.4 -6.01961 5.60001
      vertex 27.4 -6.05431 5.6704
    endloop
  endfacet
  facet normal 1 0 0
    outer loop
      vertex 27.4 -6.89999 5.10001
      vertex 27.4 -6.05431 5.6704
      vertex 27.4 -6.07954 5.74472
    endloop
  endfacet
  facet normal 1 0 0
    outer loop
      vertex 27.4 -6.89999 5.10001
      vertex 27.4 -6.07954 5.74472
      vertex 27.4 -6.09485 5.8217
    endloop
  endfacet
  facet normal 1 0 0
    outer loop
      vertex 27.4 -6.89999 5.10001
      vertex 27.4 -6.09485 5.8217
      vertex 27.4 -6.09999 5.90001
    endloop
  endfacet
  facet normal 1 0 0
    outer loop
      vertex 27.4 -6.09999 12.5
      vertex 27.4 -6.89999 13.3
      vertex 27.4 -6.09999 5.90001
    endloop
  endfacet
  facet normal 1 0 0
    outer loop
      vertex 27.4 -6.89999 13.3
      vertex 27.4 -6.29999 13.9
      vertex 27.4 -6.3783 13.8949
    endloop
  endfacet
  facet normal 1 0 0
    outer loop
      vertex 27.4 -6.89999 5.10001
      vertex 27.4 -6.09999 5.90001
      vertex 27.4 -6.89999 13.3
    endloop
  endfacet
  facet normal 1 0 0
    outer loop
      vertex 27.4 -6.89999 13.3
      vertex 27.4 -6.3783 13.8949
      vertex 27.4 -6.45528 13.8795
    endloop
  endfacet
  facet normal 1 0 0
    outer loop
      vertex 27.4 -5.92426 5.47574
      vertex 27.4 -6.89999 5.10001
      vertex 27.4 -6.87955 4.94472
    endloop
  endfacet
  facet normal 1 0 0
    outer loop
      vertex 27.4 -6.89999 13.3
      vertex 27.4 -6.45528 13.8795
      vertex 27.4 -6.5296 13.8543
    endloop
  endfacet
  facet normal 1 0 0
    outer loop
      vertex 27.4 -5.92426 5.47574
      vertex 27.4 -6.3783 4.50515
      vertex 27.4 -6.29999 4.5
    endloop
  endfacet
  facet normal 1 0 0
    outer loop
      vertex 27.4 -6.89999 13.3
      vertex 27.4 -6.5296 13.8543
      vertex 27.4 -6.59999 13.8196
    endloop
  endfacet
  facet normal 1 0 0
    outer loop
      vertex 27.4 -5.92426 5.47574
      vertex 27.4 -6.45528 4.52045
      vertex 27.4 -6.3783 4.50515
    endloop
  endfacet
  facet normal 1 0 0
    outer loop
      vertex 27.4 -6.89999 13.3
      vertex 27.4 -6.59999 13.8196
      vertex 27.4 -6.66524 13.776
    endloop
  endfacet
  facet normal 1 0 0
    outer loop
      vertex 27.4 -5.92426 5.47574
      vertex 27.4 -6.5296 4.54569
      vertex 27.4 -6.45528 4.52045
    endloop
  endfacet
  facet normal 1 0 0
    outer loop
      vertex 27.4 -6.89999 13.3
      vertex 27.4 -6.66524 13.776
      vertex 27.4 -6.72426 13.7243
    endloop
  endfacet
  facet normal 1 0 0
    outer loop
      vertex 27.4 -5.92426 5.47574
      vertex 27.4 -6.59999 4.58039
      vertex 27.4 -6.5296 4.54569
    endloop
  endfacet
  facet normal 1 0 0
    outer loop
      vertex 27.4 -6.89999 13.3
      vertex 27.4 -6.72426 13.7243
      vertex 27.4 -6.776 13.6652
    endloop
  endfacet
  facet normal 1 0 0
    outer loop
      vertex 27.4 -5.92426 5.47574
      vertex 27.4 -6.66524 4.624
      vertex 27.4 -6.59999 4.58039
    endloop
  endfacet
  facet normal 1 0 0
    outer loop
      vertex 27.4 -6.89999 13.3
      vertex 27.4 -6.776 13.6652
      vertex 27.4 -6.81961 13.6
    endloop
  endfacet
  facet normal 1 0 0
    outer loop
      vertex 27.4 -5.92426 5.47574
      vertex 27.4 -6.72426 4.67574
      vertex 27.4 -6.66524 4.624
    endloop
  endfacet
  facet normal 1 0 0
    outer loop
      vertex 27.4 -6.89999 13.3
      vertex 27.4 -6.81961 13.6
      vertex 27.4 -6.85431 13.5296
    endloop
  endfacet
  facet normal 1 0 0
    outer loop
      vertex 27.4 -5.92426 5.47574
      vertex 27.4 -6.776 4.73476
      vertex 27.4 -6.72426 4.67574
    endloop
  endfacet
  facet normal 1 0 0
    outer loop
      vertex 27.4 -6.89999 13.3
      vertex 27.4 -6.85431 13.5296
      vertex 27.4 -6.87955 13.4553
    endloop
  endfacet
  facet normal 1 0 0
    outer loop
      vertex 27.4 -5.92426 5.47574
      vertex 27.4 -6.81961 4.80001
      vertex 27.4 -6.776 4.73476
    endloop
  endfacet
  facet normal 1 0 0
    outer loop
      vertex 27.4 -6.89999 13.3
      vertex 27.4 -6.87955 13.4553
      vertex 27.4 -6.89485 13.3783
    endloop
  endfacet
  facet normal 1 0 0
    outer loop
      vertex 27.4 -5.92426 5.47574
      vertex 27.4 -6.85431 4.87039
      vertex 27.4 -6.81961 4.80001
    endloop
  endfacet
  facet normal 1 0 0
    outer loop
      vertex 27.4 -5.92426 5.47574
      vertex 27.4 -6.87955 4.94472
      vertex 27.4 -6.85431 4.87039
    endloop
  endfacet
  facet normal 1 0 0
    outer loop
      vertex 27.4 -6.87955 4.94472
      vertex 27.4 -6.89999 5.10001
      vertex 27.4 -6.89485 5.0217
    endloop
  endfacet
  facet normal -0 0.321574 0.946885
    outer loop
      vertex 27.4 -6.45528 4.52045
      vertex 28.6 -6.5296 4.54569
      vertex 28.6 -6.45528 4.52045
    endloop
  endfacet
  facet normal 0 0.321574 0.946885
    outer loop
      vertex 28.6 -6.5296 4.54569
      vertex 27.4 -6.45528 4.52045
      vertex 27.4 -6.5296 4.54569
    endloop
  endfacet
  facet normal 0 -0.19494 0.980815
    outer loop
      vertex 27.4 6.45528 4.52045
      vertex 28.6 6.3783 4.50515
      vertex 28.6 6.45528 4.52045
    endloop
  endfacet
  facet normal 0 -0.19494 0.980815
    outer loop
      vertex 28.6 6.3783 4.50515
      vertex 27.4 6.45528 4.52045
      vertex 27.4 6.3783 4.50515
    endloop
  endfacet
  facet normal 0 -0.751961 0.659208
    outer loop
      vertex 27.4 6.72426 4.67574
      vertex 28.6 6.776 4.73476
      vertex 27.4 6.776 4.73476
    endloop
  endfacet
  facet normal 0 -0.751961 0.659208
    outer loop
      vertex 28.6 6.776 4.73476
      vertex 27.4 6.72426 4.67574
      vertex 28.6 6.72426 4.67574
    endloop
  endfacet
  facet normal 0 0.752403 -0.658703
    outer loop
      vertex 28.6 -6.776 13.6652
      vertex 27.4 -6.72426 13.7243
      vertex 28.6 -6.72426 13.7243
    endloop
  endfacet
  facet normal 0 0.752403 -0.658703
    outer loop
      vertex 27.4 -6.72426 13.7243
      vertex 28.6 -6.776 13.6652
      vertex 27.4 -6.776 13.6652
    endloop
  endfacet
  facet normal 0 0.997852 -0.065504
    outer loop
      vertex 28.6 -6.89999 13.3
      vertex 27.4 -6.89485 13.3783
      vertex 28.6 -6.89485 13.3783
    endloop
  endfacet
  facet normal 0 0.997852 -0.065504
    outer loop
      vertex 27.4 -6.89485 13.3783
      vertex 28.6 -6.89999 13.3
      vertex 27.4 -6.89999 13.3
    endloop
  endfacet
  facet normal 0 0.946858 -0.321651
    outer loop
      vertex 28.6 -6.87955 13.4553
      vertex 27.4 -6.85431 13.5296
      vertex 28.6 -6.85431 13.5296
    endloop
  endfacet
  facet normal 0 0.946858 -0.321651
    outer loop
      vertex 27.4 -6.85431 13.5296
      vertex 28.6 -6.87955 13.4553
      vertex 27.4 -6.87955 13.4553
    endloop
  endfacet
  facet normal 0 -0.55567 0.831403
    outer loop
      vertex 27.4 6.66524 4.624
      vertex 28.6 6.59999 4.58039
      vertex 28.6 6.66524 4.624
    endloop
  endfacet
  facet normal 0 -0.55567 0.831403
    outer loop
      vertex 28.6 6.59999 4.58039
      vertex 27.4 6.66524 4.624
      vertex 27.4 6.59999 4.58039
    endloop
  endfacet
  facet normal 0 -0.0649881 -0.997886
    outer loop
      vertex 27.4 6.29999 13.9
      vertex 28.6 6.3783 13.8949
      vertex 28.6 6.29999 13.9
    endloop
  endfacet
  facet normal -0 -0.0649881 -0.997886
    outer loop
      vertex 28.6 6.3783 13.8949
      vertex 27.4 6.29999 13.9
      vertex 27.4 6.3783 13.8949
    endloop
  endfacet
  facet normal 0 -0.44216 0.896936
    outer loop
      vertex 27.4 6.59999 4.58039
      vertex 28.6 6.5296 4.54569
      vertex 28.6 6.59999 4.58039
    endloop
  endfacet
  facet normal 0 -0.44216 0.896936
    outer loop
      vertex 28.6 6.5296 4.54569
      vertex 27.4 6.59999 4.58039
      vertex 27.4 6.5296 4.54569
    endloop
  endfacet
  facet normal -0 0.659208 0.751961
    outer loop
      vertex 27.4 -6.66524 4.624
      vertex 28.6 -6.72426 4.67574
      vertex 28.6 -6.66524 4.624
    endloop
  endfacet
  facet normal 0 0.659208 0.751961
    outer loop
      vertex 28.6 -6.72426 4.67574
      vertex 27.4 -6.66524 4.624
      vertex 27.4 -6.72426 4.67574
    endloop
  endfacet
  facet normal 0 0.196165 -0.980571
    outer loop
      vertex 27.4 -6.45528 13.8795
      vertex 28.6 -6.3783 13.8949
      vertex 28.6 -6.45528 13.8795
    endloop
  endfacet
  facet normal 0 0.196165 -0.980571
    outer loop
      vertex 28.6 -6.3783 13.8949
      vertex 27.4 -6.45528 13.8795
      vertex 27.4 -6.3783 13.8949
    endloop
  endfacet
  facet normal 0 0.0649881 -0.997886
    outer loop
      vertex 27.4 -6.3783 13.8949
      vertex 28.6 -6.29999 13.9
      vertex 28.6 -6.3783 13.8949
    endloop
  endfacet
  facet normal 0 0.0649881 -0.997886
    outer loop
      vertex 28.6 -6.29999 13.9
      vertex 27.4 -6.3783 13.8949
      vertex 27.4 -6.29999 13.9
    endloop
  endfacet
  facet normal 0 0.321117 -0.94704
    outer loop
      vertex 27.4 -6.5296 13.8543
      vertex 28.6 -6.45528 13.8795
      vertex 28.6 -6.5296 13.8543
    endloop
  endfacet
  facet normal 0 0.321117 -0.94704
    outer loop
      vertex 28.6 -6.45528 13.8795
      vertex 27.4 -6.5296 13.8543
      vertex 27.4 -6.45528 13.8795
    endloop
  endfacet
  facet normal 0 0.44216 -0.896936
    outer loop
      vertex 27.4 -6.59999 13.8196
      vertex 28.6 -6.5296 13.8543
      vertex 28.6 -6.59999 13.8196
    endloop
  endfacet
  facet normal 0 0.44216 -0.896936
    outer loop
      vertex 28.6 -6.5296 13.8543
      vertex 27.4 -6.59999 13.8196
      vertex 27.4 -6.5296 13.8543
    endloop
  endfacet
  facet normal 0 -0.997853 0.0654956
    outer loop
      vertex 27.4 6.89485 5.0217
      vertex 28.6 6.89999 5.10001
      vertex 27.4 6.89999 5.10001
    endloop
  endfacet
  facet normal 0 -0.997853 0.0654956
    outer loop
      vertex 28.6 6.89999 5.10001
      vertex 27.4 6.89485 5.0217
      vertex 28.6 6.89485 5.0217
    endloop
  endfacet
  facet normal 0 -0.896911 0.442211
    outer loop
      vertex 27.4 6.81961 4.80001
      vertex 28.6 6.85431 4.87039
      vertex 27.4 6.85431 4.87039
    endloop
  endfacet
  facet normal 0 -0.896911 0.442211
    outer loop
      vertex 28.6 6.85431 4.87039
      vertex 27.4 6.81961 4.80001
      vertex 28.6 6.81961 4.80001
    endloop
  endfacet
  facet normal -0 0.0656225 0.997845
    outer loop
      vertex 27.4 -6.29999 4.5
      vertex 28.6 -6.3783 4.50515
      vertex 28.6 -6.29999 4.5
    endloop
  endfacet
  facet normal 0 0.0656225 0.997845
    outer loop
      vertex 28.6 -6.3783 4.50515
      vertex 27.4 -6.29999 4.5
      vertex 27.4 -6.3783 4.50515
    endloop
  endfacet
  facet normal 0 0.896911 0.442211
    outer loop
      vertex 28.6 -6.81961 4.80001
      vertex 27.4 -6.85431 4.87039
      vertex 28.6 -6.85431 4.87039
    endloop
  endfacet
  facet normal 0 0.896911 0.442211
    outer loop
      vertex 27.4 -6.85431 4.87039
      vertex 28.6 -6.81961 4.80001
      vertex 27.4 -6.81961 4.80001
    endloop
  endfacet
  facet normal 0 0.831403 0.55567
    outer loop
      vertex 28.6 -6.776 4.73476
      vertex 27.4 -6.81961 4.80001
      vertex 28.6 -6.81961 4.80001
    endloop
  endfacet
  facet normal 0 0.831403 0.55567
    outer loop
      vertex 27.4 -6.81961 4.80001
      vertex 28.6 -6.776 4.73476
      vertex 27.4 -6.776 4.73476
    endloop
  endfacet
  facet normal 0 0.946858 0.321651
    outer loop
      vertex 27.4 -8.10431 20.1204
      vertex 26.6 -8.12955 20.1947
      vertex 27.4 -8.12955 20.1947
    endloop
  endfacet
  facet normal 0 0.946858 0.321651
    outer loop
      vertex 26.6 -8.12955 20.1947
      vertex 27.4 -8.10431 20.1204
      vertex 26.6 -8.10431 20.1204
    endloop
  endfacet
  facet normal 0 1 -0
    outer loop
      vertex 27.4 -8.14999 20.35
      vertex 26.6 -8.14999 28.05
      vertex 27.4 -8.14999 28.05
    endloop
  endfacet
  facet normal 0 1 0
    outer loop
      vertex 26.6 -8.14999 28.05
      vertex 27.4 -8.14999 20.35
      vertex 26.6 -8.14999 20.35
    endloop
  endfacet
  facet normal 0 0.980825 0.194891
    outer loop
      vertex 27.4 -8.12955 20.1947
      vertex 26.6 -8.14485 20.2717
      vertex 27.4 -8.14485 20.2717
    endloop
  endfacet
  facet normal 0 0.980825 0.194891
    outer loop
      vertex 26.6 -8.14485 20.2717
      vertex 27.4 -8.12955 20.1947
      vertex 26.6 -8.12955 20.1947
    endloop
  endfacet
  facet normal 0 -1 0
    outer loop
      vertex 26.6 8.14999 20.35
      vertex 27.4 8.14999 28.05
      vertex 26.6 8.14999 28.05
    endloop
  endfacet
  facet normal 0 -1 -0
    outer loop
      vertex 27.4 8.14999 28.05
      vertex 26.6 8.14999 20.35
      vertex 27.4 8.14999 20.35
    endloop
  endfacet
  facet normal 0 0.997852 0.065504
    outer loop
      vertex 27.4 -8.14485 20.2717
      vertex 26.6 -8.14999 20.35
      vertex 27.4 -8.14999 20.35
    endloop
  endfacet
  facet normal 0 0.997852 0.065504
    outer loop
      vertex 26.6 -8.14999 20.35
      vertex 27.4 -8.14485 20.2717
      vertex 26.6 -8.14485 20.2717
    endloop
  endfacet
  facet normal 0 0.322259 -0.946652
    outer loop
      vertex 26.6 -7.7796 28.6043
      vertex 27.4 -7.70528 28.6296
      vertex 27.4 -7.7796 28.6043
    endloop
  endfacet
  facet normal 0 0.322259 -0.946652
    outer loop
      vertex 27.4 -7.70528 28.6296
      vertex 26.6 -7.7796 28.6043
      vertex 26.6 -7.70528 28.6296
    endloop
  endfacet
  facet normal 0 0.752403 0.658703
    outer loop
      vertex 27.4 -7.97426 19.9257
      vertex 26.6 -8.026 19.9848
      vertex 27.4 -8.026 19.9848
    endloop
  endfacet
  facet normal 0 0.752403 0.658703
    outer loop
      vertex 26.6 -8.026 19.9848
      vertex 27.4 -7.97426 19.9257
      vertex 26.6 -7.97426 19.9257
    endloop
  endfacet
  facet normal 0 -0.997852 -0.065504
    outer loop
      vertex 26.6 8.14999 28.05
      vertex 27.4 8.14485 28.1283
      vertex 26.6 8.14485 28.1283
    endloop
  endfacet
  facet normal 0 -0.997852 -0.065504
    outer loop
      vertex 27.4 8.14485 28.1283
      vertex 26.6 8.14999 28.05
      vertex 27.4 8.14999 28.05
    endloop
  endfacet
  facet normal -0 0 1
    outer loop
      vertex 26.6 7.54999 19.75
      vertex 27.4 -7.54999 19.75
      vertex 27.4 7.54999 19.75
    endloop
  endfacet
  facet normal 0 0 1
    outer loop
      vertex 27.4 -7.54999 19.75
      vertex 26.6 7.54999 19.75
      vertex 26.6 -7.54999 19.75
    endloop
  endfacet
  facet normal 0 0 -1
    outer loop
      vertex 26.6 -7.54999 28.65
      vertex 27.4 7.54999 28.65
      vertex 27.4 -7.54999 28.65
    endloop
  endfacet
  facet normal -0 0 -1
    outer loop
      vertex 27.4 7.54999 28.65
      vertex 26.6 -7.54999 28.65
      vertex 26.6 7.54999 28.65
    endloop
  endfacet
  facet normal 0 -0.896961 -0.44211
    outer loop
      vertex 26.6 8.10431 28.2796
      vertex 27.4 8.06961 28.35
      vertex 26.6 8.06961 28.35
    endloop
  endfacet
  facet normal 0 -0.896961 -0.44211
    outer loop
      vertex 27.4 8.06961 28.35
      vertex 26.6 8.10431 28.2796
      vertex 27.4 8.10431 28.2796
    endloop
  endfacet
  facet normal 0 0.0649881 -0.997886
    outer loop
      vertex 26.6 -7.6283 28.6449
      vertex 27.4 -7.54999 28.65
      vertex 27.4 -7.6283 28.6449
    endloop
  endfacet
  facet normal 0 0.0649881 -0.997886
    outer loop
      vertex 27.4 -7.54999 28.65
      vertex 26.6 -7.6283 28.6449
      vertex 26.6 -7.54999 28.65
    endloop
  endfacet
  facet normal -0 0.321117 0.94704
    outer loop
      vertex 26.6 -7.70528 19.7705
      vertex 27.4 -7.7796 19.7957
      vertex 27.4 -7.70528 19.7705
    endloop
  endfacet
  facet normal 0 0.321117 0.94704
    outer loop
      vertex 27.4 -7.7796 19.7957
      vertex 26.6 -7.70528 19.7705
      vertex 26.6 -7.7796 19.7957
    endloop
  endfacet
  facet normal 0 0.44216 -0.896936
    outer loop
      vertex 26.6 -7.84999 28.5696
      vertex 27.4 -7.7796 28.6043
      vertex 27.4 -7.84999 28.5696
    endloop
  endfacet
  facet normal 0 0.44216 -0.896936
    outer loop
      vertex 27.4 -7.7796 28.6043
      vertex 26.6 -7.84999 28.5696
      vertex 26.6 -7.7796 28.6043
    endloop
  endfacet
  facet normal 0 -0.0649881 0.997886
    outer loop
      vertex 26.6 7.6283 19.7551
      vertex 27.4 7.54999 19.75
      vertex 27.4 7.6283 19.7551
    endloop
  endfacet
  facet normal 0 -0.0649881 0.997886
    outer loop
      vertex 27.4 7.54999 19.75
      vertex 26.6 7.6283 19.7551
      vertex 26.6 7.54999 19.75
    endloop
  endfacet
  facet normal -0 0.555582 0.831462
    outer loop
      vertex 26.6 -7.84999 19.8304
      vertex 27.4 -7.91524 19.874
      vertex 27.4 -7.84999 19.8304
    endloop
  endfacet
  facet normal 0 0.555582 0.831462
    outer loop
      vertex 27.4 -7.91524 19.874
      vertex 26.6 -7.84999 19.8304
      vertex 26.6 -7.91524 19.874
    endloop
  endfacet
  facet normal 0 -0.19494 -0.980815
    outer loop
      vertex 26.6 7.6283 28.6449
      vertex 27.4 7.70528 28.6296
      vertex 27.4 7.6283 28.6449
    endloop
  endfacet
  facet normal -0 -0.19494 -0.980815
    outer loop
      vertex 27.4 7.70528 28.6296
      vertex 26.6 7.6283 28.6449
      vertex 26.6 7.70528 28.6296
    endloop
  endfacet
  facet normal 0 -0.980825 0.194891
    outer loop
      vertex 26.6 8.12955 20.1947
      vertex 27.4 8.14485 20.2717
      vertex 26.6 8.14485 20.2717
    endloop
  endfacet
  facet normal 0 -0.980825 0.194891
    outer loop
      vertex 27.4 8.14485 20.2717
      vertex 26.6 8.12955 20.1947
      vertex 27.4 8.12955 20.1947
    endloop
  endfacet
  facet normal 0 0.555582 -0.831462
    outer loop
      vertex 26.6 -7.91524 28.526
      vertex 27.4 -7.84999 28.5696
      vertex 27.4 -7.91524 28.526
    endloop
  endfacet
  facet normal 0 0.555582 -0.831462
    outer loop
      vertex 27.4 -7.84999 28.5696
      vertex 26.6 -7.91524 28.526
      vertex 26.6 -7.84999 28.5696
    endloop
  endfacet
  facet normal 0 0.65892 -0.752213
    outer loop
      vertex 26.6 -7.97426 28.4743
      vertex 27.4 -7.91524 28.526
      vertex 27.4 -7.97426 28.4743
    endloop
  endfacet
  facet normal 0 0.65892 -0.752213
    outer loop
      vertex 27.4 -7.91524 28.526
      vertex 26.6 -7.97426 28.4743
      vertex 26.6 -7.91524 28.526
    endloop
  endfacet
  facet normal 0 -0.946858 -0.321651
    outer loop
      vertex 26.6 8.12955 28.2053
      vertex 27.4 8.10431 28.2796
      vertex 26.6 8.10431 28.2796
    endloop
  endfacet
  facet normal 0 -0.946858 -0.321651
    outer loop
      vertex 27.4 8.10431 28.2796
      vertex 26.6 8.12955 28.2053
      vertex 27.4 8.12955 28.2053
    endloop
  endfacet
  facet normal 0 -0.44216 -0.896936
    outer loop
      vertex 26.6 7.7796 28.6043
      vertex 27.4 7.84999 28.5696
      vertex 27.4 7.7796 28.6043
    endloop
  endfacet
  facet normal -0 -0.44216 -0.896936
    outer loop
      vertex 27.4 7.84999 28.5696
      vertex 26.6 7.7796 28.6043
      vertex 26.6 7.84999 28.5696
    endloop
  endfacet
  facet normal 0 -0.555582 -0.831462
    outer loop
      vertex 26.6 7.84999 28.5696
      vertex 27.4 7.91524 28.526
      vertex 27.4 7.84999 28.5696
    endloop
  endfacet
  facet normal -0 -0.555582 -0.831462
    outer loop
      vertex 27.4 7.91524 28.526
      vertex 26.6 7.84999 28.5696
      vertex 26.6 7.91524 28.526
    endloop
  endfacet
  facet normal 0 -0.196165 0.980571
    outer loop
      vertex 26.6 7.70528 19.7705
      vertex 27.4 7.6283 19.7551
      vertex 27.4 7.70528 19.7705
    endloop
  endfacet
  facet normal 0 -0.196165 0.980571
    outer loop
      vertex 27.4 7.6283 19.7551
      vertex 26.6 7.70528 19.7705
      vertex 26.6 7.6283 19.7551
    endloop
  endfacet
  facet normal -0 0.196165 0.980571
    outer loop
      vertex 26.6 -7.6283 19.7551
      vertex 27.4 -7.70528 19.7705
      vertex 27.4 -7.6283 19.7551
    endloop
  endfacet
  facet normal 0 0.196165 0.980571
    outer loop
      vertex 27.4 -7.70528 19.7705
      vertex 26.6 -7.6283 19.7551
      vertex 26.6 -7.70528 19.7705
    endloop
  endfacet
  facet normal 0 0.752403 -0.658703
    outer loop
      vertex 27.4 -8.026 28.4152
      vertex 26.6 -7.97426 28.4743
      vertex 27.4 -7.97426 28.4743
    endloop
  endfacet
  facet normal 0 0.752403 -0.658703
    outer loop
      vertex 26.6 -7.97426 28.4743
      vertex 27.4 -8.026 28.4152
      vertex 26.6 -8.026 28.4152
    endloop
  endfacet
  facet normal 0 -0.65892 -0.752213
    outer loop
      vertex 26.6 7.91524 28.526
      vertex 27.4 7.97426 28.4743
      vertex 27.4 7.91524 28.526
    endloop
  endfacet
  facet normal -0 -0.65892 -0.752213
    outer loop
      vertex 27.4 7.97426 28.4743
      vertex 26.6 7.91524 28.526
      vertex 26.6 7.97426 28.4743
    endloop
  endfacet
  facet normal 0 -0.321117 0.94704
    outer loop
      vertex 26.6 7.7796 19.7957
      vertex 27.4 7.70528 19.7705
      vertex 27.4 7.7796 19.7957
    endloop
  endfacet
  facet normal 0 -0.321117 0.94704
    outer loop
      vertex 27.4 7.70528 19.7705
      vertex 26.6 7.7796 19.7957
      vertex 26.6 7.70528 19.7705
    endloop
  endfacet
  facet normal 0 -0.752403 -0.658703
    outer loop
      vertex 26.6 8.026 28.4152
      vertex 27.4 7.97426 28.4743
      vertex 26.6 7.97426 28.4743
    endloop
  endfacet
  facet normal 0 -0.752403 -0.658703
    outer loop
      vertex 27.4 7.97426 28.4743
      vertex 26.6 8.026 28.4152
      vertex 27.4 8.026 28.4152
    endloop
  endfacet
  facet normal 0 0.980825 -0.194891
    outer loop
      vertex 27.4 -8.14485 28.1283
      vertex 26.6 -8.12955 28.2053
      vertex 27.4 -8.12955 28.2053
    endloop
  endfacet
  facet normal 0 0.980825 -0.194891
    outer loop
      vertex 26.6 -8.12955 28.2053
      vertex 27.4 -8.14485 28.1283
      vertex 26.6 -8.14485 28.1283
    endloop
  endfacet
  facet normal 0 -0.980825 -0.194891
    outer loop
      vertex 26.6 8.14485 28.1283
      vertex 27.4 8.12955 28.2053
      vertex 26.6 8.12955 28.2053
    endloop
  endfacet
  facet normal 0 -0.980825 -0.194891
    outer loop
      vertex 27.4 8.12955 28.2053
      vertex 26.6 8.14485 28.1283
      vertex 27.4 8.14485 28.1283
    endloop
  endfacet
  facet normal 0 0.997852 -0.065504
    outer loop
      vertex 27.4 -8.14999 28.05
      vertex 26.6 -8.14485 28.1283
      vertex 27.4 -8.14485 28.1283
    endloop
  endfacet
  facet normal 0 0.997852 -0.065504
    outer loop
      vertex 26.6 -8.14485 28.1283
      vertex 27.4 -8.14999 28.05
      vertex 26.6 -8.14999 28.05
    endloop
  endfacet
  facet normal 0 -0.831206 -0.555965
    outer loop
      vertex 26.6 8.06961 28.35
      vertex 27.4 8.026 28.4152
      vertex 26.6 8.026 28.4152
    endloop
  endfacet
  facet normal 0 -0.831206 -0.555965
    outer loop
      vertex 27.4 8.026 28.4152
      vertex 26.6 8.06961 28.35
      vertex 27.4 8.06961 28.35
    endloop
  endfacet
  facet normal 0 0.831206 -0.555965
    outer loop
      vertex 27.4 -8.06961 28.35
      vertex 26.6 -8.026 28.4152
      vertex 27.4 -8.026 28.4152
    endloop
  endfacet
  facet normal 0 0.831206 -0.555965
    outer loop
      vertex 26.6 -8.026 28.4152
      vertex 27.4 -8.06961 28.35
      vertex 26.6 -8.06961 28.35
    endloop
  endfacet
  facet normal 0 0.896961 -0.44211
    outer loop
      vertex 27.4 -8.10431 28.2796
      vertex 26.6 -8.06961 28.35
      vertex 27.4 -8.06961 28.35
    endloop
  endfacet
  facet normal 0 0.896961 -0.44211
    outer loop
      vertex 26.6 -8.06961 28.35
      vertex 27.4 -8.10431 28.2796
      vertex 26.6 -8.10431 28.2796
    endloop
  endfacet
  facet normal -0 0.44216 0.896936
    outer loop
      vertex 26.6 -7.7796 19.7957
      vertex 27.4 -7.84999 19.8304
      vertex 27.4 -7.7796 19.7957
    endloop
  endfacet
  facet normal 0 0.44216 0.896936
    outer loop
      vertex 27.4 -7.84999 19.8304
      vertex 26.6 -7.7796 19.7957
      vertex 26.6 -7.84999 19.8304
    endloop
  endfacet
  facet normal 0 0.946858 -0.321651
    outer loop
      vertex 27.4 -8.12955 28.2053
      vertex 26.6 -8.10431 28.2796
      vertex 27.4 -8.10431 28.2796
    endloop
  endfacet
  facet normal 0 0.946858 -0.321651
    outer loop
      vertex 26.6 -8.10431 28.2796
      vertex 27.4 -8.12955 28.2053
      vertex 26.6 -8.12955 28.2053
    endloop
  endfacet
  facet normal 0 -0.322259 -0.946652
    outer loop
      vertex 26.6 7.70528 28.6296
      vertex 27.4 7.7796 28.6043
      vertex 27.4 7.70528 28.6296
    endloop
  endfacet
  facet normal -0 -0.322259 -0.946652
    outer loop
      vertex 27.4 7.7796 28.6043
      vertex 26.6 7.70528 28.6296
      vertex 26.6 7.7796 28.6043
    endloop
  endfacet
  facet normal 0 -0.65892 0.752213
    outer loop
      vertex 26.6 7.97426 19.9257
      vertex 27.4 7.91524 19.874
      vertex 27.4 7.97426 19.9257
    endloop
  endfacet
  facet normal 0 -0.65892 0.752213
    outer loop
      vertex 27.4 7.91524 19.874
      vertex 26.6 7.97426 19.9257
      vertex 26.6 7.91524 19.874
    endloop
  endfacet
  facet normal 0 -0.0649881 -0.997886
    outer loop
      vertex 26.6 7.54999 28.65
      vertex 27.4 7.6283 28.6449
      vertex 27.4 7.54999 28.65
    endloop
  endfacet
  facet normal -0 -0.0649881 -0.997886
    outer loop
      vertex 27.4 7.6283 28.6449
      vertex 26.6 7.54999 28.65
      vertex 26.6 7.6283 28.6449
    endloop
  endfacet
  facet normal 0 -0.44216 0.896936
    outer loop
      vertex 26.6 7.84999 19.8304
      vertex 27.4 7.7796 19.7957
      vertex 27.4 7.84999 19.8304
    endloop
  endfacet
  facet normal 0 -0.44216 0.896936
    outer loop
      vertex 27.4 7.7796 19.7957
      vertex 26.6 7.84999 19.8304
      vertex 26.6 7.7796 19.7957
    endloop
  endfacet
  facet normal 0 0.19494 -0.980815
    outer loop
      vertex 26.6 -7.70528 28.6296
      vertex 27.4 -7.6283 28.6449
      vertex 27.4 -7.70528 28.6296
    endloop
  endfacet
  facet normal 0 0.19494 -0.980815
    outer loop
      vertex 27.4 -7.6283 28.6449
      vertex 26.6 -7.70528 28.6296
      vertex 26.6 -7.6283 28.6449
    endloop
  endfacet
  facet normal 0 -0.555582 0.831462
    outer loop
      vertex 26.6 7.91524 19.874
      vertex 27.4 7.84999 19.8304
      vertex 27.4 7.91524 19.874
    endloop
  endfacet
  facet normal 0 -0.555582 0.831462
    outer loop
      vertex 27.4 7.84999 19.8304
      vertex 26.6 7.91524 19.874
      vertex 26.6 7.84999 19.8304
    endloop
  endfacet
  facet normal -0 0.65892 0.752213
    outer loop
      vertex 26.6 -7.91524 19.874
      vertex 27.4 -7.97426 19.9257
      vertex 27.4 -7.91524 19.874
    endloop
  endfacet
  facet normal 0 0.65892 0.752213
    outer loop
      vertex 27.4 -7.97426 19.9257
      vertex 26.6 -7.91524 19.874
      vertex 26.6 -7.97426 19.9257
    endloop
  endfacet
  facet normal 0 -0.831206 0.555965
    outer loop
      vertex 26.6 8.026 19.9848
      vertex 27.4 8.06961 20.05
      vertex 26.6 8.06961 20.05
    endloop
  endfacet
  facet normal 0 -0.831206 0.555965
    outer loop
      vertex 27.4 8.06961 20.05
      vertex 26.6 8.026 19.9848
      vertex 27.4 8.026 19.9848
    endloop
  endfacet
  facet normal 0 -0.752403 0.658703
    outer loop
      vertex 26.6 7.97426 19.9257
      vertex 27.4 8.026 19.9848
      vertex 26.6 8.026 19.9848
    endloop
  endfacet
  facet normal 0 -0.752403 0.658703
    outer loop
      vertex 27.4 8.026 19.9848
      vertex 26.6 7.97426 19.9257
      vertex 27.4 7.97426 19.9257
    endloop
  endfacet
  facet normal 0 -0.997852 0.065504
    outer loop
      vertex 26.6 8.14485 20.2717
      vertex 27.4 8.14999 20.35
      vertex 26.6 8.14999 20.35
    endloop
  endfacet
  facet normal 0 -0.997852 0.065504
    outer loop
      vertex 27.4 8.14999 20.35
      vertex 26.6 8.14485 20.2717
      vertex 27.4 8.14485 20.2717
    endloop
  endfacet
  facet normal 0 -0.946858 0.321651
    outer loop
      vertex 26.6 8.10431 20.1204
      vertex 27.4 8.12955 20.1947
      vertex 26.6 8.12955 20.1947
    endloop
  endfacet
  facet normal 0 -0.946858 0.321651
    outer loop
      vertex 27.4 8.12955 20.1947
      vertex 26.6 8.10431 20.1204
      vertex 27.4 8.10431 20.1204
    endloop
  endfacet
  facet normal 0 -0.896961 0.44211
    outer loop
      vertex 26.6 8.06961 20.05
      vertex 27.4 8.10431 20.1204
      vertex 26.6 8.10431 20.1204
    endloop
  endfacet
  facet normal 0 -0.896961 0.44211
    outer loop
      vertex 27.4 8.10431 20.1204
      vertex 26.6 8.06961 20.05
      vertex 27.4 8.06961 20.05
    endloop
  endfacet
  facet normal -0 0.0649881 0.997886
    outer loop
      vertex 26.6 -7.54999 19.75
      vertex 27.4 -7.6283 19.7551
      vertex 27.4 -7.54999 19.75
    endloop
  endfacet
  facet normal 0 0.0649881 0.997886
    outer loop
      vertex 27.4 -7.6283 19.7551
      vertex 26.6 -7.54999 19.75
      vertex 26.6 -7.6283 19.7551
    endloop
  endfacet
  facet normal 0 0.896961 0.44211
    outer loop
      vertex 27.4 -8.06961 20.05
      vertex 26.6 -8.10431 20.1204
      vertex 27.4 -8.10431 20.1204
    endloop
  endfacet
  facet normal 0 0.896961 0.44211
    outer loop
      vertex 26.6 -8.10431 20.1204
      vertex 27.4 -8.06961 20.05
      vertex 26.6 -8.06961 20.05
    endloop
  endfacet
  facet normal 0 0.831206 0.555965
    outer loop
      vertex 27.4 -8.026 19.9848
      vertex 26.6 -8.06961 20.05
      vertex 27.4 -8.06961 20.05
    endloop
  endfacet
  facet normal 0 0.831206 0.555965
    outer loop
      vertex 26.6 -8.06961 20.05
      vertex 27.4 -8.026 19.9848
      vertex 26.6 -8.026 19.9848
    endloop
  endfacet
  facet normal -0 0.19494 0.980815
    outer loop
      vertex 27.4 -8.4283 18.9551
      vertex 28.6 -8.50528 18.9704
      vertex 28.6 -8.4283 18.9551
    endloop
  endfacet
  facet normal 0 0.19494 0.980815
    outer loop
      vertex 28.6 -8.50528 18.9704
      vertex 27.4 -8.4283 18.9551
      vertex 27.4 -8.50528 18.9704
    endloop
  endfacet
  facet normal 0 0.946858 0.321651
    outer loop
      vertex 28.6 -8.90431 19.3204
      vertex 27.4 -8.92955 19.3947
      vertex 28.6 -8.92955 19.3947
    endloop
  endfacet
  facet normal 0 0.946858 0.321651
    outer loop
      vertex 27.4 -8.92955 19.3947
      vertex 28.6 -8.90431 19.3204
      vertex 27.4 -8.90431 19.3204
    endloop
  endfacet
  facet normal -0 0.442211 0.896911
    outer loop
      vertex 27.4 -8.57961 18.9957
      vertex 28.6 -8.64999 19.0304
      vertex 28.6 -8.57961 18.9957
    endloop
  endfacet
  facet normal 0 0.442211 0.896911
    outer loop
      vertex 28.6 -8.64999 19.0304
      vertex 27.4 -8.57961 18.9957
      vertex 27.4 -8.64999 19.0304
    endloop
  endfacet
  facet normal 0 1 0
    outer loop
      vertex 28.6 -8.95 27.9
      vertex 28.6 -8.95 19.55
      vertex 27.8 -8.95 27.9
    endloop
  endfacet
  facet normal 0 1 -0
    outer loop
      vertex 27.8 -8.95 27.9
      vertex 27.4 -8.95 28.85
      vertex 27.8 -8.95 28.85
    endloop
  endfacet
  facet normal 0 1 0
    outer loop
      vertex 27.4 -8.95 19.55
      vertex 27.8 -8.95 27.9
      vertex 28.6 -8.95 19.55
    endloop
  endfacet
  facet normal 0 1 0
    outer loop
      vertex 27.8 -8.95 27.9
      vertex 27.4 -8.95 19.55
      vertex 27.4 -8.95 28.85
    endloop
  endfacet
  facet normal 0 0.980825 0.194891
    outer loop
      vertex 28.6 -8.92955 19.3947
      vertex 27.4 -8.94485 19.4717
      vertex 28.6 -8.94485 19.4717
    endloop
  endfacet
  facet normal 0 0.980825 0.194891
    outer loop
      vertex 27.4 -8.94485 19.4717
      vertex 28.6 -8.92955 19.3947
      vertex 27.4 -8.92955 19.3947
    endloop
  endfacet
  facet normal 0 -0.831206 0.555965
    outer loop
      vertex 27.4 8.826 19.1848
      vertex 28.6 8.86961 19.25
      vertex 27.4 8.86961 19.25
    endloop
  endfacet
  facet normal 0 -0.831206 0.555965
    outer loop
      vertex 28.6 8.86961 19.25
      vertex 27.4 8.826 19.1848
      vertex 28.6 8.826 19.1848
    endloop
  endfacet
  facet normal 0 -1 0
    outer loop
      vertex 27.4 8.95 28.85
      vertex 27.8 8.95 27.9
      vertex 27.8 8.95 28.85
    endloop
  endfacet
  facet normal 0 -1 0
    outer loop
      vertex 27.4 8.95 19.55
      vertex 27.8 8.95 27.9
      vertex 27.4 8.95 28.85
    endloop
  endfacet
  facet normal 0 -1 0
    outer loop
      vertex 28.6 8.95 19.55
      vertex 27.8 8.95 27.9
      vertex 27.4 8.95 19.55
    endloop
  endfacet
  facet normal 0 -1 0
    outer loop
      vertex 27.8 8.95 27.9
      vertex 28.6 8.95 19.55
      vertex 28.6 8.95 27.9
    endloop
  endfacet
  facet normal 0 -0.32222 -0.946665
    outer loop
      vertex 27.4 8.50528 29.4296
      vertex 27.8 8.57961 29.4043
      vertex 27.8 8.50528 29.4296
    endloop
  endfacet
  facet normal -0 -0.32222 -0.946665
    outer loop
      vertex 27.8 8.57961 29.4043
      vertex 27.4 8.50528 29.4296
      vertex 27.4 8.57961 29.4043
    endloop
  endfacet
  facet normal 0 0.997844 0.0656309
    outer loop
      vertex 28.6 -8.94485 19.4717
      vertex 27.4 -8.95 19.55
      vertex 28.6 -8.95 19.55
    endloop
  endfacet
  facet normal 0 0.997844 0.0656309
    outer loop
      vertex 27.4 -8.95 19.55
      vertex 28.6 -8.94485 19.4717
      vertex 27.4 -8.94485 19.4717
    endloop
  endfacet
  facet normal 0 0.65892 -0.752213
    outer loop
      vertex 27.4 -8.77426 29.2743
      vertex 27.8 -8.71524 29.326
      vertex 27.8 -8.77426 29.2743
    endloop
  endfacet
  facet normal 0 0.65892 -0.752213
    outer loop
      vertex 27.8 -8.71524 29.326
      vertex 27.4 -8.77426 29.2743
      vertex 27.4 -8.71524 29.326
    endloop
  endfacet
  facet normal 0 -0.65892 0.752213
    outer loop
      vertex 27.4 8.77426 19.1257
      vertex 28.6 8.71524 19.074
      vertex 28.6 8.77426 19.1257
    endloop
  endfacet
  facet normal 0 -0.65892 0.752213
    outer loop
      vertex 28.6 8.71524 19.074
      vertex 27.4 8.77426 19.1257
      vertex 27.4 8.71524 19.074
    endloop
  endfacet
  facet normal 0 0.896961 -0.44211
    outer loop
      vertex 27.8 -8.90431 29.0796
      vertex 27.4 -8.86961 29.15
      vertex 27.8 -8.86961 29.15
    endloop
  endfacet
  facet normal 0 0.896961 -0.44211
    outer loop
      vertex 27.4 -8.86961 29.15
      vertex 27.8 -8.90431 29.0796
      vertex 27.4 -8.90431 29.0796
    endloop
  endfacet
  facet normal 0 -0.997844 -0.0656309
    outer loop
      vertex 27.4 8.95 28.85
      vertex 27.8 8.94485 28.9283
      vertex 27.4 8.94485 28.9283
    endloop
  endfacet
  facet normal 0 -0.997844 -0.0656309
    outer loop
      vertex 27.8 8.94485 28.9283
      vertex 27.4 8.95 28.85
      vertex 27.8 8.95 28.85
    endloop
  endfacet
  facet normal -0 0 1
    outer loop
      vertex 27.4 8.34999 18.95
      vertex 28.6 -8.34999 18.95
      vertex 28.6 8.34999 18.95
    endloop
  endfacet
  facet normal 0 0 1
    outer loop
      vertex 28.6 -8.34999 18.95
      vertex 27.4 8.34999 18.95
      vertex 27.4 -8.34999 18.95
    endloop
  endfacet
  facet normal 0 0 -1
    outer loop
      vertex 27.4 -8.34999 29.45
      vertex 27.8 8.34999 29.45
      vertex 27.8 -8.34999 29.45
    endloop
  endfacet
  facet normal -0 0 -1
    outer loop
      vertex 27.8 8.34999 29.45
      vertex 27.4 -8.34999 29.45
      vertex 27.4 8.34999 29.45
    endloop
  endfacet
  facet normal 0 -0.896961 -0.44211
    outer loop
      vertex 27.4 8.90431 29.0796
      vertex 27.8 8.86961 29.15
      vertex 27.4 8.86961 29.15
    endloop
  endfacet
  facet normal 0 -0.896961 -0.44211
    outer loop
      vertex 27.8 8.86961 29.15
      vertex 27.4 8.90431 29.0796
      vertex 27.8 8.90431 29.0796
    endloop
  endfacet
  facet normal 0 0.831206 -0.555965
    outer loop
      vertex 27.8 -8.86961 29.15
      vertex 27.4 -8.826 29.2152
      vertex 27.8 -8.826 29.2152
    endloop
  endfacet
  facet normal 0 0.831206 -0.555965
    outer loop
      vertex 27.4 -8.826 29.2152
      vertex 27.8 -8.86961 29.15
      vertex 27.4 -8.86961 29.15
    endloop
  endfacet
  facet normal -0 0.555582 0.831462
    outer loop
      vertex 27.4 -8.64999 19.0304
      vertex 28.6 -8.71524 19.074
      vertex 28.6 -8.64999 19.0304
    endloop
  endfacet
  facet normal 0 0.555582 0.831462
    outer loop
      vertex 28.6 -8.71524 19.074
      vertex 27.4 -8.64999 19.0304
      vertex 27.4 -8.71524 19.074
    endloop
  endfacet
  facet normal 0 0.555582 -0.831462
    outer loop
      vertex 27.4 -8.71524 29.326
      vertex 27.8 -8.64999 29.3696
      vertex 27.8 -8.71524 29.326
    endloop
  endfacet
  facet normal 0 0.555582 -0.831462
    outer loop
      vertex 27.8 -8.64999 29.3696
      vertex 27.4 -8.71524 29.326
      vertex 27.4 -8.64999 29.3696
    endloop
  endfacet
  facet normal 0 -0.0649881 0.997886
    outer loop
      vertex 27.4 8.4283 18.9551
      vertex 28.6 8.34999 18.95
      vertex 28.6 8.4283 18.9551
    endloop
  endfacet
  facet normal 0 -0.0649881 0.997886
    outer loop
      vertex 28.6 8.34999 18.95
      vertex 27.4 8.4283 18.9551
      vertex 27.4 8.34999 18.95
    endloop
  endfacet
  facet normal 0 -0.752403 -0.658703
    outer loop
      vertex 27.4 8.826 29.2152
      vertex 27.8 8.77426 29.2743
      vertex 27.4 8.77426 29.2743
    endloop
  endfacet
  facet normal 0 -0.752403 -0.658703
    outer loop
      vertex 27.8 8.77426 29.2743
      vertex 27.4 8.826 29.2152
      vertex 27.8 8.826 29.2152
    endloop
  endfacet
  facet normal 0 -0.946858 0.321651
    outer loop
      vertex 27.4 8.90431 19.3204
      vertex 28.6 8.92955 19.3947
      vertex 27.4 8.92955 19.3947
    endloop
  endfacet
  facet normal 0 -0.946858 0.321651
    outer loop
      vertex 28.6 8.92955 19.3947
      vertex 27.4 8.90431 19.3204
      vertex 28.6 8.90431 19.3204
    endloop
  endfacet
  facet normal 0 -0.19494 -0.980815
    outer loop
      vertex 27.4 8.4283 29.4449
      vertex 27.8 8.50528 29.4296
      vertex 27.8 8.4283 29.4449
    endloop
  endfacet
  facet normal -0 -0.19494 -0.980815
    outer loop
      vertex 27.8 8.50528 29.4296
      vertex 27.4 8.4283 29.4449
      vertex 27.4 8.50528 29.4296
    endloop
  endfacet
  facet normal 0 0.752403 0.658703
    outer loop
      vertex 28.6 -8.77426 19.1257
      vertex 27.4 -8.826 19.1848
      vertex 28.6 -8.826 19.1848
    endloop
  endfacet
  facet normal 0 0.752403 0.658703
    outer loop
      vertex 27.4 -8.826 19.1848
      vertex 28.6 -8.77426 19.1257
      vertex 27.4 -8.77426 19.1257
    endloop
  endfacet
  facet normal 0 -0.946858 -0.321651
    outer loop
      vertex 27.4 8.92955 29.0053
      vertex 27.8 8.90431 29.0796
      vertex 27.4 8.90431 29.0796
    endloop
  endfacet
  facet normal 0 -0.946858 -0.321651
    outer loop
      vertex 27.8 8.90431 29.0796
      vertex 27.4 8.92955 29.0053
      vertex 27.8 8.92955 29.0053
    endloop
  endfacet
  facet normal 0 -0.442211 -0.896911
    outer loop
      vertex 27.4 8.57961 29.4043
      vertex 27.8 8.64999 29.3696
      vertex 27.8 8.57961 29.4043
    endloop
  endfacet
  facet normal -0 -0.442211 -0.896911
    outer loop
      vertex 27.8 8.64999 29.3696
      vertex 27.4 8.57961 29.4043
      vertex 27.4 8.64999 29.3696
    endloop
  endfacet
  facet normal 0 -0.555582 -0.831462
    outer loop
      vertex 27.4 8.64999 29.3696
      vertex 27.8 8.71524 29.326
      vertex 27.8 8.64999 29.3696
    endloop
  endfacet
  facet normal -0 -0.555582 -0.831462
    outer loop
      vertex 27.8 8.71524 29.326
      vertex 27.4 8.64999 29.3696
      vertex 27.4 8.71524 29.326
    endloop
  endfacet
  facet normal 0 -0.831206 -0.555965
    outer loop
      vertex 27.4 8.86961 29.15
      vertex 27.8 8.826 29.2152
      vertex 27.4 8.826 29.2152
    endloop
  endfacet
  facet normal 0 -0.831206 -0.555965
    outer loop
      vertex 27.8 8.826 29.2152
      vertex 27.4 8.86961 29.15
      vertex 27.8 8.86961 29.15
    endloop
  endfacet
  facet normal 0 0.980825 -0.194891
    outer loop
      vertex 27.8 -8.94485 28.9283
      vertex 27.4 -8.92955 29.0053
      vertex 27.8 -8.92955 29.0053
    endloop
  endfacet
  facet normal 0 0.980825 -0.194891
    outer loop
      vertex 27.4 -8.92955 29.0053
      vertex 27.8 -8.94485 28.9283
      vertex 27.4 -8.94485 28.9283
    endloop
  endfacet
  facet normal 0 -0.65892 -0.752213
    outer loop
      vertex 27.4 8.71524 29.326
      vertex 27.8 8.77426 29.2743
      vertex 27.8 8.71524 29.326
    endloop
  endfacet
  facet normal -0 -0.65892 -0.752213
    outer loop
      vertex 27.8 8.77426 29.2743
      vertex 27.4 8.71524 29.326
      vertex 27.4 8.77426 29.2743
    endloop
  endfacet
  facet normal 0 -0.32222 0.946665
    outer loop
      vertex 27.4 8.57961 18.9957
      vertex 28.6 8.50528 18.9704
      vertex 28.6 8.57961 18.9957
    endloop
  endfacet
  facet normal 0 -0.32222 0.946665
    outer loop
      vertex 28.6 8.50528 18.9704
      vertex 27.4 8.57961 18.9957
      vertex 27.4 8.50528 18.9704
    endloop
  endfacet
  facet normal 0 -0.980825 -0.194891
    outer loop
      vertex 27.4 8.94485 28.9283
      vertex 27.8 8.92955 29.0053
      vertex 27.4 8.92955 29.0053
    endloop
  endfacet
  facet normal 0 -0.980825 -0.194891
    outer loop
      vertex 27.8 8.92955 29.0053
      vertex 27.4 8.94485 28.9283
      vertex 27.8 8.94485 28.9283
    endloop
  endfacet
  facet normal 1 0 0
    outer loop
      vertex 27.4 7.97426 28.4743
      vertex 27.4 8.95 28.85
      vertex 27.4 8.94485 28.9283
    endloop
  endfacet
  facet normal 1 0 0
    outer loop
      vertex 27.4 8.95 28.85
      vertex 27.4 8.14999 28.05
      vertex 27.4 8.95 19.55
    endloop
  endfacet
  facet normal 1 0 0
    outer loop
      vertex 27.4 7.97426 28.4743
      vertex 27.4 8.94485 28.9283
      vertex 27.4 8.92955 29.0053
    endloop
  endfacet
  facet normal 1 -0 0
    outer loop
      vertex 27.4 8.14999 20.35
      vertex 27.4 8.95 19.55
      vertex 27.4 8.14999 28.05
    endloop
  endfacet
  facet normal 1 0 0
    outer loop
      vertex 27.4 7.97426 28.4743
      vertex 27.4 8.92955 29.0053
      vertex 27.4 8.90431 29.0796
    endloop
  endfacet
  facet normal 1 -0 0
    outer loop
      vertex 27.4 8.14485 20.2717
      vertex 27.4 8.95 19.55
      vertex 27.4 8.14999 20.35
    endloop
  endfacet
  facet normal 1 0 0
    outer loop
      vertex 27.4 7.97426 28.4743
      vertex 27.4 8.90431 29.0796
      vertex 27.4 8.86961 29.15
    endloop
  endfacet
  facet normal 1 -0 0
    outer loop
      vertex 27.4 8.12955 20.1947
      vertex 27.4 8.95 19.55
      vertex 27.4 8.14485 20.2717
    endloop
  endfacet
  facet normal 1 0 0
    outer loop
      vertex 27.4 7.97426 28.4743
      vertex 27.4 8.86961 29.15
      vertex 27.4 8.826 29.2152
    endloop
  endfacet
  facet normal 1 -0 0
    outer loop
      vertex 27.4 8.10431 20.1204
      vertex 27.4 8.95 19.55
      vertex 27.4 8.12955 20.1947
    endloop
  endfacet
  facet normal 1 0 0
    outer loop
      vertex 27.4 7.97426 28.4743
      vertex 27.4 8.826 29.2152
      vertex 27.4 8.77426 29.2743
    endloop
  endfacet
  facet normal 1 -0 0
    outer loop
      vertex 27.4 8.06961 20.05
      vertex 27.4 8.95 19.55
      vertex 27.4 8.10431 20.1204
    endloop
  endfacet
  facet normal 1 0 0
    outer loop
      vertex 27.4 7.97426 28.4743
      vertex 27.4 8.77426 29.2743
      vertex 27.4 8.71524 29.326
    endloop
  endfacet
  facet normal 1 -0 0
    outer loop
      vertex 27.4 8.026 19.9848
      vertex 27.4 8.95 19.55
      vertex 27.4 8.06961 20.05
    endloop
  endfacet
  facet normal 1 0 0
    outer loop
      vertex 27.4 7.97426 28.4743
      vertex 27.4 8.71524 29.326
      vertex 27.4 8.64999 29.3696
    endloop
  endfacet
  facet normal 1 -0 0
    outer loop
      vertex 27.4 7.97426 19.9257
      vertex 27.4 8.95 19.55
      vertex 27.4 8.026 19.9848
    endloop
  endfacet
  facet normal 1 0 0
    outer loop
      vertex 27.4 7.97426 28.4743
      vertex 27.4 8.64999 29.3696
      vertex 27.4 8.57961 29.4043
    endloop
  endfacet
  facet normal 1 0 0
    outer loop
      vertex 27.4 8.95 19.55
      vertex 27.4 7.97426 19.9257
      vertex 27.4 8.94485 19.4717
    endloop
  endfacet
  facet normal 1 0 0
    outer loop
      vertex 27.4 7.97426 28.4743
      vertex 27.4 8.57961 29.4043
      vertex 27.4 8.50528 29.4296
    endloop
  endfacet
  facet normal 1 0 0
    outer loop
      vertex 27.4 8.94485 19.4717
      vertex 27.4 7.97426 19.9257
      vertex 27.4 8.92955 19.3947
    endloop
  endfacet
  facet normal 1 0 0
    outer loop
      vertex 27.4 7.97426 28.4743
      vertex 27.4 8.50528 29.4296
      vertex 27.4 8.4283 29.4449
    endloop
  endfacet
  facet normal 1 0 0
    outer loop
      vertex 27.4 8.92955 19.3947
      vertex 27.4 7.97426 19.9257
      vertex 27.4 8.90431 19.3204
    endloop
  endfacet
  facet normal 1 0 0
    outer loop
      vertex 27.4 7.97426 28.4743
      vertex 27.4 8.4283 29.4449
      vertex 27.4 8.34999 29.45
    endloop
  endfacet
  facet normal 1 0 0
    outer loop
      vertex 27.4 8.90431 19.3204
      vertex 27.4 7.97426 19.9257
      vertex 27.4 8.86961 19.25
    endloop
  endfacet
  facet normal 1 0 0
    outer loop
      vertex 27.4 8.86961 19.25
      vertex 27.4 7.97426 19.9257
      vertex 27.4 8.826 19.1848
    endloop
  endfacet
  facet normal 1 0 0
    outer loop
      vertex 27.4 8.95 28.85
      vertex 27.4 8.14485 28.1283
      vertex 27.4 8.14999 28.05
    endloop
  endfacet
  facet normal 1 0 0
    outer loop
      vertex 27.4 8.95 28.85
      vertex 27.4 8.12955 28.2053
      vertex 27.4 8.14485 28.1283
    endloop
  endfacet
  facet normal 1 0 0
    outer loop
      vertex 27.4 8.95 28.85
      vertex 27.4 8.10431 28.2796
      vertex 27.4 8.12955 28.2053
    endloop
  endfacet
  facet normal 1 0 0
    outer loop
      vertex 27.4 8.95 28.85
      vertex 27.4 8.06961 28.35
      vertex 27.4 8.10431 28.2796
    endloop
  endfacet
  facet normal 1 0 0
    outer loop
      vertex 27.4 8.95 28.85
      vertex 27.4 8.026 28.4152
      vertex 27.4 8.06961 28.35
    endloop
  endfacet
  facet normal 1 0 0
    outer loop
      vertex 27.4 8.95 28.85
      vertex 27.4 7.97426 28.4743
      vertex 27.4 8.026 28.4152
    endloop
  endfacet
  facet normal 1 0 0
    outer loop
      vertex 27.4 8.34999 29.45
      vertex 27.4 7.91524 28.526
      vertex 27.4 7.97426 28.4743
    endloop
  endfacet
  facet normal 1 0 0
    outer loop
      vertex 27.4 8.34999 29.45
      vertex 27.4 7.84999 28.5696
      vertex 27.4 7.91524 28.526
    endloop
  endfacet
  facet normal 1 0 0
    outer loop
      vertex 27.4 8.34999 29.45
      vertex 27.4 7.7796 28.6043
      vertex 27.4 7.84999 28.5696
    endloop
  endfacet
  facet normal 1 0 0
    outer loop
      vertex 27.4 8.34999 29.45
      vertex 27.4 7.70528 28.6296
      vertex 27.4 7.7796 28.6043
    endloop
  endfacet
  facet normal 1 0 0
    outer loop
      vertex 27.4 8.34999 29.45
      vertex 27.4 7.6283 28.6449
      vertex 27.4 7.70528 28.6296
    endloop
  endfacet
  facet normal 1 0 0
    outer loop
      vertex 27.4 8.34999 29.45
      vertex 27.4 7.54999 28.65
      vertex 27.4 7.6283 28.6449
    endloop
  endfacet
  facet normal 1 0 0
    outer loop
      vertex 27.4 8.34999 29.45
      vertex 27.4 -7.54999 28.65
      vertex 27.4 7.54999 28.65
    endloop
  endfacet
  facet normal 1 0 0
    outer loop
      vertex 27.4 -8.14485 28.1283
      vertex 27.4 -8.95 28.85
      vertex 27.4 -8.14999 28.05
    endloop
  endfacet
  facet normal 1 0 0
    outer loop
      vertex 27.4 -8.12955 28.2053
      vertex 27.4 -8.95 28.85
      vertex 27.4 -8.14485 28.1283
    endloop
  endfacet
  facet normal 1 0 0
    outer loop
      vertex 27.4 -8.10431 28.2796
      vertex 27.4 -8.95 28.85
      vertex 27.4 -8.12955 28.2053
    endloop
  endfacet
  facet normal 1 0 0
    outer loop
      vertex 27.4 -8.06961 28.35
      vertex 27.4 -8.95 28.85
      vertex 27.4 -8.10431 28.2796
    endloop
  endfacet
  facet normal 1 0 0
    outer loop
      vertex 27.4 -8.026 28.4152
      vertex 27.4 -8.95 28.85
      vertex 27.4 -8.06961 28.35
    endloop
  endfacet
  facet normal 1 0 0
    outer loop
      vertex 27.4 -7.97426 28.4743
      vertex 27.4 -8.95 28.85
      vertex 27.4 -8.026 28.4152
    endloop
  endfacet
  facet normal 1 -0 0
    outer loop
      vertex 27.4 -8.95 28.85
      vertex 27.4 -7.97426 28.4743
      vertex 27.4 -8.34999 29.45
    endloop
  endfacet
  facet normal 1 0 0
    outer loop
      vertex 27.4 -7.91524 28.526
      vertex 27.4 -8.34999 29.45
      vertex 27.4 -7.97426 28.4743
    endloop
  endfacet
  facet normal 1 0 0
    outer loop
      vertex 27.4 -7.84999 28.5696
      vertex 27.4 -8.34999 29.45
      vertex 27.4 -7.91524 28.526
    endloop
  endfacet
  facet normal 1 0 0
    outer loop
      vertex 27.4 -7.7796 28.6043
      vertex 27.4 -8.34999 29.45
      vertex 27.4 -7.84999 28.5696
    endloop
  endfacet
  facet normal 1 0 0
    outer loop
      vertex 27.4 -7.70528 28.6296
      vertex 27.4 -8.34999 29.45
      vertex 27.4 -7.7796 28.6043
    endloop
  endfacet
  facet normal 1 0 0
    outer loop
      vertex 27.4 -7.6283 28.6449
      vertex 27.4 -8.34999 29.45
      vertex 27.4 -7.70528 28.6296
    endloop
  endfacet
  facet normal 1 0 0
    outer loop
      vertex 27.4 -7.54999 28.65
      vertex 27.4 -8.34999 29.45
      vertex 27.4 -7.6283 28.6449
    endloop
  endfacet
  facet normal 1 -0 0
    outer loop
      vertex 27.4 -8.34999 29.45
      vertex 27.4 -7.54999 28.65
      vertex 27.4 8.34999 29.45
    endloop
  endfacet
  facet normal 1 0 0
    outer loop
      vertex 27.4 8.826 19.1848
      vertex 27.4 7.97426 19.9257
      vertex 27.4 8.77426 19.1257
    endloop
  endfacet
  facet normal 1 0 0
    outer loop
      vertex 27.4 8.77426 19.1257
      vertex 27.4 7.97426 19.9257
      vertex 27.4 8.71524 19.074
    endloop
  endfacet
  facet normal 1 0 0
    outer loop
      vertex 27.4 8.71524 19.074
      vertex 27.4 7.97426 19.9257
      vertex 27.4 8.64999 19.0304
    endloop
  endfacet
  facet normal 1 0 0
    outer loop
      vertex 27.4 8.64999 19.0304
      vertex 27.4 7.97426 19.9257
      vertex 27.4 8.57961 18.9957
    endloop
  endfacet
  facet normal 1 0 0
    outer loop
      vertex 27.4 8.57961 18.9957
      vertex 27.4 7.97426 19.9257
      vertex 27.4 8.50528 18.9704
    endloop
  endfacet
  facet normal 1 0 0
    outer loop
      vertex 27.4 8.50528 18.9704
      vertex 27.4 7.97426 19.9257
      vertex 27.4 8.4283 18.9551
    endloop
  endfacet
  facet normal 1 0 0
    outer loop
      vertex 27.4 8.4283 18.9551
      vertex 27.4 7.97426 19.9257
      vertex 27.4 8.34999 18.95
    endloop
  endfacet
  facet normal 1 -0 0
    outer loop
      vertex 27.4 7.91524 19.874
      vertex 27.4 8.34999 18.95
      vertex 27.4 7.97426 19.9257
    endloop
  endfacet
  facet normal 1 -0 0
    outer loop
      vertex 27.4 7.84999 19.8304
      vertex 27.4 8.34999 18.95
      vertex 27.4 7.91524 19.874
    endloop
  endfacet
  facet normal 1 -0 0
    outer loop
      vertex 27.4 7.7796 19.7957
      vertex 27.4 8.34999 18.95
      vertex 27.4 7.84999 19.8304
    endloop
  endfacet
  facet normal 1 -0 0
    outer loop
      vertex 27.4 7.70528 19.7705
      vertex 27.4 8.34999 18.95
      vertex 27.4 7.7796 19.7957
    endloop
  endfacet
  facet normal 1 -0 0
    outer loop
      vertex 27.4 7.6283 19.7551
      vertex 27.4 8.34999 18.95
      vertex 27.4 7.70528 19.7705
    endloop
  endfacet
  facet normal 1 -0 0
    outer loop
      vertex 27.4 7.54999 19.75
      vertex 27.4 8.34999 18.95
      vertex 27.4 7.6283 19.7551
    endloop
  endfacet
  facet normal 1 -0 0
    outer loop
      vertex 27.4 -7.54999 19.75
      vertex 27.4 8.34999 18.95
      vertex 27.4 7.54999 19.75
    endloop
  endfacet
  facet normal 1 0 0
    outer loop
      vertex 27.4 -7.54999 19.75
      vertex 27.4 -8.34999 18.95
      vertex 27.4 8.34999 18.95
    endloop
  endfacet
  facet normal 1 0 0
    outer loop
      vertex 27.4 -7.6283 19.7551
      vertex 27.4 -8.34999 18.95
      vertex 27.4 -7.54999 19.75
    endloop
  endfacet
  facet normal 1 0 0
    outer loop
      vertex 27.4 -7.70528 19.7705
      vertex 27.4 -8.34999 18.95
      vertex 27.4 -7.6283 19.7551
    endloop
  endfacet
  facet normal 1 0 0
    outer loop
      vertex 27.4 -7.7796 19.7957
      vertex 27.4 -8.34999 18.95
      vertex 27.4 -7.70528 19.7705
    endloop
  endfacet
  facet normal 1 0 0
    outer loop
      vertex 27.4 -7.84999 19.8304
      vertex 27.4 -8.34999 18.95
      vertex 27.4 -7.7796 19.7957
    endloop
  endfacet
  facet normal 1 0 0
    outer loop
      vertex 27.4 -7.91524 19.874
      vertex 27.4 -8.34999 18.95
      vertex 27.4 -7.84999 19.8304
    endloop
  endfacet
  facet normal 1 0 0
    outer loop
      vertex 27.4 -7.97426 19.9257
      vertex 27.4 -8.34999 18.95
      vertex 27.4 -7.91524 19.874
    endloop
  endfacet
  facet normal 1 0 0
    outer loop
      vertex 27.4 -8.95 19.55
      vertex 27.4 -7.97426 19.9257
      vertex 27.4 -8.026 19.9848
    endloop
  endfacet
  facet normal 1 0 0
    outer loop
      vertex 27.4 -8.95 19.55
      vertex 27.4 -8.026 19.9848
      vertex 27.4 -8.06961 20.05
    endloop
  endfacet
  facet normal 1 0 0
    outer loop
      vertex 27.4 -8.95 19.55
      vertex 27.4 -8.06961 20.05
      vertex 27.4 -8.10431 20.1204
    endloop
  endfacet
  facet normal 1 0 0
    outer loop
      vertex 27.4 -8.95 19.55
      vertex 27.4 -8.10431 20.1204
      vertex 27.4 -8.12955 20.1947
    endloop
  endfacet
  facet normal 1 0 0
    outer loop
      vertex 27.4 -8.95 19.55
      vertex 27.4 -8.12955 20.1947
      vertex 27.4 -8.14485 20.2717
    endloop
  endfacet
  facet normal 1 0 0
    outer loop
      vertex 27.4 -8.95 19.55
      vertex 27.4 -8.14485 20.2717
      vertex 27.4 -8.14999 20.35
    endloop
  endfacet
  facet normal 1 0 0
    outer loop
      vertex 27.4 -8.14999 28.05
      vertex 27.4 -8.95 28.85
      vertex 27.4 -8.14999 20.35
    endloop
  endfacet
  facet normal 1 0 0
    outer loop
      vertex 27.4 -8.95 28.85
      vertex 27.4 -8.34999 29.45
      vertex 27.4 -8.4283 29.4449
    endloop
  endfacet
  facet normal 1 0 0
    outer loop
      vertex 27.4 -8.95 19.55
      vertex 27.4 -8.14999 20.35
      vertex 27.4 -8.95 28.85
    endloop
  endfacet
  facet normal 1 0 0
    outer loop
      vertex 27.4 -8.95 28.85
      vertex 27.4 -8.4283 29.4449
      vertex 27.4 -8.50528 29.4296
    endloop
  endfacet
  facet normal 1 0 0
    outer loop
      vertex 27.4 -7.97426 19.9257
      vertex 27.4 -8.95 19.55
      vertex 27.4 -8.92955 19.3947
    endloop
  endfacet
  facet normal 1 0 0
    outer loop
      vertex 27.4 -8.95 28.85
      vertex 27.4 -8.50528 29.4296
      vertex 27.4 -8.57961 29.4043
    endloop
  endfacet
  facet normal 1 0 0
    outer loop
      vertex 27.4 -7.97426 19.9257
      vertex 27.4 -8.4283 18.9551
      vertex 27.4 -8.34999 18.95
    endloop
  endfacet
  facet normal 1 0 0
    outer loop
      vertex 27.4 -8.95 28.85
      vertex 27.4 -8.57961 29.4043
      vertex 27.4 -8.64999 29.3696
    endloop
  endfacet
  facet normal 1 0 0
    outer loop
      vertex 27.4 -7.97426 19.9257
      vertex 27.4 -8.50528 18.9704
      vertex 27.4 -8.4283 18.9551
    endloop
  endfacet
  facet normal 1 0 0
    outer loop
      vertex 27.4 -8.95 28.85
      vertex 27.4 -8.64999 29.3696
      vertex 27.4 -8.71524 29.326
    endloop
  endfacet
  facet normal 1 0 0
    outer loop
      vertex 27.4 -7.97426 19.9257
      vertex 27.4 -8.57961 18.9957
      vertex 27.4 -8.50528 18.9704
    endloop
  endfacet
  facet normal 1 0 0
    outer loop
      vertex 27.4 -8.95 28.85
      vertex 27.4 -8.71524 29.326
      vertex 27.4 -8.77426 29.2743
    endloop
  endfacet
  facet normal 1 0 0
    outer loop
      vertex 27.4 -7.97426 19.9257
      vertex 27.4 -8.64999 19.0304
      vertex 27.4 -8.57961 18.9957
    endloop
  endfacet
  facet normal 1 0 0
    outer loop
      vertex 27.4 -8.95 28.85
      vertex 27.4 -8.77426 29.2743
      vertex 27.4 -8.826 29.2152
    endloop
  endfacet
  facet normal 1 0 0
    outer loop
      vertex 27.4 -7.97426 19.9257
      vertex 27.4 -8.71524 19.074
      vertex 27.4 -8.64999 19.0304
    endloop
  endfacet
  facet normal 1 0 0
    outer loop
      vertex 27.4 -8.95 28.85
      vertex 27.4 -8.826 29.2152
      vertex 27.4 -8.86961 29.15
    endloop
  endfacet
  facet normal 1 0 0
    outer loop
      vertex 27.4 -7.97426 19.9257
      vertex 27.4 -8.77426 19.1257
      vertex 27.4 -8.71524 19.074
    endloop
  endfacet
  facet normal 1 0 0
    outer loop
      vertex 27.4 -8.95 28.85
      vertex 27.4 -8.86961 29.15
      vertex 27.4 -8.90431 29.0796
    endloop
  endfacet
  facet normal 1 0 0
    outer loop
      vertex 27.4 -7.97426 19.9257
      vertex 27.4 -8.826 19.1848
      vertex 27.4 -8.77426 19.1257
    endloop
  endfacet
  facet normal 1 0 0
    outer loop
      vertex 27.4 -8.95 28.85
      vertex 27.4 -8.90431 29.0796
      vertex 27.4 -8.92955 29.0053
    endloop
  endfacet
  facet normal 1 0 0
    outer loop
      vertex 27.4 -7.97426 19.9257
      vertex 27.4 -8.86961 19.25
      vertex 27.4 -8.826 19.1848
    endloop
  endfacet
  facet normal 1 0 0
    outer loop
      vertex 27.4 -8.95 28.85
      vertex 27.4 -8.92955 29.0053
      vertex 27.4 -8.94485 28.9283
    endloop
  endfacet
  facet normal 1 0 0
    outer loop
      vertex 27.4 -7.97426 19.9257
      vertex 27.4 -8.90431 19.3204
      vertex 27.4 -8.86961 19.25
    endloop
  endfacet
  facet normal 1 0 0
    outer loop
      vertex 27.4 -7.97426 19.9257
      vertex 27.4 -8.92955 19.3947
      vertex 27.4 -8.90431 19.3204
    endloop
  endfacet
  facet normal 1 0 0
    outer loop
      vertex 27.4 -8.92955 19.3947
      vertex 27.4 -8.95 19.55
      vertex 27.4 -8.94485 19.4717
    endloop
  endfacet
  facet normal -0 0.32222 0.946665
    outer loop
      vertex 27.4 -8.50528 18.9704
      vertex 28.6 -8.57961 18.9957
      vertex 28.6 -8.50528 18.9704
    endloop
  endfacet
  facet normal 0 0.32222 0.946665
    outer loop
      vertex 28.6 -8.57961 18.9957
      vertex 27.4 -8.50528 18.9704
      vertex 27.4 -8.57961 18.9957
    endloop
  endfacet
  facet normal 0 -0.19494 0.980815
    outer loop
      vertex 27.4 8.50528 18.9704
      vertex 28.6 8.4283 18.9551
      vertex 28.6 8.50528 18.9704
    endloop
  endfacet
  facet normal 0 -0.19494 0.980815
    outer loop
      vertex 28.6 8.4283 18.9551
      vertex 27.4 8.50528 18.9704
      vertex 27.4 8.4283 18.9551
    endloop
  endfacet
  facet normal 0 -0.752403 0.658703
    outer loop
      vertex 27.4 8.77426 19.1257
      vertex 28.6 8.826 19.1848
      vertex 27.4 8.826 19.1848
    endloop
  endfacet
  facet normal 0 -0.752403 0.658703
    outer loop
      vertex 28.6 8.826 19.1848
      vertex 27.4 8.77426 19.1257
      vertex 28.6 8.77426 19.1257
    endloop
  endfacet
  facet normal 0 0.752403 -0.658703
    outer loop
      vertex 27.8 -8.826 29.2152
      vertex 27.4 -8.77426 29.2743
      vertex 27.8 -8.77426 29.2743
    endloop
  endfacet
  facet normal 0 0.752403 -0.658703
    outer loop
      vertex 27.4 -8.77426 29.2743
      vertex 27.8 -8.826 29.2152
      vertex 27.4 -8.826 29.2152
    endloop
  endfacet
  facet normal 0 0.997844 -0.0656309
    outer loop
      vertex 27.8 -8.95 28.85
      vertex 27.4 -8.94485 28.9283
      vertex 27.8 -8.94485 28.9283
    endloop
  endfacet
  facet normal 0 0.997844 -0.0656309
    outer loop
      vertex 27.4 -8.94485 28.9283
      vertex 27.8 -8.95 28.85
      vertex 27.4 -8.95 28.85
    endloop
  endfacet
  facet normal 0 0.946858 -0.321651
    outer loop
      vertex 27.8 -8.92955 29.0053
      vertex 27.4 -8.90431 29.0796
      vertex 27.8 -8.90431 29.0796
    endloop
  endfacet
  facet normal 0 0.946858 -0.321651
    outer loop
      vertex 27.4 -8.90431 29.0796
      vertex 27.8 -8.92955 29.0053
      vertex 27.4 -8.92955 29.0053
    endloop
  endfacet
  facet normal 0 -0.555582 0.831462
    outer loop
      vertex 27.4 8.71524 19.074
      vertex 28.6 8.64999 19.0304
      vertex 28.6 8.71524 19.074
    endloop
  endfacet
  facet normal 0 -0.555582 0.831462
    outer loop
      vertex 28.6 8.64999 19.0304
      vertex 27.4 8.71524 19.074
      vertex 27.4 8.64999 19.0304
    endloop
  endfacet
  facet normal 0 -0.0649881 -0.997886
    outer loop
      vertex 27.4 8.34999 29.45
      vertex 27.8 8.4283 29.4449
      vertex 27.8 8.34999 29.45
    endloop
  endfacet
  facet normal -0 -0.0649881 -0.997886
    outer loop
      vertex 27.8 8.4283 29.4449
      vertex 27.4 8.34999 29.45
      vertex 27.4 8.4283 29.4449
    endloop
  endfacet
  facet normal 0 -0.442211 0.896911
    outer loop
      vertex 27.4 8.64999 19.0304
      vertex 28.6 8.57961 18.9957
      vertex 28.6 8.64999 19.0304
    endloop
  endfacet
  facet normal 0 -0.442211 0.896911
    outer loop
      vertex 28.6 8.57961 18.9957
      vertex 27.4 8.64999 19.0304
      vertex 27.4 8.57961 18.9957
    endloop
  endfacet
  facet normal -0 0.65892 0.752213
    outer loop
      vertex 27.4 -8.71524 19.074
      vertex 28.6 -8.77426 19.1257
      vertex 28.6 -8.71524 19.074
    endloop
  endfacet
  facet normal 0 0.65892 0.752213
    outer loop
      vertex 28.6 -8.77426 19.1257
      vertex 27.4 -8.71524 19.074
      vertex 27.4 -8.77426 19.1257
    endloop
  endfacet
  facet normal 0 0.19494 -0.980815
    outer loop
      vertex 27.4 -8.50528 29.4296
      vertex 27.8 -8.4283 29.4449
      vertex 27.8 -8.50528 29.4296
    endloop
  endfacet
  facet normal 0 0.19494 -0.980815
    outer loop
      vertex 27.8 -8.4283 29.4449
      vertex 27.4 -8.50528 29.4296
      vertex 27.4 -8.4283 29.4449
    endloop
  endfacet
  facet normal 0 -0.980825 0.194891
    outer loop
      vertex 27.4 8.92955 19.3947
      vertex 28.6 8.94485 19.4717
      vertex 27.4 8.94485 19.4717
    endloop
  endfacet
  facet normal 0 -0.980825 0.194891
    outer loop
      vertex 28.6 8.94485 19.4717
      vertex 27.4 8.92955 19.3947
      vertex 28.6 8.92955 19.3947
    endloop
  endfacet
  facet normal 0 0.0649881 -0.997886
    outer loop
      vertex 27.4 -8.4283 29.4449
      vertex 27.8 -8.34999 29.45
      vertex 27.8 -8.4283 29.4449
    endloop
  endfacet
  facet normal 0 0.0649881 -0.997886
    outer loop
      vertex 27.8 -8.34999 29.45
      vertex 27.4 -8.4283 29.4449
      vertex 27.4 -8.34999 29.45
    endloop
  endfacet
  facet normal 0 0.32222 -0.946665
    outer loop
      vertex 27.4 -8.57961 29.4043
      vertex 27.8 -8.50528 29.4296
      vertex 27.8 -8.57961 29.4043
    endloop
  endfacet
  facet normal 0 0.32222 -0.946665
    outer loop
      vertex 27.8 -8.50528 29.4296
      vertex 27.4 -8.57961 29.4043
      vertex 27.4 -8.50528 29.4296
    endloop
  endfacet
  facet normal 0 0.442211 -0.896911
    outer loop
      vertex 27.4 -8.64999 29.3696
      vertex 27.8 -8.57961 29.4043
      vertex 27.8 -8.64999 29.3696
    endloop
  endfacet
  facet normal 0 0.442211 -0.896911
    outer loop
      vertex 27.8 -8.57961 29.4043
      vertex 27.4 -8.64999 29.3696
      vertex 27.4 -8.57961 29.4043
    endloop
  endfacet
  facet normal 0 -0.997844 0.0656309
    outer loop
      vertex 27.4 8.94485 19.4717
      vertex 28.6 8.95 19.55
      vertex 27.4 8.95 19.55
    endloop
  endfacet
  facet normal 0 -0.997844 0.0656309
    outer loop
      vertex 28.6 8.95 19.55
      vertex 27.4 8.94485 19.4717
      vertex 28.6 8.94485 19.4717
    endloop
  endfacet
  facet normal 0 -0.896961 0.44211
    outer loop
      vertex 27.4 8.86961 19.25
      vertex 28.6 8.90431 19.3204
      vertex 27.4 8.90431 19.3204
    endloop
  endfacet
  facet normal 0 -0.896961 0.44211
    outer loop
      vertex 28.6 8.90431 19.3204
      vertex 27.4 8.86961 19.25
      vertex 28.6 8.86961 19.25
    endloop
  endfacet
  facet normal -0 0.0649881 0.997886
    outer loop
      vertex 27.4 -8.34999 18.95
      vertex 28.6 -8.4283 18.9551
      vertex 28.6 -8.34999 18.95
    endloop
  endfacet
  facet normal 0 0.0649881 0.997886
    outer loop
      vertex 28.6 -8.4283 18.9551
      vertex 27.4 -8.34999 18.95
      vertex 27.4 -8.4283 18.9551
    endloop
  endfacet
  facet normal 0 0.896961 0.44211
    outer loop
      vertex 28.6 -8.86961 19.25
      vertex 27.4 -8.90431 19.3204
      vertex 28.6 -8.90431 19.3204
    endloop
  endfacet
  facet normal 0 0.896961 0.44211
    outer loop
      vertex 27.4 -8.90431 19.3204
      vertex 28.6 -8.86961 19.25
      vertex 27.4 -8.86961 19.25
    endloop
  endfacet
  facet normal 0 0.831206 0.555965
    outer loop
      vertex 28.6 -8.826 19.1848
      vertex 27.4 -8.86961 19.25
      vertex 28.6 -8.86961 19.25
    endloop
  endfacet
  facet normal 0 0.831206 0.555965
    outer loop
      vertex 27.4 -8.86961 19.25
      vertex 28.6 -8.826 19.1848
      vertex 27.4 -8.826 19.1848
    endloop
  endfacet
  facet normal -1 0 0
    outer loop
      vertex -16.9 -6.05 0
      vertex -16.9 6.05 2
      vertex -16.9 6.05 0
    endloop
  endfacet
  facet normal -1 -0 0
    outer loop
      vertex -16.9 6.05 2
      vertex -16.9 -6.05 0
      vertex -16.9 -6.05 2
    endloop
  endfacet
  facet normal 1 -0 0
    outer loop
      vertex -19.1 -6.05 2
      vertex -19.1 6.05 0
      vertex -19.1 6.05 2
    endloop
  endfacet
  facet normal 1 0 0
    outer loop
      vertex -19.1 6.05 0
      vertex -19.1 -6.05 2
      vertex -19.1 -6.05 0
    endloop
  endfacet
  facet normal 0 -1 0
    outer loop
      vertex -19.1 6.05 0
      vertex -16.9 6.05 2
      vertex -19.1 6.05 2
    endloop
  endfacet
  facet normal 0 -1 -0
    outer loop
      vertex -16.9 6.05 2
      vertex -19.1 6.05 0
      vertex -16.9 6.05 0
    endloop
  endfacet
  facet normal 0 1 -0
    outer loop
      vertex -16.9 -6.05 0
      vertex -19.1 -6.05 2
      vertex -16.9 -6.05 2
    endloop
  endfacet
  facet normal 0 1 0
    outer loop
      vertex -19.1 -6.05 2
      vertex -16.9 -6.05 0
      vertex -19.1 -6.05 0
    endloop
  endfacet
  facet normal -1 0 0
    outer loop
      vertex -10.9 -6.05 0
      vertex -10.9 6.05 2
      vertex -10.9 6.05 0
    endloop
  endfacet
  facet normal -1 -0 0
    outer loop
      vertex -10.9 6.05 2
      vertex -10.9 -6.05 0
      vertex -10.9 -6.05 2
    endloop
  endfacet
  facet normal 1 -0 0
    outer loop
      vertex -13.1 -6.05 2
      vertex -13.1 6.05 0
      vertex -13.1 6.05 2
    endloop
  endfacet
  facet normal 1 0 0
    outer loop
      vertex -13.1 6.05 0
      vertex -13.1 -6.05 2
      vertex -13.1 -6.05 0
    endloop
  endfacet
  facet normal 0 -1 0
    outer loop
      vertex -13.1 6.05 0
      vertex -10.9 6.05 2
      vertex -13.1 6.05 2
    endloop
  endfacet
  facet normal 0 -1 -0
    outer loop
      vertex -10.9 6.05 2
      vertex -13.1 6.05 0
      vertex -10.9 6.05 0
    endloop
  endfacet
  facet normal 0 1 -0
    outer loop
      vertex -10.9 -6.05 0
      vertex -13.1 -6.05 2
      vertex -10.9 -6.05 2
    endloop
  endfacet
  facet normal 0 1 0
    outer loop
      vertex -13.1 -6.05 2
      vertex -10.9 -6.05 0
      vertex -13.1 -6.05 0
    endloop
  endfacet
  facet normal -1 0 0
    outer loop
      vertex -4.9 -6.05 0
      vertex -4.9 6.05 2
      vertex -4.9 6.05 0
    endloop
  endfacet
  facet normal -1 -0 0
    outer loop
      vertex -4.9 6.05 2
      vertex -4.9 -6.05 0
      vertex -4.9 -6.05 2
    endloop
  endfacet
  facet normal 1 -0 0
    outer loop
      vertex -7.1 -6.05 2
      vertex -7.1 6.05 0
      vertex -7.1 6.05 2
    endloop
  endfacet
  facet normal 1 0 0
    outer loop
      vertex -7.1 6.05 0
      vertex -7.1 -6.05 2
      vertex -7.1 -6.05 0
    endloop
  endfacet
  facet normal 0 -1 0
    outer loop
      vertex -7.1 6.05 0
      vertex -4.9 6.05 2
      vertex -7.1 6.05 2
    endloop
  endfacet
  facet normal 0 -1 -0
    outer loop
      vertex -4.9 6.05 2
      vertex -7.1 6.05 0
      vertex -4.9 6.05 0
    endloop
  endfacet
  facet normal 0 1 -0
    outer loop
      vertex -4.9 -6.05 0
      vertex -7.1 -6.05 2
      vertex -4.9 -6.05 2
    endloop
  endfacet
  facet normal 0 1 0
    outer loop
      vertex -7.1 -6.05 2
      vertex -4.9 -6.05 0
      vertex -7.1 -6.05 0
    endloop
  endfacet
  facet normal -1 0 0
    outer loop
      vertex 1.1 -6.05 0
      vertex 1.1 6.05 2
      vertex 1.1 6.05 0
    endloop
  endfacet
  facet normal -1 -0 0
    outer loop
      vertex 1.1 6.05 2
      vertex 1.1 -6.05 0
      vertex 1.1 -6.05 2
    endloop
  endfacet
  facet normal 1 -0 0
    outer loop
      vertex -1.1 -6.05 2
      vertex -1.1 6.05 0
      vertex -1.1 6.05 2
    endloop
  endfacet
  facet normal 1 0 0
    outer loop
      vertex -1.1 6.05 0
      vertex -1.1 -6.05 2
      vertex -1.1 -6.05 0
    endloop
  endfacet
  facet normal 0 -1 0
    outer loop
      vertex -1.1 6.05 0
      vertex 1.1 6.05 2
      vertex -1.1 6.05 2
    endloop
  endfacet
  facet normal 0 -1 -0
    outer loop
      vertex 1.1 6.05 2
      vertex -1.1 6.05 0
      vertex 1.1 6.05 0
    endloop
  endfacet
  facet normal 0 1 -0
    outer loop
      vertex 1.1 -6.05 0
      vertex -1.1 -6.05 2
      vertex 1.1 -6.05 2
    endloop
  endfacet
  facet normal 0 1 0
    outer loop
      vertex -1.1 -6.05 2
      vertex 1.1 -6.05 0
      vertex -1.1 -6.05 0
    endloop
  endfacet
  facet normal -1 0 0
    outer loop
      vertex 7.1 -6.05 0
      vertex 7.1 6.05 2
      vertex 7.1 6.05 0
    endloop
  endfacet
  facet normal -1 -0 0
    outer loop
      vertex 7.1 6.05 2
      vertex 7.1 -6.05 0
      vertex 7.1 -6.05 2
    endloop
  endfacet
  facet normal 1 -0 0
    outer loop
      vertex 4.9 -6.05 2
      vertex 4.9 6.05 0
      vertex 4.9 6.05 2
    endloop
  endfacet
  facet normal 1 0 0
    outer loop
      vertex 4.9 6.05 0
      vertex 4.9 -6.05 2
      vertex 4.9 -6.05 0
    endloop
  endfacet
  facet normal 0 -1 0
    outer loop
      vertex 4.9 6.05 0
      vertex 7.1 6.05 2
      vertex 4.9 6.05 2
    endloop
  endfacet
  facet normal 0 -1 -0
    outer loop
      vertex 7.1 6.05 2
      vertex 4.9 6.05 0
      vertex 7.1 6.05 0
    endloop
  endfacet
  facet normal 0 1 -0
    outer loop
      vertex 7.1 -6.05 0
      vertex 4.9 -6.05 2
      vertex 7.1 -6.05 2
    endloop
  endfacet
  facet normal 0 1 0
    outer loop
      vertex 4.9 -6.05 2
      vertex 7.1 -6.05 0
      vertex 4.9 -6.05 0
    endloop
  endfacet
  facet normal -1 0 0
    outer loop
      vertex 13.1 -6.05 0
      vertex 13.1 6.05 2
      vertex 13.1 6.05 0
    endloop
  endfacet
  facet normal -1 -0 0
    outer loop
      vertex 13.1 6.05 2
      vertex 13.1 -6.05 0
      vertex 13.1 -6.05 2
    endloop
  endfacet
  facet normal 1 -0 0
    outer loop
      vertex 10.9 -6.05 2
      vertex 10.9 6.05 0
      vertex 10.9 6.05 2
    endloop
  endfacet
  facet normal 1 0 0
    outer loop
      vertex 10.9 6.05 0
      vertex 10.9 -6.05 2
      vertex 10.9 -6.05 0
    endloop
  endfacet
  facet normal 0 -1 0
    outer loop
      vertex 10.9 6.05 0
      vertex 13.1 6.05 2
      vertex 10.9 6.05 2
    endloop
  endfacet
  facet normal 0 -1 -0
    outer loop
      vertex 13.1 6.05 2
      vertex 10.9 6.05 0
      vertex 13.1 6.05 0
    endloop
  endfacet
  facet normal 0 1 -0
    outer loop
      vertex 13.1 -6.05 0
      vertex 10.9 -6.05 2
      vertex 13.1 -6.05 2
    endloop
  endfacet
  facet normal 0 1 0
    outer loop
      vertex 10.9 -6.05 2
      vertex 13.1 -6.05 0
      vertex 10.9 -6.05 0
    endloop
  endfacet
  facet normal -1 0 0
    outer loop
      vertex 19.1 -6.05 0
      vertex 19.1 6.05 2
      vertex 19.1 6.05 0
    endloop
  endfacet
  facet normal -1 -0 0
    outer loop
      vertex 19.1 6.05 2
      vertex 19.1 -6.05 0
      vertex 19.1 -6.05 2
    endloop
  endfacet
  facet normal 1 -0 0
    outer loop
      vertex 16.9 -6.05 2
      vertex 16.9 6.05 0
      vertex 16.9 6.05 2
    endloop
  endfacet
  facet normal 1 0 0
    outer loop
      vertex 16.9 6.05 0
      vertex 16.9 -6.05 2
      vertex 16.9 -6.05 0
    endloop
  endfacet
  facet normal 0 -1 0
    outer loop
      vertex 16.9 6.05 0
      vertex 19.1 6.05 2
      vertex 16.9 6.05 2
    endloop
  endfacet
  facet normal 0 -1 -0
    outer loop
      vertex 19.1 6.05 2
      vertex 16.9 6.05 0
      vertex 19.1 6.05 0
    endloop
  endfacet
  facet normal 0 1 -0
    outer loop
      vertex 19.1 -6.05 0
      vertex 16.9 -6.05 2
      vertex 19.1 -6.05 2
    endloop
  endfacet
  facet normal 0 1 0
    outer loop
      vertex 16.9 -6.05 2
      vertex 19.1 -6.05 0
      vertex 16.9 -6.05 0
    endloop
  endfacet
  facet normal 0 0 1
    outer loop
      vertex 28.5786 11.9263 27.9
      vertex 27.7872 11.9958 27.9
      vertex 27.8 11.8 27.9
    endloop
  endfacet
  facet normal 0 0 1
    outer loop
      vertex 28.0834 13.1219 27.9
      vertex 27.7489 12.1882 27.9
      vertex 27.7872 11.9958 27.9
    endloop
  endfacet
  facet normal 0 0 1
    outer loop
      vertex 28.0834 13.1219 27.9
      vertex 27.6858 12.374 27.9
      vertex 27.7489 12.1882 27.9
    endloop
  endfacet
  facet normal 0 0 1
    outer loop
      vertex 27.2131 12.99 27.9
      vertex 27.8678 13.3678 27.9
      vertex 27.6219 13.5834 27.9
    endloop
  endfacet
  facet normal 0 0 1
    outer loop
      vertex 28.0834 13.1219 27.9
      vertex 27.599 12.55 27.9
      vertex 27.6858 12.374 27.9
    endloop
  endfacet
  facet normal 0 0 1
    outer loop
      vertex 28.0834 13.1219 27.9
      vertex 27.49 12.7131 27.9
      vertex 27.599 12.55 27.9
    endloop
  endfacet
  facet normal 0 0 1
    outer loop
      vertex 27.8678 13.3678 27.9
      vertex 27.3606 12.8606 27.9
      vertex 27.49 12.7131 27.9
    endloop
  endfacet
  facet normal 0 0 1
    outer loop
      vertex 27.05 13.099 27.9
      vertex 27.6219 13.5834 27.9
      vertex 27.35 13.7651 27.9
    endloop
  endfacet
  facet normal 0 0 1
    outer loop
      vertex 27.8678 13.3678 27.9
      vertex 27.2131 12.99 27.9
      vertex 27.3606 12.8606 27.9
    endloop
  endfacet
  facet normal 0 0 1
    outer loop
      vertex 26.874 13.1858 27.9
      vertex 27.35 13.7651 27.9
      vertex 27.0567 13.9097 27.9
    endloop
  endfacet
  facet normal 0 0 1
    outer loop
      vertex 27.6219 13.5834 27.9
      vertex 27.05 13.099 27.9
      vertex 27.2131 12.99 27.9
    endloop
  endfacet
  facet normal 0 0 1
    outer loop
      vertex 27.35 13.7651 27.9
      vertex 26.874 13.1858 27.9
      vertex 27.05 13.099 27.9
    endloop
  endfacet
  facet normal 0 0 1
    outer loop
      vertex 26.6882 13.2489 27.9
      vertex 27.0567 13.9097 27.9
      vertex 26.747 14.0148 27.9
    endloop
  endfacet
  facet normal 0 0 1
    outer loop
      vertex 27.0567 13.9097 27.9
      vertex 26.6882 13.2489 27.9
      vertex 26.874 13.1858 27.9
    endloop
  endfacet
  facet normal 0 0 1
    outer loop
      vertex 26.747 14.0148 27.9
      vertex 26.4958 13.2872 27.9
      vertex 26.6882 13.2489 27.9
    endloop
  endfacet
  facet normal 0 0 1
    outer loop
      vertex 26.4263 14.0786 27.9
      vertex 26.4958 13.2872 27.9
      vertex 26.747 14.0148 27.9
    endloop
  endfacet
  facet normal 0 0 1
    outer loop
      vertex 26.4263 14.0786 27.9
      vertex 26.3 13.3 27.9
      vertex 26.4958 13.2872 27.9
    endloop
  endfacet
  facet normal 0 0 1
    outer loop
      vertex 26.1 14.1 27.9
      vertex 26.3 13.3 27.9
      vertex 26.4263 14.0786 27.9
    endloop
  endfacet
  facet normal -0 0 1
    outer loop
      vertex -26.1 14.1 27.9
      vertex 26.3 13.3 27.9
      vertex 26.1 14.1 27.9
    endloop
  endfacet
  facet normal 0 0 1
    outer loop
      vertex -26.1 14.1 27.9
      vertex -26.3 13.3 27.9
      vertex 26.3 13.3 27.9
    endloop
  endfacet
  facet normal -0 0 1
    outer loop
      vertex -26.4263 14.0786 27.9
      vertex -26.3 13.3 27.9
      vertex -26.1 14.1 27.9
    endloop
  endfacet
  facet normal 0 0 1
    outer loop
      vertex -26.4263 14.0786 27.9
      vertex -26.4958 13.2872 27.9
      vertex -26.3 13.3 27.9
    endloop
  endfacet
  facet normal -0 0 1
    outer loop
      vertex -26.747 14.0148 27.9
      vertex -26.4958 13.2872 27.9
      vertex -26.4263 14.0786 27.9
    endloop
  endfacet
  facet normal 0 0 1
    outer loop
      vertex -26.4958 13.2872 27.9
      vertex -26.747 14.0148 27.9
      vertex -26.6882 13.2489 27.9
    endloop
  endfacet
  facet normal -0 0 1
    outer loop
      vertex -27.0567 13.9097 27.9
      vertex -26.6882 13.2489 27.9
      vertex -26.747 14.0148 27.9
    endloop
  endfacet
  facet normal 0 0 1
    outer loop
      vertex -26.6882 13.2489 27.9
      vertex -27.0567 13.9097 27.9
      vertex -26.874 13.1858 27.9
    endloop
  endfacet
  facet normal -0 0 1
    outer loop
      vertex -27.35 13.7651 27.9
      vertex -26.874 13.1858 27.9
      vertex -27.0567 13.9097 27.9
    endloop
  endfacet
  facet normal 0 0 1
    outer loop
      vertex -26.874 13.1858 27.9
      vertex -27.35 13.7651 27.9
      vertex -27.05 13.099 27.9
    endloop
  endfacet
  facet normal -0 0 1
    outer loop
      vertex -27.6219 13.5834 27.9
      vertex -27.05 13.099 27.9
      vertex -27.35 13.7651 27.9
    endloop
  endfacet
  facet normal 0 0 1
    outer loop
      vertex -27.05 13.099 27.9
      vertex -27.6219 13.5834 27.9
      vertex -27.2131 12.99 27.9
    endloop
  endfacet
  facet normal -0 0 1
    outer loop
      vertex -27.8678 13.3678 27.9
      vertex -27.2131 12.99 27.9
      vertex -27.6219 13.5834 27.9
    endloop
  endfacet
  facet normal 0 0 1
    outer loop
      vertex -27.2131 12.99 27.9
      vertex -27.8678 13.3678 27.9
      vertex -27.3606 12.8606 27.9
    endloop
  endfacet
  facet normal 0 0 1
    outer loop
      vertex -27.3606 12.8606 27.9
      vertex -27.8678 13.3678 27.9
      vertex -27.49 12.7131 27.9
    endloop
  endfacet
  facet normal -0 0 1
    outer loop
      vertex -28.0834 13.1219 27.9
      vertex -27.49 12.7131 27.9
      vertex -27.8678 13.3678 27.9
    endloop
  endfacet
  facet normal 0 0 1
    outer loop
      vertex -27.49 12.7131 27.9
      vertex -28.0834 13.1219 27.9
      vertex -27.599 12.55 27.9
    endloop
  endfacet
  facet normal -0 0 1
    outer loop
      vertex -28.2651 12.85 27.9
      vertex -27.599 12.55 27.9
      vertex -28.0834 13.1219 27.9
    endloop
  endfacet
  facet normal 0 0 1
    outer loop
      vertex -27.6858 12.374 27.9
      vertex -28.4097 12.5567 27.9
      vertex -27.7489 12.1882 27.9
    endloop
  endfacet
  facet normal -0 0 1
    outer loop
      vertex -28.4097 12.5567 27.9
      vertex -27.6858 12.374 27.9
      vertex -28.2651 12.85 27.9
    endloop
  endfacet
  facet normal 0 0 1
    outer loop
      vertex -27.599 12.55 27.9
      vertex -28.2651 12.85 27.9
      vertex -27.6858 12.374 27.9
    endloop
  endfacet
  facet normal -0 0 1
    outer loop
      vertex 27.8 11.8 27.9
      vertex 28.6 11.6 27.9
      vertex 28.5786 11.9263 27.9
    endloop
  endfacet
  facet normal -0 0 1
    outer loop
      vertex 27.7872 11.9958 27.9
      vertex 28.5786 11.9263 27.9
      vertex 28.5148 12.247 27.9
    endloop
  endfacet
  facet normal 0 0 1
    outer loop
      vertex 27.7872 11.9958 27.9
      vertex 28.5148 12.247 27.9
      vertex 28.4097 12.5567 27.9
    endloop
  endfacet
  facet normal 0 0 1
    outer loop
      vertex 27.7872 11.9958 27.9
      vertex 28.4097 12.5567 27.9
      vertex 28.2651 12.85 27.9
    endloop
  endfacet
  facet normal 0 0 1
    outer loop
      vertex 27.7872 11.9958 27.9
      vertex 28.2651 12.85 27.9
      vertex 28.0834 13.1219 27.9
    endloop
  endfacet
  facet normal 0 0 1
    outer loop
      vertex 27.49 12.7131 27.9
      vertex 28.0834 13.1219 27.9
      vertex 27.8678 13.3678 27.9
    endloop
  endfacet
  facet normal 0 0 1
    outer loop
      vertex 27.8 8.95 27.9
      vertex 28.6 11.6 27.9
      vertex 27.8 11.8 27.9
    endloop
  endfacet
  facet normal 0 0 1
    outer loop
      vertex 28.6 11.6 27.9
      vertex 27.8 8.95 27.9
      vertex 28.6 8.95 27.9
    endloop
  endfacet
  facet normal -0 0 1
    outer loop
      vertex 27.8 -8.95 27.9
      vertex 28.6 -11.6 27.9
      vertex 28.6 -8.95 27.9
    endloop
  endfacet
  facet normal 0 0 1
    outer loop
      vertex 28.6 -11.6 27.9
      vertex 27.8 -11.8 27.9
      vertex 28.5786 -11.9263 27.9
    endloop
  endfacet
  facet normal 0 0 1
    outer loop
      vertex 27.7872 -11.9958 27.9
      vertex 28.5786 -11.9263 27.9
      vertex 27.8 -11.8 27.9
    endloop
  endfacet
  facet normal 0 0 1
    outer loop
      vertex 28.5786 -11.9263 27.9
      vertex 27.7872 -11.9958 27.9
      vertex 28.5148 -12.247 27.9
    endloop
  endfacet
  facet normal -0 0 1
    outer loop
      vertex 27.7489 -12.1882 27.9
      vertex 28.5148 -12.247 27.9
      vertex 27.7872 -11.9958 27.9
    endloop
  endfacet
  facet normal 0 0 1
    outer loop
      vertex 28.5148 -12.247 27.9
      vertex 27.7489 -12.1882 27.9
      vertex 28.4097 -12.5567 27.9
    endloop
  endfacet
  facet normal 0 0 1
    outer loop
      vertex 28.6 -11.6 27.9
      vertex 27.8 -8.95 27.9
      vertex 27.8 -11.8 27.9
    endloop
  endfacet
  facet normal -0 0 1
    outer loop
      vertex 27.6858 -12.374 27.9
      vertex 28.4097 -12.5567 27.9
      vertex 27.7489 -12.1882 27.9
    endloop
  endfacet
  facet normal 0 0 1
    outer loop
      vertex 28.4097 -12.5567 27.9
      vertex 27.6858 -12.374 27.9
      vertex 28.2651 -12.85 27.9
    endloop
  endfacet
  facet normal -0 0 1
    outer loop
      vertex 27.599 -12.55 27.9
      vertex 28.2651 -12.85 27.9
      vertex 27.6858 -12.374 27.9
    endloop
  endfacet
  facet normal 0 0 1
    outer loop
      vertex 28.2651 -12.85 27.9
      vertex 27.599 -12.55 27.9
      vertex 28.0834 -13.1219 27.9
    endloop
  endfacet
  facet normal -0 0 1
    outer loop
      vertex 27.49 -12.7131 27.9
      vertex 28.0834 -13.1219 27.9
      vertex 27.599 -12.55 27.9
    endloop
  endfacet
  facet normal 0 0 1
    outer loop
      vertex 28.0834 -13.1219 27.9
      vertex 27.49 -12.7131 27.9
      vertex 27.8678 -13.3678 27.9
    endloop
  endfacet
  facet normal -0 0 1
    outer loop
      vertex 27.3606 -12.8606 27.9
      vertex 27.8678 -13.3678 27.9
      vertex 27.49 -12.7131 27.9
    endloop
  endfacet
  facet normal -0 0 1
    outer loop
      vertex 27.2131 -12.99 27.9
      vertex 27.8678 -13.3678 27.9
      vertex 27.3606 -12.8606 27.9
    endloop
  endfacet
  facet normal 0 0 1
    outer loop
      vertex 27.8678 -13.3678 27.9
      vertex 27.2131 -12.99 27.9
      vertex 27.6219 -13.5834 27.9
    endloop
  endfacet
  facet normal -0 0 1
    outer loop
      vertex 27.05 -13.099 27.9
      vertex 27.6219 -13.5834 27.9
      vertex 27.2131 -12.99 27.9
    endloop
  endfacet
  facet normal 0 0 1
    outer loop
      vertex 27.6219 -13.5834 27.9
      vertex 27.05 -13.099 27.9
      vertex 27.35 -13.7651 27.9
    endloop
  endfacet
  facet normal -0 0 1
    outer loop
      vertex 26.874 -13.1858 27.9
      vertex 27.35 -13.7651 27.9
      vertex 27.05 -13.099 27.9
    endloop
  endfacet
  facet normal 0 0 1
    outer loop
      vertex 27.35 -13.7651 27.9
      vertex 26.874 -13.1858 27.9
      vertex 27.0567 -13.9097 27.9
    endloop
  endfacet
  facet normal -0 0 1
    outer loop
      vertex 26.6882 -13.2489 27.9
      vertex 27.0567 -13.9097 27.9
      vertex 26.874 -13.1858 27.9
    endloop
  endfacet
  facet normal 0 0 1
    outer loop
      vertex 27.0567 -13.9097 27.9
      vertex 26.6882 -13.2489 27.9
      vertex 26.747 -14.0148 27.9
    endloop
  endfacet
  facet normal -0 0 1
    outer loop
      vertex 26.4958 -13.2872 27.9
      vertex 26.747 -14.0148 27.9
      vertex 26.6882 -13.2489 27.9
    endloop
  endfacet
  facet normal 0 0 1
    outer loop
      vertex 26.4958 -13.2872 27.9
      vertex 26.4263 -14.0786 27.9
      vertex 26.747 -14.0148 27.9
    endloop
  endfacet
  facet normal -0 0 1
    outer loop
      vertex 26.3 -13.3 27.9
      vertex 26.4263 -14.0786 27.9
      vertex 26.4958 -13.2872 27.9
    endloop
  endfacet
  facet normal 0 0 1
    outer loop
      vertex 26.3 -13.3 27.9
      vertex 26.1 -14.1 27.9
      vertex 26.4263 -14.0786 27.9
    endloop
  endfacet
  facet normal 0 0 1
    outer loop
      vertex 26.3 -13.3 27.9
      vertex -26.1 -14.1 27.9
      vertex 26.1 -14.1 27.9
    endloop
  endfacet
  facet normal -0 0 1
    outer loop
      vertex -26.3 -13.3 27.9
      vertex -26.1 -14.1 27.9
      vertex 26.3 -13.3 27.9
    endloop
  endfacet
  facet normal 0 0 1
    outer loop
      vertex -26.3 -13.3 27.9
      vertex -26.4263 -14.0786 27.9
      vertex -26.1 -14.1 27.9
    endloop
  endfacet
  facet normal 0 0 1
    outer loop
      vertex -26.4958 -13.2872 27.9
      vertex -26.4263 -14.0786 27.9
      vertex -26.3 -13.3 27.9
    endloop
  endfacet
  facet normal 0 0 1
    outer loop
      vertex -26.747 -14.0148 27.9
      vertex -26.4958 -13.2872 27.9
      vertex -26.6882 -13.2489 27.9
    endloop
  endfacet
  facet normal 0 0 1
    outer loop
      vertex -26.4958 -13.2872 27.9
      vertex -26.747 -14.0148 27.9
      vertex -26.4263 -14.0786 27.9
    endloop
  endfacet
  facet normal 0 0 1
    outer loop
      vertex -27.0567 -13.9097 27.9
      vertex -26.6882 -13.2489 27.9
      vertex -26.874 -13.1858 27.9
    endloop
  endfacet
  facet normal 0 0 1
    outer loop
      vertex -27.35 -13.7651 27.9
      vertex -26.874 -13.1858 27.9
      vertex -27.05 -13.099 27.9
    endloop
  endfacet
  facet normal 0 0 1
    outer loop
      vertex -26.6882 -13.2489 27.9
      vertex -27.0567 -13.9097 27.9
      vertex -26.747 -14.0148 27.9
    endloop
  endfacet
  facet normal 0 0 1
    outer loop
      vertex -27.6219 -13.5834 27.9
      vertex -27.05 -13.099 27.9
      vertex -27.2131 -12.99 27.9
    endloop
  endfacet
  facet normal 0 0 1
    outer loop
      vertex -26.874 -13.1858 27.9
      vertex -27.35 -13.7651 27.9
      vertex -27.0567 -13.9097 27.9
    endloop
  endfacet
  facet normal 0 0 1
    outer loop
      vertex -27.8678 -13.3678 27.9
      vertex -27.2131 -12.99 27.9
      vertex -27.3606 -12.8606 27.9
    endloop
  endfacet
  facet normal 0 0 1
    outer loop
      vertex -27.8678 -13.3678 27.9
      vertex -27.3606 -12.8606 27.9
      vertex -27.49 -12.7131 27.9
    endloop
  endfacet
  facet normal 0 0 1
    outer loop
      vertex -28.0834 -13.1219 27.9
      vertex -27.49 -12.7131 27.9
      vertex -27.599 -12.55 27.9
    endloop
  endfacet
  facet normal 0 0 1
    outer loop
      vertex -27.05 -13.099 27.9
      vertex -27.6219 -13.5834 27.9
      vertex -27.35 -13.7651 27.9
    endloop
  endfacet
  facet normal 0 0 1
    outer loop
      vertex -28.2651 -12.85 27.9
      vertex -27.599 -12.55 27.9
      vertex -27.6858 -12.374 27.9
    endloop
  endfacet
  facet normal 0 0 1
    outer loop
      vertex -28.4097 -12.5567 27.9
      vertex -27.6858 -12.374 27.9
      vertex -27.7489 -12.1882 27.9
    endloop
  endfacet
  facet normal 0 0 1
    outer loop
      vertex -28.5148 -12.247 27.9
      vertex -27.7489 -12.1882 27.9
      vertex -27.7872 -11.9958 27.9
    endloop
  endfacet
  facet normal 0 0 1
    outer loop
      vertex -27.2131 -12.99 27.9
      vertex -27.8678 -13.3678 27.9
      vertex -27.6219 -13.5834 27.9
    endloop
  endfacet
  facet normal -0 0 1
    outer loop
      vertex -28.5786 -11.9263 27.9
      vertex -27.7872 -11.9958 27.9
      vertex -27.8 -11.8 27.9
    endloop
  endfacet
  facet normal 0 0 1
    outer loop
      vertex -27.8 11.8 27.9
      vertex -28.6 11.6 27.9
      vertex -27.8 -11.8 27.9
    endloop
  endfacet
  facet normal -0 0 1
    outer loop
      vertex -28.5148 12.247 27.9
      vertex -27.7489 12.1882 27.9
      vertex -28.4097 12.5567 27.9
    endloop
  endfacet
  facet normal -0 0 1
    outer loop
      vertex -28.6 -11.6 27.9
      vertex -27.8 -11.8 27.9
      vertex -28.6 11.6 27.9
    endloop
  endfacet
  facet normal 0 0 1
    outer loop
      vertex -27.7489 12.1882 27.9
      vertex -28.5148 12.247 27.9
      vertex -27.7872 11.9958 27.9
    endloop
  endfacet
  facet normal 0 -0 1
    outer loop
      vertex -28.5786 -11.9263 27.9
      vertex -27.8 -11.8 27.9
      vertex -28.6 -11.6 27.9
    endloop
  endfacet
  facet normal 0 0 1
    outer loop
      vertex -28.5786 11.9263 27.9
      vertex -27.7872 11.9958 27.9
      vertex -28.5148 12.247 27.9
    endloop
  endfacet
  facet normal 0 0 1
    outer loop
      vertex -27.49 -12.7131 27.9
      vertex -28.0834 -13.1219 27.9
      vertex -27.8678 -13.3678 27.9
    endloop
  endfacet
  facet normal 0 0 1
    outer loop
      vertex -27.7872 11.9958 27.9
      vertex -28.5786 11.9263 27.9
      vertex -27.8 11.8 27.9
    endloop
  endfacet
  facet normal 0 0 1
    outer loop
      vertex -27.599 -12.55 27.9
      vertex -28.2651 -12.85 27.9
      vertex -28.0834 -13.1219 27.9
    endloop
  endfacet
  facet normal 0 0 1
    outer loop
      vertex -27.8 11.8 27.9
      vertex -28.5786 11.9263 27.9
      vertex -28.6 11.6 27.9
    endloop
  endfacet
  facet normal 0 0 1
    outer loop
      vertex -27.6858 -12.374 27.9
      vertex -28.4097 -12.5567 27.9
      vertex -28.2651 -12.85 27.9
    endloop
  endfacet
  facet normal 0 0 1
    outer loop
      vertex -27.7489 -12.1882 27.9
      vertex -28.5148 -12.247 27.9
      vertex -28.4097 -12.5567 27.9
    endloop
  endfacet
  facet normal 0 0 1
    outer loop
      vertex -27.7872 -11.9958 27.9
      vertex -28.5786 -11.9263 27.9
      vertex -28.5148 -12.247 27.9
    endloop
  endfacet
  facet normal 0.0652336 -0.99787 0
    outer loop
      vertex 26.3 -13.3 27.9
      vertex 26.4958 -13.2872 30.9
      vertex 26.3 -13.3 30.9
    endloop
  endfacet
  facet normal 0.0652336 -0.99787 0
    outer loop
      vertex 26.4958 -13.2872 30.9
      vertex 26.3 -13.3 27.9
      vertex 26.4958 -13.2872 27.9
    endloop
  endfacet
  facet normal -0.751724 -0.659478 0
    outer loop
      vertex -27.3606 -12.8606 27.9
      vertex -27.49 -12.7131 30.9
      vertex -27.49 -12.7131 27.9
    endloop
  endfacet
  facet normal -0.751724 -0.659478 0
    outer loop
      vertex -27.49 -12.7131 30.9
      vertex -27.3606 -12.8606 27.9
      vertex -27.3606 -12.8606 30.9
    endloop
  endfacet
  facet normal 1 -0 0
    outer loop
      vertex 27.8 8.92955 29.0053
      vertex 27.8 11.8 27.9
      vertex 27.8 11.8 30.9
    endloop
  endfacet
  facet normal 1 0 0
    outer loop
      vertex 27.8 11.8 27.9
      vertex 27.8 8.94485 28.9283
      vertex 27.8 8.95 28.85
    endloop
  endfacet
  facet normal 1 0 0
    outer loop
      vertex 27.8 11.8 27.9
      vertex 27.8 8.92955 29.0053
      vertex 27.8 8.94485 28.9283
    endloop
  endfacet
  facet normal 1 0 0
    outer loop
      vertex 27.8 11.8 30.9
      vertex 27.8 8.90431 29.0796
      vertex 27.8 8.92955 29.0053
    endloop
  endfacet
  facet normal 1 0 0
    outer loop
      vertex 27.8 11.8 30.9
      vertex 27.8 8.86961 29.15
      vertex 27.8 8.90431 29.0796
    endloop
  endfacet
  facet normal 1 0 0
    outer loop
      vertex 27.8 11.8 30.9
      vertex 27.8 8.826 29.2152
      vertex 27.8 8.86961 29.15
    endloop
  endfacet
  facet normal 1 0 0
    outer loop
      vertex 27.8 11.8 30.9
      vertex 27.8 8.77426 29.2743
      vertex 27.8 8.826 29.2152
    endloop
  endfacet
  facet normal 1 0 0
    outer loop
      vertex 27.8 11.8 30.9
      vertex 27.8 8.71524 29.326
      vertex 27.8 8.77426 29.2743
    endloop
  endfacet
  facet normal 1 0 0
    outer loop
      vertex 27.8 11.8 30.9
      vertex 27.8 8.64999 29.3696
      vertex 27.8 8.71524 29.326
    endloop
  endfacet
  facet normal 1 0 0
    outer loop
      vertex 27.8 11.8 30.9
      vertex 27.8 8.57961 29.4043
      vertex 27.8 8.64999 29.3696
    endloop
  endfacet
  facet normal 1 0 0
    outer loop
      vertex 27.8 11.8 30.9
      vertex 27.8 8.50528 29.4296
      vertex 27.8 8.57961 29.4043
    endloop
  endfacet
  facet normal 1 0 0
    outer loop
      vertex 27.8 11.8 30.9
      vertex 27.8 8.4283 29.4449
      vertex 27.8 8.50528 29.4296
    endloop
  endfacet
  facet normal 1 0 0
    outer loop
      vertex 27.8 11.8 30.9
      vertex 27.8 8.34999 29.45
      vertex 27.8 8.4283 29.4449
    endloop
  endfacet
  facet normal 1 0 0
    outer loop
      vertex 27.8 11.8 30.9
      vertex 27.8 -8.34999 29.45
      vertex 27.8 8.34999 29.45
    endloop
  endfacet
  facet normal 1 -0 0
    outer loop
      vertex 27.8 -11.8 30.9
      vertex 27.8 -8.34999 29.45
      vertex 27.8 11.8 30.9
    endloop
  endfacet
  facet normal 1 0 0
    outer loop
      vertex 27.8 -8.34999 29.45
      vertex 27.8 -11.8 30.9
      vertex 27.8 -8.4283 29.4449
    endloop
  endfacet
  facet normal 1 0 0
    outer loop
      vertex 27.8 -11.8 30.9
      vertex 27.8 -8.50528 29.4296
      vertex 27.8 -8.4283 29.4449
    endloop
  endfacet
  facet normal 1 0 0
    outer loop
      vertex 27.8 -11.8 30.9
      vertex 27.8 -8.57961 29.4043
      vertex 27.8 -8.50528 29.4296
    endloop
  endfacet
  facet normal 1 0 0
    outer loop
      vertex 27.8 -11.8 30.9
      vertex 27.8 -8.64999 29.3696
      vertex 27.8 -8.57961 29.4043
    endloop
  endfacet
  facet normal 1 0 0
    outer loop
      vertex 27.8 -11.8 30.9
      vertex 27.8 -8.71524 29.326
      vertex 27.8 -8.64999 29.3696
    endloop
  endfacet
  facet normal 1 0 0
    outer loop
      vertex 27.8 -11.8 30.9
      vertex 27.8 -8.77426 29.2743
      vertex 27.8 -8.71524 29.326
    endloop
  endfacet
  facet normal 1 0 0
    outer loop
      vertex 27.8 -11.8 30.9
      vertex 27.8 -8.826 29.2152
      vertex 27.8 -8.77426 29.2743
    endloop
  endfacet
  facet normal 1 0 0
    outer loop
      vertex 27.8 -11.8 30.9
      vertex 27.8 -8.86961 29.15
      vertex 27.8 -8.826 29.2152
    endloop
  endfacet
  facet normal 1 0 0
    outer loop
      vertex 27.8 -11.8 30.9
      vertex 27.8 -8.90431 29.0796
      vertex 27.8 -8.86961 29.15
    endloop
  endfacet
  facet normal 1 0 0
    outer loop
      vertex 27.8 -11.8 30.9
      vertex 27.8 -8.92955 29.0053
      vertex 27.8 -8.90431 29.0796
    endloop
  endfacet
  facet normal 1 0 0
    outer loop
      vertex 27.8 -11.8 27.9
      vertex 27.8 -8.92955 29.0053
      vertex 27.8 -11.8 30.9
    endloop
  endfacet
  facet normal 1 0 0
    outer loop
      vertex 27.8 -8.92955 29.0053
      vertex 27.8 -11.8 27.9
      vertex 27.8 -8.94485 28.9283
    endloop
  endfacet
  facet normal 1 0 0
    outer loop
      vertex 27.8 -8.94485 28.9283
      vertex 27.8 -11.8 27.9
      vertex 27.8 -8.95 28.85
    endloop
  endfacet
  facet normal 1 0 0
    outer loop
      vertex 27.8 -8.95 28.85
      vertex 27.8 -11.8 27.9
      vertex 27.8 -8.95 27.9
    endloop
  endfacet
  facet normal 1 0 0
    outer loop
      vertex 27.8 11.8 27.9
      vertex 27.8 8.95 28.85
      vertex 27.8 8.95 27.9
    endloop
  endfacet
  facet normal -1 0 0
    outer loop
      vertex -27.8 -11.8 27.9
      vertex -27.8 11.8 30.9
      vertex -27.8 11.8 27.9
    endloop
  endfacet
  facet normal -1 -0 0
    outer loop
      vertex -27.8 11.8 30.9
      vertex -27.8 -11.8 27.9
      vertex -27.8 -11.8 30.9
    endloop
  endfacet
  facet normal -0.195234 -0.980757 0
    outer loop
      vertex -26.6882 -13.2489 27.9
      vertex -26.4958 -13.2872 30.9
      vertex -26.6882 -13.2489 30.9
    endloop
  endfacet
  facet normal -0.195234 -0.980757 -0
    outer loop
      vertex -26.4958 -13.2872 30.9
      vertex -26.6882 -13.2489 27.9
      vertex -26.4958 -13.2872 27.9
    endloop
  endfacet
  facet normal 0.659478 0.751724 -0
    outer loop
      vertex 27.3606 12.8606 27.9
      vertex 27.2131 12.99 30.9
      vertex 27.3606 12.8606 30.9
    endloop
  endfacet
  facet normal 0.659478 0.751724 0
    outer loop
      vertex 27.2131 12.99 30.9
      vertex 27.3606 12.8606 27.9
      vertex 27.2131 12.99 27.9
    endloop
  endfacet
  facet normal -0.659478 0.751724 0
    outer loop
      vertex -27.2131 12.99 27.9
      vertex -27.3606 12.8606 30.9
      vertex -27.2131 12.99 30.9
    endloop
  endfacet
  facet normal -0.659478 0.751724 0
    outer loop
      vertex -27.3606 12.8606 30.9
      vertex -27.2131 12.99 27.9
      vertex -27.3606 12.8606 27.9
    endloop
  endfacet
  facet normal 0.442315 -0.89686 0
    outer loop
      vertex 26.874 -13.1858 27.9
      vertex 27.05 -13.099 30.9
      vertex 26.874 -13.1858 30.9
    endloop
  endfacet
  facet normal 0.442315 -0.89686 0
    outer loop
      vertex 27.05 -13.099 30.9
      vertex 26.874 -13.1858 27.9
      vertex 27.05 -13.099 27.9
    endloop
  endfacet
  facet normal 0 -1 0
    outer loop
      vertex -26.3 -13.3 27.9
      vertex 26.3 -13.3 30.9
      vertex -26.3 -13.3 30.9
    endloop
  endfacet
  facet normal 0 -1 -0
    outer loop
      vertex 26.3 -13.3 30.9
      vertex -26.3 -13.3 27.9
      vertex 26.3 -13.3 27.9
    endloop
  endfacet
  facet normal -0.946885 0.321574 0
    outer loop
      vertex -27.7489 12.1882 27.9
      vertex -27.6858 12.374 30.9
      vertex -27.6858 12.374 27.9
    endloop
  endfacet
  facet normal -0.946885 0.321574 0
    outer loop
      vertex -27.6858 12.374 30.9
      vertex -27.7489 12.1882 27.9
      vertex -27.7489 12.1882 30.9
    endloop
  endfacet
  facet normal 0.980757 -0.195234 0
    outer loop
      vertex 27.7489 -12.1882 30.9
      vertex 27.7872 -11.9958 27.9
      vertex 27.7872 -11.9958 30.9
    endloop
  endfacet
  facet normal 0.980757 -0.195234 0
    outer loop
      vertex 27.7872 -11.9958 27.9
      vertex 27.7489 -12.1882 30.9
      vertex 27.7489 -12.1882 27.9
    endloop
  endfacet
  facet normal 0 1 -0
    outer loop
      vertex 26.3 13.3 27.9
      vertex -26.3 13.3 30.9
      vertex 26.3 13.3 30.9
    endloop
  endfacet
  facet normal 0 1 0
    outer loop
      vertex -26.3 13.3 30.9
      vertex 26.3 13.3 27.9
      vertex -26.3 13.3 27.9
    endloop
  endfacet
  facet normal -0.0652336 -0.99787 0
    outer loop
      vertex -26.4958 -13.2872 27.9
      vertex -26.3 -13.3 30.9
      vertex -26.4958 -13.2872 30.9
    endloop
  endfacet
  facet normal -0.0652336 -0.99787 -0
    outer loop
      vertex -26.3 -13.3 30.9
      vertex -26.4958 -13.2872 27.9
      vertex -26.3 -13.3 27.9
    endloop
  endfacet
  facet normal -0.946885 -0.321574 0
    outer loop
      vertex -27.6858 -12.374 27.9
      vertex -27.7489 -12.1882 30.9
      vertex -27.7489 -12.1882 27.9
    endloop
  endfacet
  facet normal -0.946885 -0.321574 0
    outer loop
      vertex -27.7489 -12.1882 30.9
      vertex -27.6858 -12.374 27.9
      vertex -27.6858 -12.374 30.9
    endloop
  endfacet
  facet normal -0.99787 -0.0652336 0
    outer loop
      vertex -27.7872 -11.9958 27.9
      vertex -27.8 -11.8 30.9
      vertex -27.8 -11.8 27.9
    endloop
  endfacet
  facet normal -0.99787 -0.0652336 0
    outer loop
      vertex -27.8 -11.8 30.9
      vertex -27.7872 -11.9958 27.9
      vertex -27.7872 -11.9958 30.9
    endloop
  endfacet
  facet normal -0.0652336 0.99787 0
    outer loop
      vertex -26.3 13.3 27.9
      vertex -26.4958 13.2872 30.9
      vertex -26.3 13.3 30.9
    endloop
  endfacet
  facet normal -0.0652336 0.99787 0
    outer loop
      vertex -26.4958 13.2872 30.9
      vertex -26.3 13.3 27.9
      vertex -26.4958 13.2872 27.9
    endloop
  endfacet
  facet normal -0.321574 -0.946885 0
    outer loop
      vertex -26.874 -13.1858 27.9
      vertex -26.6882 -13.2489 30.9
      vertex -26.874 -13.1858 30.9
    endloop
  endfacet
  facet normal -0.321574 -0.946885 -0
    outer loop
      vertex -26.6882 -13.2489 30.9
      vertex -26.874 -13.1858 27.9
      vertex -26.6882 -13.2489 27.9
    endloop
  endfacet
  facet normal -0.195234 0.980757 0
    outer loop
      vertex -26.4958 13.2872 27.9
      vertex -26.6882 13.2489 30.9
      vertex -26.4958 13.2872 30.9
    endloop
  endfacet
  facet normal -0.195234 0.980757 0
    outer loop
      vertex -26.6882 13.2489 30.9
      vertex -26.4958 13.2872 27.9
      vertex -26.6882 13.2489 27.9
    endloop
  endfacet
  facet normal 0.751724 -0.659478 0
    outer loop
      vertex 27.3606 -12.8606 30.9
      vertex 27.49 -12.7131 27.9
      vertex 27.49 -12.7131 30.9
    endloop
  endfacet
  facet normal 0.751724 -0.659478 0
    outer loop
      vertex 27.49 -12.7131 27.9
      vertex 27.3606 -12.8606 30.9
      vertex 27.3606 -12.8606 27.9
    endloop
  endfacet
  facet normal -0.831422 0.555641 0
    outer loop
      vertex -27.599 12.55 27.9
      vertex -27.49 12.7131 30.9
      vertex -27.49 12.7131 27.9
    endloop
  endfacet
  facet normal -0.831422 0.555641 0
    outer loop
      vertex -27.49 12.7131 30.9
      vertex -27.599 12.55 27.9
      vertex -27.599 12.55 30.9
    endloop
  endfacet
  facet normal 0.555641 -0.831422 0
    outer loop
      vertex 27.05 -13.099 27.9
      vertex 27.2131 -12.99 30.9
      vertex 27.05 -13.099 30.9
    endloop
  endfacet
  facet normal 0.555641 -0.831422 0
    outer loop
      vertex 27.2131 -12.99 30.9
      vertex 27.05 -13.099 27.9
      vertex 27.2131 -12.99 27.9
    endloop
  endfacet
  facet normal -0.99787 0.0652336 0
    outer loop
      vertex -27.8 11.8 27.9
      vertex -27.7872 11.9958 30.9
      vertex -27.7872 11.9958 27.9
    endloop
  endfacet
  facet normal -0.99787 0.0652336 0
    outer loop
      vertex -27.7872 11.9958 30.9
      vertex -27.8 11.8 27.9
      vertex -27.8 11.8 30.9
    endloop
  endfacet
  facet normal 0.321574 0.946885 -0
    outer loop
      vertex 26.874 13.1858 27.9
      vertex 26.6882 13.2489 30.9
      vertex 26.874 13.1858 30.9
    endloop
  endfacet
  facet normal 0.321574 0.946885 0
    outer loop
      vertex 26.6882 13.2489 30.9
      vertex 26.874 13.1858 27.9
      vertex 26.6882 13.2489 27.9
    endloop
  endfacet
  facet normal -0.555641 0.831422 0
    outer loop
      vertex -27.05 13.099 27.9
      vertex -27.2131 12.99 30.9
      vertex -27.05 13.099 30.9
    endloop
  endfacet
  facet normal -0.555641 0.831422 0
    outer loop
      vertex -27.2131 12.99 30.9
      vertex -27.05 13.099 27.9
      vertex -27.2131 12.99 27.9
    endloop
  endfacet
  facet normal 0.442315 0.89686 -0
    outer loop
      vertex 27.05 13.099 27.9
      vertex 26.874 13.1858 30.9
      vertex 27.05 13.099 30.9
    endloop
  endfacet
  facet normal 0.442315 0.89686 0
    outer loop
      vertex 26.874 13.1858 30.9
      vertex 27.05 13.099 27.9
      vertex 26.874 13.1858 27.9
    endloop
  endfacet
  facet normal 0.946885 -0.321574 0
    outer loop
      vertex 27.6858 -12.374 30.9
      vertex 27.7489 -12.1882 27.9
      vertex 27.7489 -12.1882 30.9
    endloop
  endfacet
  facet normal 0.946885 -0.321574 0
    outer loop
      vertex 27.7489 -12.1882 27.9
      vertex 27.6858 -12.374 30.9
      vertex 27.6858 -12.374 27.9
    endloop
  endfacet
  facet normal -0.980757 0.195234 0
    outer loop
      vertex -27.7872 11.9958 27.9
      vertex -27.7489 12.1882 30.9
      vertex -27.7489 12.1882 27.9
    endloop
  endfacet
  facet normal -0.980757 0.195234 0
    outer loop
      vertex -27.7489 12.1882 30.9
      vertex -27.7872 11.9958 27.9
      vertex -27.7872 11.9958 30.9
    endloop
  endfacet
  facet normal -0.555641 -0.831422 0
    outer loop
      vertex -27.2131 -12.99 27.9
      vertex -27.05 -13.099 30.9
      vertex -27.2131 -12.99 30.9
    endloop
  endfacet
  facet normal -0.555641 -0.831422 -0
    outer loop
      vertex -27.05 -13.099 30.9
      vertex -27.2131 -12.99 27.9
      vertex -27.05 -13.099 27.9
    endloop
  endfacet
  facet normal 0.0652336 0.99787 -0
    outer loop
      vertex 26.4958 13.2872 27.9
      vertex 26.3 13.3 30.9
      vertex 26.4958 13.2872 30.9
    endloop
  endfacet
  facet normal 0.0652336 0.99787 0
    outer loop
      vertex 26.3 13.3 30.9
      vertex 26.4958 13.2872 27.9
      vertex 26.3 13.3 27.9
    endloop
  endfacet
  facet normal -0.442315 0.89686 0
    outer loop
      vertex -26.874 13.1858 27.9
      vertex -27.05 13.099 30.9
      vertex -26.874 13.1858 30.9
    endloop
  endfacet
  facet normal -0.442315 0.89686 0
    outer loop
      vertex -27.05 13.099 30.9
      vertex -26.874 13.1858 27.9
      vertex -27.05 13.099 27.9
    endloop
  endfacet
  facet normal 0.195234 0.980757 -0
    outer loop
      vertex 26.6882 13.2489 27.9
      vertex 26.4958 13.2872 30.9
      vertex 26.6882 13.2489 30.9
    endloop
  endfacet
  facet normal 0.195234 0.980757 0
    outer loop
      vertex 26.4958 13.2872 30.9
      vertex 26.6882 13.2489 27.9
      vertex 26.4958 13.2872 27.9
    endloop
  endfacet
  facet normal -0.321574 0.946885 0
    outer loop
      vertex -26.6882 13.2489 27.9
      vertex -26.874 13.1858 30.9
      vertex -26.6882 13.2489 30.9
    endloop
  endfacet
  facet normal -0.321574 0.946885 0
    outer loop
      vertex -26.874 13.1858 30.9
      vertex -26.6882 13.2489 27.9
      vertex -26.874 13.1858 27.9
    endloop
  endfacet
  facet normal 0.946885 0.321574 0
    outer loop
      vertex 27.7489 12.1882 30.9
      vertex 27.6858 12.374 27.9
      vertex 27.6858 12.374 30.9
    endloop
  endfacet
  facet normal 0.946885 0.321574 0
    outer loop
      vertex 27.6858 12.374 27.9
      vertex 27.7489 12.1882 30.9
      vertex 27.7489 12.1882 27.9
    endloop
  endfacet
  facet normal -0.89686 -0.442315 0
    outer loop
      vertex -27.599 -12.55 27.9
      vertex -27.6858 -12.374 30.9
      vertex -27.6858 -12.374 27.9
    endloop
  endfacet
  facet normal -0.89686 -0.442315 0
    outer loop
      vertex -27.6858 -12.374 30.9
      vertex -27.599 -12.55 27.9
      vertex -27.599 -12.55 30.9
    endloop
  endfacet
  facet normal -0.442315 -0.89686 0
    outer loop
      vertex -27.05 -13.099 27.9
      vertex -26.874 -13.1858 30.9
      vertex -27.05 -13.099 30.9
    endloop
  endfacet
  facet normal -0.442315 -0.89686 -0
    outer loop
      vertex -26.874 -13.1858 30.9
      vertex -27.05 -13.099 27.9
      vertex -26.874 -13.1858 27.9
    endloop
  endfacet
  facet normal 0.659478 -0.751724 0
    outer loop
      vertex 27.2131 -12.99 27.9
      vertex 27.3606 -12.8606 30.9
      vertex 27.2131 -12.99 30.9
    endloop
  endfacet
  facet normal 0.659478 -0.751724 0
    outer loop
      vertex 27.3606 -12.8606 30.9
      vertex 27.2131 -12.99 27.9
      vertex 27.3606 -12.8606 27.9
    endloop
  endfacet
  facet normal 0.321574 -0.946885 0
    outer loop
      vertex 26.6882 -13.2489 27.9
      vertex 26.874 -13.1858 30.9
      vertex 26.6882 -13.2489 30.9
    endloop
  endfacet
  facet normal 0.321574 -0.946885 0
    outer loop
      vertex 26.874 -13.1858 30.9
      vertex 26.6882 -13.2489 27.9
      vertex 26.874 -13.1858 27.9
    endloop
  endfacet
  facet normal 0.831422 -0.555641 0
    outer loop
      vertex 27.49 -12.7131 30.9
      vertex 27.599 -12.55 27.9
      vertex 27.599 -12.55 30.9
    endloop
  endfacet
  facet normal 0.831422 -0.555641 0
    outer loop
      vertex 27.599 -12.55 27.9
      vertex 27.49 -12.7131 30.9
      vertex 27.49 -12.7131 27.9
    endloop
  endfacet
  facet normal -0.831422 -0.555641 0
    outer loop
      vertex -27.49 -12.7131 27.9
      vertex -27.599 -12.55 30.9
      vertex -27.599 -12.55 27.9
    endloop
  endfacet
  facet normal -0.831422 -0.555641 0
    outer loop
      vertex -27.599 -12.55 30.9
      vertex -27.49 -12.7131 27.9
      vertex -27.49 -12.7131 30.9
    endloop
  endfacet
  facet normal -0.751724 0.659478 0
    outer loop
      vertex -27.49 12.7131 27.9
      vertex -27.3606 12.8606 30.9
      vertex -27.3606 12.8606 27.9
    endloop
  endfacet
  facet normal -0.751724 0.659478 0
    outer loop
      vertex -27.3606 12.8606 30.9
      vertex -27.49 12.7131 27.9
      vertex -27.49 12.7131 30.9
    endloop
  endfacet
  facet normal 0.99787 0.0652336 0
    outer loop
      vertex 27.8 11.8 30.9
      vertex 27.7872 11.9958 27.9
      vertex 27.7872 11.9958 30.9
    endloop
  endfacet
  facet normal 0.99787 0.0652336 0
    outer loop
      vertex 27.7872 11.9958 27.9
      vertex 27.8 11.8 30.9
      vertex 27.8 11.8 27.9
    endloop
  endfacet
  facet normal -0.659478 -0.751724 0
    outer loop
      vertex -27.3606 -12.8606 27.9
      vertex -27.2131 -12.99 30.9
      vertex -27.3606 -12.8606 30.9
    endloop
  endfacet
  facet normal -0.659478 -0.751724 -0
    outer loop
      vertex -27.2131 -12.99 30.9
      vertex -27.3606 -12.8606 27.9
      vertex -27.2131 -12.99 27.9
    endloop
  endfacet
  facet normal 0.89686 -0.442315 0
    outer loop
      vertex 27.599 -12.55 30.9
      vertex 27.6858 -12.374 27.9
      vertex 27.6858 -12.374 30.9
    endloop
  endfacet
  facet normal 0.89686 -0.442315 0
    outer loop
      vertex 27.6858 -12.374 27.9
      vertex 27.599 -12.55 30.9
      vertex 27.599 -12.55 27.9
    endloop
  endfacet
  facet normal 0.555641 0.831422 -0
    outer loop
      vertex 27.2131 12.99 27.9
      vertex 27.05 13.099 30.9
      vertex 27.2131 12.99 30.9
    endloop
  endfacet
  facet normal 0.555641 0.831422 0
    outer loop
      vertex 27.05 13.099 30.9
      vertex 27.2131 12.99 27.9
      vertex 27.05 13.099 27.9
    endloop
  endfacet
  facet normal -0.89686 0.442315 0
    outer loop
      vertex -27.6858 12.374 27.9
      vertex -27.599 12.55 30.9
      vertex -27.599 12.55 27.9
    endloop
  endfacet
  facet normal -0.89686 0.442315 0
    outer loop
      vertex -27.599 12.55 30.9
      vertex -27.6858 12.374 27.9
      vertex -27.6858 12.374 30.9
    endloop
  endfacet
  facet normal -0.980757 -0.195234 0
    outer loop
      vertex -27.7489 -12.1882 27.9
      vertex -27.7872 -11.9958 30.9
      vertex -27.7872 -11.9958 27.9
    endloop
  endfacet
  facet normal -0.980757 -0.195234 0
    outer loop
      vertex -27.7872 -11.9958 30.9
      vertex -27.7489 -12.1882 27.9
      vertex -27.7489 -12.1882 30.9
    endloop
  endfacet
  facet normal 0.195234 -0.980757 0
    outer loop
      vertex 26.4958 -13.2872 27.9
      vertex 26.6882 -13.2489 30.9
      vertex 26.4958 -13.2872 30.9
    endloop
  endfacet
  facet normal 0.195234 -0.980757 0
    outer loop
      vertex 26.6882 -13.2489 30.9
      vertex 26.4958 -13.2872 27.9
      vertex 26.6882 -13.2489 27.9
    endloop
  endfacet
  facet normal 0.99787 -0.0652336 0
    outer loop
      vertex 27.7872 -11.9958 30.9
      vertex 27.8 -11.8 27.9
      vertex 27.8 -11.8 30.9
    endloop
  endfacet
  facet normal 0.99787 -0.0652336 0
    outer loop
      vertex 27.8 -11.8 27.9
      vertex 27.7872 -11.9958 30.9
      vertex 27.7872 -11.9958 27.9
    endloop
  endfacet
  facet normal 0.751724 0.659478 0
    outer loop
      vertex 27.49 12.7131 30.9
      vertex 27.3606 12.8606 27.9
      vertex 27.3606 12.8606 30.9
    endloop
  endfacet
  facet normal 0.751724 0.659478 0
    outer loop
      vertex 27.3606 12.8606 27.9
      vertex 27.49 12.7131 30.9
      vertex 27.49 12.7131 27.9
    endloop
  endfacet
  facet normal 0.980757 0.195234 0
    outer loop
      vertex 27.7872 11.9958 30.9
      vertex 27.7489 12.1882 27.9
      vertex 27.7489 12.1882 30.9
    endloop
  endfacet
  facet normal 0.980757 0.195234 0
    outer loop
      vertex 27.7489 12.1882 27.9
      vertex 27.7872 11.9958 30.9
      vertex 27.7872 11.9958 27.9
    endloop
  endfacet
  facet normal 0.89686 0.442315 0
    outer loop
      vertex 27.6858 12.374 30.9
      vertex 27.599 12.55 27.9
      vertex 27.599 12.55 30.9
    endloop
  endfacet
  facet normal 0.89686 0.442315 0
    outer loop
      vertex 27.599 12.55 27.9
      vertex 27.6858 12.374 30.9
      vertex 27.6858 12.374 27.9
    endloop
  endfacet
  facet normal 0.831422 0.555641 0
    outer loop
      vertex 27.599 12.55 30.9
      vertex 27.49 12.7131 27.9
      vertex 27.49 12.7131 30.9
    endloop
  endfacet
  facet normal 0.831422 0.555641 0
    outer loop
      vertex 27.49 12.7131 27.9
      vertex 27.599 12.55 30.9
      vertex 27.599 12.55 27.9
    endloop
  endfacet
  facet normal 0.0654432 -0.997856 0
    outer loop
      vertex 26.1 -14.1 0
      vertex 26.4263 -14.0786 27.9
      vertex 26.1 -14.1 27.9
    endloop
  endfacet
  facet normal 0.0654432 -0.997856 0
    outer loop
      vertex 26.4263 -14.0786 27.9
      vertex 26.1 -14.1 0
      vertex 26.4263 -14.0786 0
    endloop
  endfacet
  facet normal 0.32136 -0.946957 0
    outer loop
      vertex 26.747 -14.0148 0
      vertex 27.0567 -13.9097 27.9
      vertex 26.747 -14.0148 27.9
    endloop
  endfacet
  facet normal 0.32136 -0.946957 0
    outer loop
      vertex 27.0567 -13.9097 27.9
      vertex 26.747 -14.0148 0
      vertex 27.0567 -13.9097 0
    endloop
  endfacet
  facet normal 0 -1 0
    outer loop
      vertex -26.1 -14.1 0
      vertex 26.1 -14.1 27.9
      vertex -26.1 -14.1 27.9
    endloop
  endfacet
  facet normal 0 -1 -0
    outer loop
      vertex 26.1 -14.1 27.9
      vertex -26.1 -14.1 0
      vertex 26.1 -14.1 0
    endloop
  endfacet
  facet normal 0.195116 0.98078 -0
    outer loop
      vertex 26.747 14.0148 0
      vertex 26.4263 14.0786 27.9
      vertex 26.747 14.0148 27.9
    endloop
  endfacet
  facet normal 0.195116 0.98078 0
    outer loop
      vertex 26.4263 14.0786 27.9
      vertex 26.747 14.0148 0
      vertex 26.4263 14.0786 0
    endloop
  endfacet
  facet normal 0.195116 -0.98078 0
    outer loop
      vertex 26.4263 -14.0786 0
      vertex 26.747 -14.0148 27.9
      vertex 26.4263 -14.0786 27.9
    endloop
  endfacet
  facet normal 0.195116 -0.98078 0
    outer loop
      vertex 26.747 -14.0148 27.9
      vertex 26.4263 -14.0786 0
      vertex 26.747 -14.0148 0
    endloop
  endfacet
  facet normal -0.946957 -0.32136 0
    outer loop
      vertex -28.4097 -12.5567 0
      vertex -28.5148 -12.247 27.9
      vertex -28.5148 -12.247 0
    endloop
  endfacet
  facet normal -0.946957 -0.32136 0
    outer loop
      vertex -28.5148 -12.247 27.9
      vertex -28.4097 -12.5567 0
      vertex -28.4097 -12.5567 27.9
    endloop
  endfacet
  facet normal -1 0 0
    outer loop
      vertex -28.6 -11.6 0
      vertex -28.6 11.6 27.9
      vertex -28.6 11.6 0
    endloop
  endfacet
  facet normal -1 -0 0
    outer loop
      vertex -28.6 11.6 27.9
      vertex -28.6 -11.6 0
      vertex -28.6 -11.6 27.9
    endloop
  endfacet
  facet normal -0.555617 0.831438 0
    outer loop
      vertex -27.35 13.7651 0
      vertex -27.6219 13.5834 27.9
      vertex -27.35 13.7651 27.9
    endloop
  endfacet
  facet normal -0.555617 0.831438 0
    outer loop
      vertex -27.6219 13.5834 27.9
      vertex -27.35 13.7651 0
      vertex -27.6219 13.5834 0
    endloop
  endfacet
  facet normal -0.659262 -0.751913 0
    outer loop
      vertex -27.8678 -13.3678 0
      vertex -27.6219 -13.5834 27.9
      vertex -27.8678 -13.3678 27.9
    endloop
  endfacet
  facet normal -0.659262 -0.751913 -0
    outer loop
      vertex -27.6219 -13.5834 27.9
      vertex -27.8678 -13.3678 0
      vertex -27.6219 -13.5834 0
    endloop
  endfacet
  facet normal -0.442191 -0.896921 0
    outer loop
      vertex -27.35 -13.7651 0
      vertex -27.0567 -13.9097 27.9
      vertex -27.35 -13.7651 27.9
    endloop
  endfacet
  facet normal -0.442191 -0.896921 -0
    outer loop
      vertex -27.0567 -13.9097 27.9
      vertex -27.35 -13.7651 0
      vertex -27.0567 -13.9097 0
    endloop
  endfacet
  facet normal 1 0 0
    outer loop
      vertex 28.6 -8.95 27.9
      vertex 28.6 -11.6 27.9
      vertex 28.6 -8.95 19.55
    endloop
  endfacet
  facet normal 1 0 0
    outer loop
      vertex 28.6 8.826 19.1848
      vertex 28.6 6.89485 13.3783
      vertex 28.6 6.89999 13.3
    endloop
  endfacet
  facet normal 1 0 0
    outer loop
      vertex 28.6 8.4283 18.9551
      vertex 28.6 6.87955 13.4553
      vertex 28.6 6.89485 13.3783
    endloop
  endfacet
  facet normal 1 0 0
    outer loop
      vertex 28.6 8.4283 18.9551
      vertex 28.6 6.85431 13.5296
      vertex 28.6 6.87955 13.4553
    endloop
  endfacet
  facet normal 1 0 0
    outer loop
      vertex 28.6 8.4283 18.9551
      vertex 28.6 6.81961 13.6
      vertex 28.6 6.85431 13.5296
    endloop
  endfacet
  facet normal 1 0 0
    outer loop
      vertex 28.6 8.4283 18.9551
      vertex 28.6 6.776 13.6652
      vertex 28.6 6.81961 13.6
    endloop
  endfacet
  facet normal 1 0 0
    outer loop
      vertex 28.6 8.4283 18.9551
      vertex 28.6 6.72426 13.7243
      vertex 28.6 6.776 13.6652
    endloop
  endfacet
  facet normal 1 0 0
    outer loop
      vertex 28.6 8.4283 18.9551
      vertex 28.6 6.66524 13.776
      vertex 28.6 6.72426 13.7243
    endloop
  endfacet
  facet normal 1 0 0
    outer loop
      vertex 28.6 8.34999 18.95
      vertex 28.6 6.59999 13.8196
      vertex 28.6 6.66524 13.776
    endloop
  endfacet
  facet normal 1 0 0
    outer loop
      vertex 28.6 8.34999 18.95
      vertex 28.6 6.5296 13.8543
      vertex 28.6 6.59999 13.8196
    endloop
  endfacet
  facet normal 1 0 0
    outer loop
      vertex 28.6 8.34999 18.95
      vertex 28.6 6.45528 13.8795
      vertex 28.6 6.5296 13.8543
    endloop
  endfacet
  facet normal 1 0 0
    outer loop
      vertex 28.6 8.34999 18.95
      vertex 28.6 6.3783 13.8949
      vertex 28.6 6.45528 13.8795
    endloop
  endfacet
  facet normal 1 0 0
    outer loop
      vertex 28.6 8.34999 18.95
      vertex 28.6 6.29999 13.9
      vertex 28.6 6.3783 13.8949
    endloop
  endfacet
  facet normal 1 0 0
    outer loop
      vertex 28.6 8.34999 18.95
      vertex 28.6 -6.29999 13.9
      vertex 28.6 6.29999 13.9
    endloop
  endfacet
  facet normal 1 -0 0
    outer loop
      vertex 28.6 -8.34999 18.95
      vertex 28.6 -6.29999 13.9
      vertex 28.6 8.34999 18.95
    endloop
  endfacet
  facet normal 1 0 0
    outer loop
      vertex 28.6 -6.29999 13.9
      vertex 28.6 -8.34999 18.95
      vertex 28.6 -6.3783 13.8949
    endloop
  endfacet
  facet normal 1 0 0
    outer loop
      vertex 28.6 -6.3783 13.8949
      vertex 28.6 -8.34999 18.95
      vertex 28.6 -6.45528 13.8795
    endloop
  endfacet
  facet normal 1 0 0
    outer loop
      vertex 28.6 -6.81961 13.6
      vertex 28.6 -8.64999 19.0304
      vertex 28.6 -6.85431 13.5296
    endloop
  endfacet
  facet normal 1 0 0
    outer loop
      vertex 28.6 -8.64999 19.0304
      vertex 28.6 -6.81961 13.6
      vertex 28.6 -8.57961 18.9957
    endloop
  endfacet
  facet normal 1 0 0
    outer loop
      vertex 28.6 -6.776 13.6652
      vertex 28.6 -8.57961 18.9957
      vertex 28.6 -6.81961 13.6
    endloop
  endfacet
  facet normal 1 0 0
    outer loop
      vertex 28.6 -8.57961 18.9957
      vertex 28.6 -6.776 13.6652
      vertex 28.6 -8.50528 18.9704
    endloop
  endfacet
  facet normal 1 0 0
    outer loop
      vertex 28.6 -6.72426 13.7243
      vertex 28.6 -8.50528 18.9704
      vertex 28.6 -6.776 13.6652
    endloop
  endfacet
  facet normal 1 0 0
    outer loop
      vertex 28.6 -8.50528 18.9704
      vertex 28.6 -6.72426 13.7243
      vertex 28.6 -8.4283 18.9551
    endloop
  endfacet
  facet normal 1 0 0
    outer loop
      vertex 28.6 -6.66524 13.776
      vertex 28.6 -8.4283 18.9551
      vertex 28.6 -6.72426 13.7243
    endloop
  endfacet
  facet normal 1 0 0
    outer loop
      vertex 28.6 -8.4283 18.9551
      vertex 28.6 -6.66524 13.776
      vertex 28.6 -8.34999 18.95
    endloop
  endfacet
  facet normal 1 0 0
    outer loop
      vertex 28.6 -6.59999 13.8196
      vertex 28.6 -8.34999 18.95
      vertex 28.6 -6.66524 13.776
    endloop
  endfacet
  facet normal 1 0 0
    outer loop
      vertex 28.6 -6.5296 13.8543
      vertex 28.6 -8.34999 18.95
      vertex 28.6 -6.59999 13.8196
    endloop
  endfacet
  facet normal 1 0 0
    outer loop
      vertex 28.6 -6.45528 13.8795
      vertex 28.6 -8.34999 18.95
      vertex 28.6 -6.5296 13.8543
    endloop
  endfacet
  facet normal 1 0 0
    outer loop
      vertex 28.6 8.95 19.55
      vertex 28.6 11.6 27.9
      vertex 28.6 8.95 27.9
    endloop
  endfacet
  facet normal 1 0 0
    outer loop
      vertex 28.6 8.94485 19.4717
      vertex 28.6 11.6 27.9
      vertex 28.6 8.95 19.55
    endloop
  endfacet
  facet normal 1 0 0
    outer loop
      vertex 28.6 11.6 27.9
      vertex 28.6 8.94485 19.4717
      vertex 28.6 11.6 0
    endloop
  endfacet
  facet normal 1 -0 0
    outer loop
      vertex 28.6 8.92955 19.3947
      vertex 28.6 11.6 0
      vertex 28.6 8.94485 19.4717
    endloop
  endfacet
  facet normal 1 -0 0
    outer loop
      vertex 28.6 8.90431 19.3204
      vertex 28.6 11.6 0
      vertex 28.6 8.92955 19.3947
    endloop
  endfacet
  facet normal 1 -0 0
    outer loop
      vertex 28.6 8.86961 19.25
      vertex 28.6 11.6 0
      vertex 28.6 8.90431 19.3204
    endloop
  endfacet
  facet normal 1 0 0
    outer loop
      vertex 28.6 6.89999 13.3
      vertex 28.6 8.86961 19.25
      vertex 28.6 8.826 19.1848
    endloop
  endfacet
  facet normal 1 0 0
    outer loop
      vertex 28.6 6.89485 13.3783
      vertex 28.6 8.826 19.1848
      vertex 28.6 8.77426 19.1257
    endloop
  endfacet
  facet normal 1 0 0
    outer loop
      vertex 28.6 6.89485 13.3783
      vertex 28.6 8.77426 19.1257
      vertex 28.6 8.71524 19.074
    endloop
  endfacet
  facet normal 1 0 0
    outer loop
      vertex 28.6 6.89485 13.3783
      vertex 28.6 8.71524 19.074
      vertex 28.6 8.64999 19.0304
    endloop
  endfacet
  facet normal 1 0 0
    outer loop
      vertex 28.6 6.89485 13.3783
      vertex 28.6 8.64999 19.0304
      vertex 28.6 8.57961 18.9957
    endloop
  endfacet
  facet normal 1 0 0
    outer loop
      vertex 28.6 6.89485 13.3783
      vertex 28.6 8.57961 18.9957
      vertex 28.6 8.50528 18.9704
    endloop
  endfacet
  facet normal 1 0 0
    outer loop
      vertex 28.6 6.89485 13.3783
      vertex 28.6 8.50528 18.9704
      vertex 28.6 8.4283 18.9551
    endloop
  endfacet
  facet normal 1 0 0
    outer loop
      vertex 28.6 6.66524 13.776
      vertex 28.6 8.4283 18.9551
      vertex 28.6 8.34999 18.95
    endloop
  endfacet
  facet normal 1 0 0
    outer loop
      vertex 28.6 8.86961 19.25
      vertex 28.6 6.89999 13.3
      vertex 28.6 11.6 0
    endloop
  endfacet
  facet normal 1 -0 0
    outer loop
      vertex 28.6 6.89999 5.10001
      vertex 28.6 11.6 0
      vertex 28.6 6.89999 13.3
    endloop
  endfacet
  facet normal 1 -0 0
    outer loop
      vertex 28.6 6.89485 5.0217
      vertex 28.6 11.6 0
      vertex 28.6 6.89999 5.10001
    endloop
  endfacet
  facet normal 1 -0 0
    outer loop
      vertex 28.6 6.87955 4.94472
      vertex 28.6 11.6 0
      vertex 28.6 6.89485 5.0217
    endloop
  endfacet
  facet normal 1 -0 0
    outer loop
      vertex 28.6 6.85431 4.87039
      vertex 28.6 11.6 0
      vertex 28.6 6.87955 4.94472
    endloop
  endfacet
  facet normal 1 -0 0
    outer loop
      vertex 28.6 6.81961 4.80001
      vertex 28.6 11.6 0
      vertex 28.6 6.85431 4.87039
    endloop
  endfacet
  facet normal 1 -0 0
    outer loop
      vertex 28.6 6.776 4.73476
      vertex 28.6 11.6 0
      vertex 28.6 6.81961 4.80001
    endloop
  endfacet
  facet normal 1 -0 0
    outer loop
      vertex 28.6 6.72426 4.67574
      vertex 28.6 11.6 0
      vertex 28.6 6.776 4.73476
    endloop
  endfacet
  facet normal 1 -0 0
    outer loop
      vertex 28.6 6.66524 4.624
      vertex 28.6 11.6 0
      vertex 28.6 6.72426 4.67574
    endloop
  endfacet
  facet normal 1 -0 0
    outer loop
      vertex 28.6 6.59999 4.58039
      vertex 28.6 11.6 0
      vertex 28.6 6.66524 4.624
    endloop
  endfacet
  facet normal 1 -0 0
    outer loop
      vertex 28.6 6.5296 4.54569
      vertex 28.6 11.6 0
      vertex 28.6 6.59999 4.58039
    endloop
  endfacet
  facet normal 1 -0 0
    outer loop
      vertex 28.6 6.45528 4.52045
      vertex 28.6 11.6 0
      vertex 28.6 6.5296 4.54569
    endloop
  endfacet
  facet normal 1 -0 0
    outer loop
      vertex 28.6 6.3783 4.50515
      vertex 28.6 11.6 0
      vertex 28.6 6.45528 4.52045
    endloop
  endfacet
  facet normal 1 -0 0
    outer loop
      vertex 28.6 6.29999 4.5
      vertex 28.6 11.6 0
      vertex 28.6 6.3783 4.50515
    endloop
  endfacet
  facet normal 1 -0 0
    outer loop
      vertex 28.6 -6.29999 4.5
      vertex 28.6 11.6 0
      vertex 28.6 6.29999 4.5
    endloop
  endfacet
  facet normal 1 0 0
    outer loop
      vertex 28.6 -11.6 0
      vertex 28.6 -6.29999 4.5
      vertex 28.6 -6.3783 4.50515
    endloop
  endfacet
  facet normal 1 0 0
    outer loop
      vertex 28.6 -11.6 0
      vertex 28.6 -6.3783 4.50515
      vertex 28.6 -6.45528 4.52045
    endloop
  endfacet
  facet normal 1 0 0
    outer loop
      vertex 28.6 -8.71524 19.074
      vertex 28.6 -6.85431 13.5296
      vertex 28.6 -8.64999 19.0304
    endloop
  endfacet
  facet normal 1 0 0
    outer loop
      vertex 28.6 -6.85431 13.5296
      vertex 28.6 -8.71524 19.074
      vertex 28.6 -6.87955 13.4553
    endloop
  endfacet
  facet normal 1 0 0
    outer loop
      vertex 28.6 -8.77426 19.1257
      vertex 28.6 -6.87955 13.4553
      vertex 28.6 -8.71524 19.074
    endloop
  endfacet
  facet normal 1 0 0
    outer loop
      vertex 28.6 -6.87955 13.4553
      vertex 28.6 -8.77426 19.1257
      vertex 28.6 -6.89485 13.3783
    endloop
  endfacet
  facet normal 1 0 0
    outer loop
      vertex 28.6 -8.826 19.1848
      vertex 28.6 -6.89485 13.3783
      vertex 28.6 -8.77426 19.1257
    endloop
  endfacet
  facet normal 1 0 0
    outer loop
      vertex 28.6 -6.89485 13.3783
      vertex 28.6 -8.826 19.1848
      vertex 28.6 -6.89999 13.3
    endloop
  endfacet
  facet normal 1 0 0
    outer loop
      vertex 28.6 -6.89999 13.3
      vertex 28.6 -11.6 0
      vertex 28.6 -6.89999 5.10001
    endloop
  endfacet
  facet normal 1 0 0
    outer loop
      vertex 28.6 -8.86961 19.25
      vertex 28.6 -6.89999 13.3
      vertex 28.6 -8.826 19.1848
    endloop
  endfacet
  facet normal 1 0 0
    outer loop
      vertex 28.6 -6.89999 13.3
      vertex 28.6 -8.86961 19.25
      vertex 28.6 -11.6 0
    endloop
  endfacet
  facet normal 1 0 0
    outer loop
      vertex 28.6 -11.6 0
      vertex 28.6 -8.86961 19.25
      vertex 28.6 -8.90431 19.3204
    endloop
  endfacet
  facet normal 1 0 0
    outer loop
      vertex 28.6 -11.6 0
      vertex 28.6 -8.90431 19.3204
      vertex 28.6 -8.92955 19.3947
    endloop
  endfacet
  facet normal 1 0 0
    outer loop
      vertex 28.6 -11.6 0
      vertex 28.6 -8.92955 19.3947
      vertex 28.6 -8.94485 19.4717
    endloop
  endfacet
  facet normal 1 0 0
    outer loop
      vertex 28.6 -11.6 27.9
      vertex 28.6 -8.94485 19.4717
      vertex 28.6 -8.95 19.55
    endloop
  endfacet
  facet normal 1 0 0
    outer loop
      vertex 28.6 -11.6 0
      vertex 28.6 -8.94485 19.4717
      vertex 28.6 -11.6 27.9
    endloop
  endfacet
  facet normal 1 0 0
    outer loop
      vertex 28.6 -6.89999 5.10001
      vertex 28.6 -11.6 0
      vertex 28.6 -6.89485 5.0217
    endloop
  endfacet
  facet normal 1 0 0
    outer loop
      vertex 28.6 -6.29999 4.5
      vertex 28.6 -11.6 0
      vertex 28.6 11.6 0
    endloop
  endfacet
  facet normal 1 0 0
    outer loop
      vertex 28.6 -6.5296 4.54569
      vertex 28.6 -11.6 0
      vertex 28.6 -6.45528 4.52045
    endloop
  endfacet
  facet normal 1 0 0
    outer loop
      vertex 28.6 -6.59999 4.58039
      vertex 28.6 -11.6 0
      vertex 28.6 -6.5296 4.54569
    endloop
  endfacet
  facet normal 1 0 0
    outer loop
      vertex 28.6 -6.66524 4.624
      vertex 28.6 -11.6 0
      vertex 28.6 -6.59999 4.58039
    endloop
  endfacet
  facet normal 1 0 0
    outer loop
      vertex 28.6 -6.72426 4.67574
      vertex 28.6 -11.6 0
      vertex 28.6 -6.66524 4.624
    endloop
  endfacet
  facet normal 1 0 0
    outer loop
      vertex 28.6 -6.776 4.73476
      vertex 28.6 -11.6 0
      vertex 28.6 -6.72426 4.67574
    endloop
  endfacet
  facet normal 1 0 0
    outer loop
      vertex 28.6 -6.81961 4.80001
      vertex 28.6 -11.6 0
      vertex 28.6 -6.776 4.73476
    endloop
  endfacet
  facet normal 1 0 0
    outer loop
      vertex 28.6 -6.85431 4.87039
      vertex 28.6 -11.6 0
      vertex 28.6 -6.81961 4.80001
    endloop
  endfacet
  facet normal 1 0 0
    outer loop
      vertex 28.6 -6.87955 4.94472
      vertex 28.6 -11.6 0
      vertex 28.6 -6.85431 4.87039
    endloop
  endfacet
  facet normal 1 0 0
    outer loop
      vertex 28.6 -6.89485 5.0217
      vertex 28.6 -11.6 0
      vertex 28.6 -6.87955 4.94472
    endloop
  endfacet
  facet normal 0.98078 -0.195116 0
    outer loop
      vertex 28.5148 -12.247 27.9
      vertex 28.5786 -11.9263 0
      vertex 28.5786 -11.9263 27.9
    endloop
  endfacet
  facet normal 0.98078 -0.195116 0
    outer loop
      vertex 28.5786 -11.9263 0
      vertex 28.5148 -12.247 27.9
      vertex 28.5148 -12.247 0
    endloop
  endfacet
  facet normal 0.442191 -0.896921 0
    outer loop
      vertex 27.0567 -13.9097 0
      vertex 27.35 -13.7651 27.9
      vertex 27.0567 -13.9097 27.9
    endloop
  endfacet
  facet normal 0.442191 -0.896921 0
    outer loop
      vertex 27.35 -13.7651 27.9
      vertex 27.0567 -13.9097 0
      vertex 27.35 -13.7651 0
    endloop
  endfacet
  facet normal 0 0 1
    outer loop
      vertex 26.399 11.35 30.9
      vertex 27.8 11.8 30.9
      vertex 27.7872 11.9958 30.9
    endloop
  endfacet
  facet normal 0 0 1
    outer loop
      vertex 27.8 11.8 30.9
      vertex 26.6 10.6 30.9
      vertex 27.8 -11.8 30.9
    endloop
  endfacet
  facet normal 0 0 1
    outer loop
      vertex 26.29 11.5131 30.9
      vertex 27.7872 11.9958 30.9
      vertex 27.7489 12.1882 30.9
    endloop
  endfacet
  facet normal -0 0 1
    outer loop
      vertex 26.6 -10.6 30.9
      vertex 27.8 -11.8 30.9
      vertex 26.6 10.6 30.9
    endloop
  endfacet
  facet normal 0 0 1
    outer loop
      vertex 26.29 11.5131 30.9
      vertex 27.7489 12.1882 30.9
      vertex 27.6858 12.374 30.9
    endloop
  endfacet
  facet normal -0 0 1
    outer loop
      vertex 26.5872 -10.7958 30.9
      vertex 27.8 -11.8 30.9
      vertex 26.6 -10.6 30.9
    endloop
  endfacet
  facet normal 0 0 1
    outer loop
      vertex 26.29 11.5131 30.9
      vertex 27.6858 12.374 30.9
      vertex 27.599 12.55 30.9
    endloop
  endfacet
  facet normal -0 0 1
    outer loop
      vertex 26.5489 -10.9882 30.9
      vertex 27.8 -11.8 30.9
      vertex 26.5872 -10.7958 30.9
    endloop
  endfacet
  facet normal 0 0 1
    outer loop
      vertex 26.1606 11.6606 30.9
      vertex 27.599 12.55 30.9
      vertex 27.49 12.7131 30.9
    endloop
  endfacet
  facet normal -0 0 1
    outer loop
      vertex 26.4858 -11.174 30.9
      vertex 27.8 -11.8 30.9
      vertex 26.5489 -10.9882 30.9
    endloop
  endfacet
  facet normal 0 0 1
    outer loop
      vertex 26.1606 11.6606 30.9
      vertex 27.49 12.7131 30.9
      vertex 27.3606 12.8606 30.9
    endloop
  endfacet
  facet normal -0 0 1
    outer loop
      vertex 26.399 -11.35 30.9
      vertex 27.8 -11.8 30.9
      vertex 26.4858 -11.174 30.9
    endloop
  endfacet
  facet normal 0 0 1
    outer loop
      vertex 26.1606 11.6606 30.9
      vertex 27.3606 12.8606 30.9
      vertex 27.2131 12.99 30.9
    endloop
  endfacet
  facet normal 0 0 1
    outer loop
      vertex 27.8 -11.8 30.9
      vertex 26.399 -11.35 30.9
      vertex 27.7872 -11.9958 30.9
    endloop
  endfacet
  facet normal 0 0 1
    outer loop
      vertex 26.1606 11.6606 30.9
      vertex 27.2131 12.99 30.9
      vertex 27.05 13.099 30.9
    endloop
  endfacet
  facet normal -0 0 1
    outer loop
      vertex 26.29 -11.5131 30.9
      vertex 27.7872 -11.9958 30.9
      vertex 26.399 -11.35 30.9
    endloop
  endfacet
  facet normal 0 0 1
    outer loop
      vertex 26.0131 11.79 30.9
      vertex 27.05 13.099 30.9
      vertex 26.874 13.1858 30.9
    endloop
  endfacet
  facet normal 0 0 1
    outer loop
      vertex 27.7872 -11.9958 30.9
      vertex 26.29 -11.5131 30.9
      vertex 27.7489 -12.1882 30.9
    endloop
  endfacet
  facet normal 0 0 1
    outer loop
      vertex 26.0131 11.79 30.9
      vertex 26.874 13.1858 30.9
      vertex 26.6882 13.2489 30.9
    endloop
  endfacet
  facet normal 0 0 1
    outer loop
      vertex 27.7489 -12.1882 30.9
      vertex 26.29 -11.5131 30.9
      vertex 27.6858 -12.374 30.9
    endloop
  endfacet
  facet normal 0 0 1
    outer loop
      vertex 27.6858 -12.374 30.9
      vertex 26.29 -11.5131 30.9
      vertex 27.599 -12.55 30.9
    endloop
  endfacet
  facet normal 0 0 1
    outer loop
      vertex 27.8 11.8 30.9
      vertex 26.5872 10.7958 30.9
      vertex 26.6 10.6 30.9
    endloop
  endfacet
  facet normal 0 0 1
    outer loop
      vertex 27.8 11.8 30.9
      vertex 26.5489 10.9882 30.9
      vertex 26.5872 10.7958 30.9
    endloop
  endfacet
  facet normal 0 0 1
    outer loop
      vertex 26.0131 11.79 30.9
      vertex 26.6882 13.2489 30.9
      vertex 26.4958 13.2872 30.9
    endloop
  endfacet
  facet normal 0 0 1
    outer loop
      vertex 27.8 11.8 30.9
      vertex 26.4858 11.174 30.9
      vertex 26.5489 10.9882 30.9
    endloop
  endfacet
  facet normal 0 0 1
    outer loop
      vertex 27.8 11.8 30.9
      vertex 26.399 11.35 30.9
      vertex 26.4858 11.174 30.9
    endloop
  endfacet
  facet normal 0 0 1
    outer loop
      vertex 25.85 11.899 30.9
      vertex 26.4958 13.2872 30.9
      vertex 26.3 13.3 30.9
    endloop
  endfacet
  facet normal 0 0 1
    outer loop
      vertex 27.7872 11.9958 30.9
      vertex 26.29 11.5131 30.9
      vertex 26.399 11.35 30.9
    endloop
  endfacet
  facet normal 0 0 1
    outer loop
      vertex 27.599 12.55 30.9
      vertex 26.1606 11.6606 30.9
      vertex 26.29 11.5131 30.9
    endloop
  endfacet
  facet normal 0 0 1
    outer loop
      vertex 27.05 13.099 30.9
      vertex 26.0131 11.79 30.9
      vertex 26.1606 11.6606 30.9
    endloop
  endfacet
  facet normal 0 0 1
    outer loop
      vertex 26.4958 13.2872 30.9
      vertex 25.85 11.899 30.9
      vertex 26.0131 11.79 30.9
    endloop
  endfacet
  facet normal 0 0 1
    outer loop
      vertex 26.3 13.3 30.9
      vertex 25.674 11.9858 30.9
      vertex 25.85 11.899 30.9
    endloop
  endfacet
  facet normal 0 0 1
    outer loop
      vertex 26.3 13.3 30.9
      vertex 25.4882 12.0489 30.9
      vertex 25.674 11.9858 30.9
    endloop
  endfacet
  facet normal 0 0 1
    outer loop
      vertex 26.3 13.3 30.9
      vertex 25.2958 12.0872 30.9
      vertex 25.4882 12.0489 30.9
    endloop
  endfacet
  facet normal 0 0 1
    outer loop
      vertex 26.3 13.3 30.9
      vertex 25.1 12.1 30.9
      vertex 25.2958 12.0872 30.9
    endloop
  endfacet
  facet normal 0 0 1
    outer loop
      vertex 26.3 13.3 30.9
      vertex -25.1 12.1 30.9
      vertex 25.1 12.1 30.9
    endloop
  endfacet
  facet normal -0 0 1
    outer loop
      vertex -26.3 13.3 30.9
      vertex -25.1 12.1 30.9
      vertex 26.3 13.3 30.9
    endloop
  endfacet
  facet normal 0 0 1
    outer loop
      vertex -26.3 13.3 30.9
      vertex -25.2958 12.0872 30.9
      vertex -25.1 12.1 30.9
    endloop
  endfacet
  facet normal 0 0 1
    outer loop
      vertex -26.3 13.3 30.9
      vertex -25.4882 12.0489 30.9
      vertex -25.2958 12.0872 30.9
    endloop
  endfacet
  facet normal 0 0 1
    outer loop
      vertex -26.3 13.3 30.9
      vertex -25.674 11.9858 30.9
      vertex -25.4882 12.0489 30.9
    endloop
  endfacet
  facet normal 0 0 1
    outer loop
      vertex -26.3 13.3 30.9
      vertex -25.85 11.899 30.9
      vertex -25.674 11.9858 30.9
    endloop
  endfacet
  facet normal -0 0 1
    outer loop
      vertex -26.4958 13.2872 30.9
      vertex -25.85 11.899 30.9
      vertex -26.3 13.3 30.9
    endloop
  endfacet
  facet normal 0 0 1
    outer loop
      vertex -25.85 11.899 30.9
      vertex -26.4958 13.2872 30.9
      vertex -26.0131 11.79 30.9
    endloop
  endfacet
  facet normal -0 0 1
    outer loop
      vertex -26.6882 13.2489 30.9
      vertex -26.0131 11.79 30.9
      vertex -26.4958 13.2872 30.9
    endloop
  endfacet
  facet normal -0 0 1
    outer loop
      vertex -26.874 13.1858 30.9
      vertex -26.0131 11.79 30.9
      vertex -26.6882 13.2489 30.9
    endloop
  endfacet
  facet normal -0 0 1
    outer loop
      vertex -27.05 13.099 30.9
      vertex -26.0131 11.79 30.9
      vertex -26.874 13.1858 30.9
    endloop
  endfacet
  facet normal 0 0 1
    outer loop
      vertex -26.0131 11.79 30.9
      vertex -27.05 13.099 30.9
      vertex -26.1606 11.6606 30.9
    endloop
  endfacet
  facet normal -0 0 1
    outer loop
      vertex -27.2131 12.99 30.9
      vertex -26.1606 11.6606 30.9
      vertex -27.05 13.099 30.9
    endloop
  endfacet
  facet normal -0 0 1
    outer loop
      vertex -27.3606 12.8606 30.9
      vertex -26.1606 11.6606 30.9
      vertex -27.2131 12.99 30.9
    endloop
  endfacet
  facet normal -0 0 1
    outer loop
      vertex -27.49 12.7131 30.9
      vertex -26.1606 11.6606 30.9
      vertex -27.3606 12.8606 30.9
    endloop
  endfacet
  facet normal 0 0 1
    outer loop
      vertex -26.1606 11.6606 30.9
      vertex -27.599 12.55 30.9
      vertex -26.29 11.5131 30.9
    endloop
  endfacet
  facet normal -0 0 1
    outer loop
      vertex -27.599 12.55 30.9
      vertex -26.1606 11.6606 30.9
      vertex -27.49 12.7131 30.9
    endloop
  endfacet
  facet normal -0 0 1
    outer loop
      vertex 26.1606 -11.6606 30.9
      vertex 27.599 -12.55 30.9
      vertex 26.29 -11.5131 30.9
    endloop
  endfacet
  facet normal 0 0 1
    outer loop
      vertex 27.599 -12.55 30.9
      vertex 26.1606 -11.6606 30.9
      vertex 27.49 -12.7131 30.9
    endloop
  endfacet
  facet normal 0 0 1
    outer loop
      vertex 27.49 -12.7131 30.9
      vertex 26.1606 -11.6606 30.9
      vertex 27.3606 -12.8606 30.9
    endloop
  endfacet
  facet normal 0 0 1
    outer loop
      vertex 27.3606 -12.8606 30.9
      vertex 26.1606 -11.6606 30.9
      vertex 27.2131 -12.99 30.9
    endloop
  endfacet
  facet normal 0 0 1
    outer loop
      vertex 27.2131 -12.99 30.9
      vertex 26.1606 -11.6606 30.9
      vertex 27.05 -13.099 30.9
    endloop
  endfacet
  facet normal -0 0 1
    outer loop
      vertex 26.0131 -11.79 30.9
      vertex 27.05 -13.099 30.9
      vertex 26.1606 -11.6606 30.9
    endloop
  endfacet
  facet normal 0 0 1
    outer loop
      vertex 27.05 -13.099 30.9
      vertex 26.0131 -11.79 30.9
      vertex 26.874 -13.1858 30.9
    endloop
  endfacet
  facet normal 0 0 1
    outer loop
      vertex 26.874 -13.1858 30.9
      vertex 26.0131 -11.79 30.9
      vertex 26.6882 -13.2489 30.9
    endloop
  endfacet
  facet normal 0 0 1
    outer loop
      vertex 26.6882 -13.2489 30.9
      vertex 26.0131 -11.79 30.9
      vertex 26.4958 -13.2872 30.9
    endloop
  endfacet
  facet normal -0 0 1
    outer loop
      vertex 25.85 -11.899 30.9
      vertex 26.4958 -13.2872 30.9
      vertex 26.0131 -11.79 30.9
    endloop
  endfacet
  facet normal 0 0 1
    outer loop
      vertex 26.4958 -13.2872 30.9
      vertex 25.85 -11.899 30.9
      vertex 26.3 -13.3 30.9
    endloop
  endfacet
  facet normal -0 0 1
    outer loop
      vertex 25.674 -11.9858 30.9
      vertex 26.3 -13.3 30.9
      vertex 25.85 -11.899 30.9
    endloop
  endfacet
  facet normal -0 0 1
    outer loop
      vertex 25.4882 -12.0489 30.9
      vertex 26.3 -13.3 30.9
      vertex 25.674 -11.9858 30.9
    endloop
  endfacet
  facet normal -0 0 1
    outer loop
      vertex 25.2958 -12.0872 30.9
      vertex 26.3 -13.3 30.9
      vertex 25.4882 -12.0489 30.9
    endloop
  endfacet
  facet normal -0 0 1
    outer loop
      vertex 25.1 -12.1 30.9
      vertex 26.3 -13.3 30.9
      vertex 25.2958 -12.0872 30.9
    endloop
  endfacet
  facet normal -0 0 1
    outer loop
      vertex -25.1 -12.1 30.9
      vertex 26.3 -13.3 30.9
      vertex 25.1 -12.1 30.9
    endloop
  endfacet
  facet normal 0 0 1
    outer loop
      vertex -25.1 -12.1 30.9
      vertex -26.3 -13.3 30.9
      vertex 26.3 -13.3 30.9
    endloop
  endfacet
  facet normal 0 0 1
    outer loop
      vertex -25.2958 -12.0872 30.9
      vertex -26.3 -13.3 30.9
      vertex -25.1 -12.1 30.9
    endloop
  endfacet
  facet normal 0 0 1
    outer loop
      vertex -25.4882 -12.0489 30.9
      vertex -26.3 -13.3 30.9
      vertex -25.2958 -12.0872 30.9
    endloop
  endfacet
  facet normal 0 0 1
    outer loop
      vertex -25.674 -11.9858 30.9
      vertex -26.3 -13.3 30.9
      vertex -25.4882 -12.0489 30.9
    endloop
  endfacet
  facet normal 0 0 1
    outer loop
      vertex -25.85 -11.899 30.9
      vertex -26.3 -13.3 30.9
      vertex -25.674 -11.9858 30.9
    endloop
  endfacet
  facet normal 0 0 1
    outer loop
      vertex -26.4958 -13.2872 30.9
      vertex -25.85 -11.899 30.9
      vertex -26.0131 -11.79 30.9
    endloop
  endfacet
  facet normal 0 0 1
    outer loop
      vertex -27.05 -13.099 30.9
      vertex -26.0131 -11.79 30.9
      vertex -26.1606 -11.6606 30.9
    endloop
  endfacet
  facet normal 0 0 1
    outer loop
      vertex -27.599 -12.55 30.9
      vertex -26.1606 -11.6606 30.9
      vertex -26.29 -11.5131 30.9
    endloop
  endfacet
  facet normal 0 0 1
    outer loop
      vertex -27.7872 -11.9958 30.9
      vertex -26.29 -11.5131 30.9
      vertex -26.399 -11.35 30.9
    endloop
  endfacet
  facet normal 0 0 1
    outer loop
      vertex -27.8 -11.8 30.9
      vertex -26.399 -11.35 30.9
      vertex -26.4858 -11.174 30.9
    endloop
  endfacet
  facet normal 0 0 1
    outer loop
      vertex -25.85 -11.899 30.9
      vertex -26.4958 -13.2872 30.9
      vertex -26.3 -13.3 30.9
    endloop
  endfacet
  facet normal 0 0 1
    outer loop
      vertex -27.8 -11.8 30.9
      vertex -26.4858 -11.174 30.9
      vertex -26.5489 -10.9882 30.9
    endloop
  endfacet
  facet normal 0 0 1
    outer loop
      vertex -27.8 -11.8 30.9
      vertex -26.5489 -10.9882 30.9
      vertex -26.5872 -10.7958 30.9
    endloop
  endfacet
  facet normal 0 0 1
    outer loop
      vertex -27.8 -11.8 30.9
      vertex -26.5872 -10.7958 30.9
      vertex -26.6 -10.6 30.9
    endloop
  endfacet
  facet normal 0 0 1
    outer loop
      vertex -26.0131 -11.79 30.9
      vertex -26.6882 -13.2489 30.9
      vertex -26.4958 -13.2872 30.9
    endloop
  endfacet
  facet normal 0 0 1
    outer loop
      vertex -26.6 10.6 30.9
      vertex -27.8 11.8 30.9
      vertex -26.6 -10.6 30.9
    endloop
  endfacet
  facet normal -0 0 1
    outer loop
      vertex -27.6858 12.374 30.9
      vertex -26.29 11.5131 30.9
      vertex -27.599 12.55 30.9
    endloop
  endfacet
  facet normal 0 0 1
    outer loop
      vertex -27.8 -11.8 30.9
      vertex -26.6 -10.6 30.9
      vertex -27.8 11.8 30.9
    endloop
  endfacet
  facet normal -0 0 1
    outer loop
      vertex -27.7489 12.1882 30.9
      vertex -26.29 11.5131 30.9
      vertex -27.6858 12.374 30.9
    endloop
  endfacet
  facet normal 0 0 1
    outer loop
      vertex -26.399 -11.35 30.9
      vertex -27.8 -11.8 30.9
      vertex -27.7872 -11.9958 30.9
    endloop
  endfacet
  facet normal -0 0 1
    outer loop
      vertex -27.7872 11.9958 30.9
      vertex -26.29 11.5131 30.9
      vertex -27.7489 12.1882 30.9
    endloop
  endfacet
  facet normal 0 0 1
    outer loop
      vertex -26.0131 -11.79 30.9
      vertex -26.874 -13.1858 30.9
      vertex -26.6882 -13.2489 30.9
    endloop
  endfacet
  facet normal 0 0 1
    outer loop
      vertex -26.29 11.5131 30.9
      vertex -27.7872 11.9958 30.9
      vertex -26.399 11.35 30.9
    endloop
  endfacet
  facet normal 0 0 1
    outer loop
      vertex -26.0131 -11.79 30.9
      vertex -27.05 -13.099 30.9
      vertex -26.874 -13.1858 30.9
    endloop
  endfacet
  facet normal -0 0 1
    outer loop
      vertex -27.8 11.8 30.9
      vertex -26.399 11.35 30.9
      vertex -27.7872 11.9958 30.9
    endloop
  endfacet
  facet normal 0 0 1
    outer loop
      vertex -26.1606 -11.6606 30.9
      vertex -27.2131 -12.99 30.9
      vertex -27.05 -13.099 30.9
    endloop
  endfacet
  facet normal 0 0 1
    outer loop
      vertex -26.399 11.35 30.9
      vertex -27.8 11.8 30.9
      vertex -26.4858 11.174 30.9
    endloop
  endfacet
  facet normal 0 0 1
    outer loop
      vertex -26.1606 -11.6606 30.9
      vertex -27.3606 -12.8606 30.9
      vertex -27.2131 -12.99 30.9
    endloop
  endfacet
  facet normal 0 0 1
    outer loop
      vertex -26.4858 11.174 30.9
      vertex -27.8 11.8 30.9
      vertex -26.5489 10.9882 30.9
    endloop
  endfacet
  facet normal 0 0 1
    outer loop
      vertex -26.1606 -11.6606 30.9
      vertex -27.49 -12.7131 30.9
      vertex -27.3606 -12.8606 30.9
    endloop
  endfacet
  facet normal 0 0 1
    outer loop
      vertex -26.5489 10.9882 30.9
      vertex -27.8 11.8 30.9
      vertex -26.5872 10.7958 30.9
    endloop
  endfacet
  facet normal 0 0 1
    outer loop
      vertex -26.1606 -11.6606 30.9
      vertex -27.599 -12.55 30.9
      vertex -27.49 -12.7131 30.9
    endloop
  endfacet
  facet normal 0 0 1
    outer loop
      vertex -26.5872 10.7958 30.9
      vertex -27.8 11.8 30.9
      vertex -26.6 10.6 30.9
    endloop
  endfacet
  facet normal 0 0 1
    outer loop
      vertex -26.29 -11.5131 30.9
      vertex -27.6858 -12.374 30.9
      vertex -27.599 -12.55 30.9
    endloop
  endfacet
  facet normal 0 0 1
    outer loop
      vertex -26.29 -11.5131 30.9
      vertex -27.7489 -12.1882 30.9
      vertex -27.6858 -12.374 30.9
    endloop
  endfacet
  facet normal 0 0 1
    outer loop
      vertex -26.29 -11.5131 30.9
      vertex -27.7872 -11.9958 30.9
      vertex -27.7489 -12.1882 30.9
    endloop
  endfacet
  facet normal -0.659262 0.751913 0
    outer loop
      vertex -27.6219 13.5834 0
      vertex -27.8678 13.3678 27.9
      vertex -27.6219 13.5834 27.9
    endloop
  endfacet
  facet normal -0.659262 0.751913 0
    outer loop
      vertex -27.8678 13.3678 27.9
      vertex -27.6219 13.5834 0
      vertex -27.8678 13.3678 0
    endloop
  endfacet
  facet normal -0.32136 -0.946957 0
    outer loop
      vertex -27.0567 -13.9097 0
      vertex -26.747 -14.0148 27.9
      vertex -27.0567 -13.9097 27.9
    endloop
  endfacet
  facet normal -0.32136 -0.946957 -0
    outer loop
      vertex -26.747 -14.0148 27.9
      vertex -27.0567 -13.9097 0
      vertex -26.747 -14.0148 0
    endloop
  endfacet
  facet normal -0.555617 -0.831438 0
    outer loop
      vertex -27.6219 -13.5834 0
      vertex -27.35 -13.7651 27.9
      vertex -27.6219 -13.5834 27.9
    endloop
  endfacet
  facet normal -0.555617 -0.831438 -0
    outer loop
      vertex -27.35 -13.7651 27.9
      vertex -27.6219 -13.5834 0
      vertex -27.35 -13.7651 0
    endloop
  endfacet
  facet normal 0 1 -0
    outer loop
      vertex 26.1 14.1 0
      vertex -26.1 14.1 27.9
      vertex 26.1 14.1 27.9
    endloop
  endfacet
  facet normal 0 1 0
    outer loop
      vertex -26.1 14.1 27.9
      vertex 26.1 14.1 0
      vertex -26.1 14.1 0
    endloop
  endfacet
  facet normal -0.997856 -0.0654432 0
    outer loop
      vertex -28.5786 -11.9263 0
      vertex -28.6 -11.6 27.9
      vertex -28.6 -11.6 0
    endloop
  endfacet
  facet normal -0.997856 -0.0654432 0
    outer loop
      vertex -28.6 -11.6 27.9
      vertex -28.5786 -11.9263 0
      vertex -28.5786 -11.9263 27.9
    endloop
  endfacet
  facet normal -0.195116 -0.98078 0
    outer loop
      vertex -26.747 -14.0148 0
      vertex -26.4263 -14.0786 27.9
      vertex -26.747 -14.0148 27.9
    endloop
  endfacet
  facet normal -0.195116 -0.98078 -0
    outer loop
      vertex -26.4263 -14.0786 27.9
      vertex -26.747 -14.0148 0
      vertex -26.4263 -14.0786 0
    endloop
  endfacet
  facet normal -0.896921 -0.442191 0
    outer loop
      vertex -28.2651 -12.85 0
      vertex -28.4097 -12.5567 27.9
      vertex -28.4097 -12.5567 0
    endloop
  endfacet
  facet normal -0.896921 -0.442191 0
    outer loop
      vertex -28.4097 -12.5567 27.9
      vertex -28.2651 -12.85 0
      vertex -28.2651 -12.85 27.9
    endloop
  endfacet
  facet normal 0.831438 0.555617 0
    outer loop
      vertex 28.2651 12.85 27.9
      vertex 28.0834 13.1219 0
      vertex 28.0834 13.1219 27.9
    endloop
  endfacet
  facet normal 0.831438 0.555617 0
    outer loop
      vertex 28.0834 13.1219 0
      vertex 28.2651 12.85 27.9
      vertex 28.2651 12.85 0
    endloop
  endfacet
  facet normal -0.946957 0.32136 0
    outer loop
      vertex -28.5148 12.247 0
      vertex -28.4097 12.5567 27.9
      vertex -28.4097 12.5567 0
    endloop
  endfacet
  facet normal -0.946957 0.32136 0
    outer loop
      vertex -28.4097 12.5567 27.9
      vertex -28.5148 12.247 0
      vertex -28.5148 12.247 27.9
    endloop
  endfacet
  facet normal -0.195116 0.98078 0
    outer loop
      vertex -26.4263 14.0786 0
      vertex -26.747 14.0148 27.9
      vertex -26.4263 14.0786 27.9
    endloop
  endfacet
  facet normal -0.195116 0.98078 0
    outer loop
      vertex -26.747 14.0148 27.9
      vertex -26.4263 14.0786 0
      vertex -26.747 14.0148 0
    endloop
  endfacet
  facet normal -0.0654432 0.997856 0
    outer loop
      vertex -26.1 14.1 0
      vertex -26.4263 14.0786 27.9
      vertex -26.1 14.1 27.9
    endloop
  endfacet
  facet normal -0.0654432 0.997856 0
    outer loop
      vertex -26.4263 14.0786 27.9
      vertex -26.1 14.1 0
      vertex -26.4263 14.0786 0
    endloop
  endfacet
  facet normal -0.0654432 -0.997856 0
    outer loop
      vertex -26.4263 -14.0786 0
      vertex -26.1 -14.1 27.9
      vertex -26.4263 -14.0786 27.9
    endloop
  endfacet
  facet normal -0.0654432 -0.997856 -0
    outer loop
      vertex -26.1 -14.1 27.9
      vertex -26.4263 -14.0786 0
      vertex -26.1 -14.1 0
    endloop
  endfacet
  facet normal 0.946957 -0.32136 0
    outer loop
      vertex 28.4097 -12.5567 27.9
      vertex 28.5148 -12.247 0
      vertex 28.5148 -12.247 27.9
    endloop
  endfacet
  facet normal 0.946957 -0.32136 0
    outer loop
      vertex 28.5148 -12.247 0
      vertex 28.4097 -12.5567 27.9
      vertex 28.4097 -12.5567 0
    endloop
  endfacet
  facet normal -0.98078 0.195116 0
    outer loop
      vertex -28.5786 11.9263 0
      vertex -28.5148 12.247 27.9
      vertex -28.5148 12.247 0
    endloop
  endfacet
  facet normal -0.98078 0.195116 0
    outer loop
      vertex -28.5148 12.247 27.9
      vertex -28.5786 11.9263 0
      vertex -28.5786 11.9263 27.9
    endloop
  endfacet
  facet normal 0.98078 0.195116 0
    outer loop
      vertex 28.5786 11.9263 27.9
      vertex 28.5148 12.247 0
      vertex 28.5148 12.247 27.9
    endloop
  endfacet
  facet normal 0.98078 0.195116 0
    outer loop
      vertex 28.5148 12.247 0
      vertex 28.5786 11.9263 27.9
      vertex 28.5786 11.9263 0
    endloop
  endfacet
  facet normal -0.896921 0.442191 0
    outer loop
      vertex -28.4097 12.5567 0
      vertex -28.2651 12.85 27.9
      vertex -28.2651 12.85 0
    endloop
  endfacet
  facet normal -0.896921 0.442191 0
    outer loop
      vertex -28.2651 12.85 27.9
      vertex -28.4097 12.5567 0
      vertex -28.4097 12.5567 27.9
    endloop
  endfacet
  facet normal -0.997856 0.0654432 0
    outer loop
      vertex -28.6 11.6 0
      vertex -28.5786 11.9263 27.9
      vertex -28.5786 11.9263 0
    endloop
  endfacet
  facet normal -0.997856 0.0654432 0
    outer loop
      vertex -28.5786 11.9263 27.9
      vertex -28.6 11.6 0
      vertex -28.6 11.6 27.9
    endloop
  endfacet
  facet normal 0.555617 -0.831438 0
    outer loop
      vertex 27.35 -13.7651 0
      vertex 27.6219 -13.5834 27.9
      vertex 27.35 -13.7651 27.9
    endloop
  endfacet
  facet normal 0.555617 -0.831438 0
    outer loop
      vertex 27.6219 -13.5834 27.9
      vertex 27.35 -13.7651 0
      vertex 27.6219 -13.5834 0
    endloop
  endfacet
  facet normal -0.831438 0.555617 0
    outer loop
      vertex -28.2651 12.85 0
      vertex -28.0834 13.1219 27.9
      vertex -28.0834 13.1219 0
    endloop
  endfacet
  facet normal -0.831438 0.555617 0
    outer loop
      vertex -28.0834 13.1219 27.9
      vertex -28.2651 12.85 0
      vertex -28.2651 12.85 27.9
    endloop
  endfacet
  facet normal 0.831438 -0.555617 0
    outer loop
      vertex 28.0834 -13.1219 27.9
      vertex 28.2651 -12.85 0
      vertex 28.2651 -12.85 27.9
    endloop
  endfacet
  facet normal 0.831438 -0.555617 0
    outer loop
      vertex 28.2651 -12.85 0
      vertex 28.0834 -13.1219 27.9
      vertex 28.0834 -13.1219 0
    endloop
  endfacet
  facet normal 0.997856 -0.0654432 0
    outer loop
      vertex 28.5786 -11.9263 27.9
      vertex 28.6 -11.6 0
      vertex 28.6 -11.6 27.9
    endloop
  endfacet
  facet normal 0.997856 -0.0654432 0
    outer loop
      vertex 28.6 -11.6 0
      vertex 28.5786 -11.9263 27.9
      vertex 28.5786 -11.9263 0
    endloop
  endfacet
  facet normal 0 0 -1
    outer loop
      vertex 26.1 -14.1 0
      vertex 28.6 -11.6 0
      vertex 28.5786 -11.9263 0
    endloop
  endfacet
  facet normal 0 0 -1
    outer loop
      vertex 28.6 -11.6 0
      vertex 19.1 -6.05 0
      vertex 28.6 11.6 0
    endloop
  endfacet
  facet normal 0 0 -1
    outer loop
      vertex 26.1 -14.1 0
      vertex 28.5786 -11.9263 0
      vertex 28.5148 -12.247 0
    endloop
  endfacet
  facet normal 0 0 -1
    outer loop
      vertex 19.1 6.05 0
      vertex 28.6 11.6 0
      vertex 19.1 -6.05 0
    endloop
  endfacet
  facet normal 0 0 -1
    outer loop
      vertex 26.1 -14.1 0
      vertex 28.5148 -12.247 0
      vertex 28.4097 -12.5567 0
    endloop
  endfacet
  facet normal 0 -0 -1
    outer loop
      vertex 26.1 14.1 0
      vertex 28.6 11.6 0
      vertex 19.1 6.05 0
    endloop
  endfacet
  facet normal 0 0 -1
    outer loop
      vertex 26.1 -14.1 0
      vertex 28.4097 -12.5567 0
      vertex 28.2651 -12.85 0
    endloop
  endfacet
  facet normal 0 0 -1
    outer loop
      vertex 28.6 11.6 0
      vertex 26.1 14.1 0
      vertex 28.5786 11.9263 0
    endloop
  endfacet
  facet normal 0 0 -1
    outer loop
      vertex 26.1 -14.1 0
      vertex 28.2651 -12.85 0
      vertex 28.0834 -13.1219 0
    endloop
  endfacet
  facet normal 0 0 -1
    outer loop
      vertex 28.5786 11.9263 0
      vertex 26.1 14.1 0
      vertex 28.5148 12.247 0
    endloop
  endfacet
  facet normal 0 0 -1
    outer loop
      vertex 26.1 -14.1 0
      vertex 28.0834 -13.1219 0
      vertex 27.8678 -13.3678 0
    endloop
  endfacet
  facet normal 0 0 -1
    outer loop
      vertex 28.5148 12.247 0
      vertex 26.1 14.1 0
      vertex 28.4097 12.5567 0
    endloop
  endfacet
  facet normal 0 0 -1
    outer loop
      vertex 26.1 -14.1 0
      vertex 27.8678 -13.3678 0
      vertex 27.6219 -13.5834 0
    endloop
  endfacet
  facet normal 0 0 -1
    outer loop
      vertex 28.4097 12.5567 0
      vertex 26.1 14.1 0
      vertex 28.2651 12.85 0
    endloop
  endfacet
  facet normal 0 0 -1
    outer loop
      vertex 26.1 -14.1 0
      vertex 27.6219 -13.5834 0
      vertex 27.35 -13.7651 0
    endloop
  endfacet
  facet normal 0 0 -1
    outer loop
      vertex 28.2651 12.85 0
      vertex 26.1 14.1 0
      vertex 28.0834 13.1219 0
    endloop
  endfacet
  facet normal 0 0 -1
    outer loop
      vertex 26.1 -14.1 0
      vertex 27.35 -13.7651 0
      vertex 27.0567 -13.9097 0
    endloop
  endfacet
  facet normal 0 0 -1
    outer loop
      vertex 28.0834 13.1219 0
      vertex 26.1 14.1 0
      vertex 27.8678 13.3678 0
    endloop
  endfacet
  facet normal 0 0 -1
    outer loop
      vertex 26.1 -14.1 0
      vertex 27.0567 -13.9097 0
      vertex 26.747 -14.0148 0
    endloop
  endfacet
  facet normal 0 0 -1
    outer loop
      vertex 27.8678 13.3678 0
      vertex 26.1 14.1 0
      vertex 27.6219 13.5834 0
    endloop
  endfacet
  facet normal 0 0 -1
    outer loop
      vertex 26.1 -14.1 0
      vertex 26.747 -14.0148 0
      vertex 26.4263 -14.0786 0
    endloop
  endfacet
  facet normal 0 0 -1
    outer loop
      vertex 27.6219 13.5834 0
      vertex 26.1 14.1 0
      vertex 27.35 13.7651 0
    endloop
  endfacet
  facet normal -0 0 -1
    outer loop
      vertex 28.6 -11.6 0
      vertex 26.1 -14.1 0
      vertex 19.1 -6.05 0
    endloop
  endfacet
  facet normal 0 0 -1
    outer loop
      vertex 27.35 13.7651 0
      vertex 26.1 14.1 0
      vertex 27.0567 13.9097 0
    endloop
  endfacet
  facet normal 0 0 -1
    outer loop
      vertex 27.0567 13.9097 0
      vertex 26.1 14.1 0
      vertex 26.747 14.0148 0
    endloop
  endfacet
  facet normal 0 0 -1
    outer loop
      vertex 26.1 -14.1 0
      vertex 16.9 -6.05 0
      vertex 19.1 -6.05 0
    endloop
  endfacet
  facet normal 0 0 -1
    outer loop
      vertex 16.9 -6.05 0
      vertex 13.1 -6.05 0
      vertex 16.9 6.05 0
    endloop
  endfacet
  facet normal 0 0 -1
    outer loop
      vertex 26.1 -14.1 0
      vertex 13.1 -6.05 0
      vertex 16.9 -6.05 0
    endloop
  endfacet
  facet normal 0 0 -1
    outer loop
      vertex 26.1 -14.1 0
      vertex 10.9 -6.05 0
      vertex 13.1 -6.05 0
    endloop
  endfacet
  facet normal 0 0 -1
    outer loop
      vertex 10.9 -6.05 0
      vertex 7.1 -6.05 0
      vertex 10.9 6.05 0
    endloop
  endfacet
  facet normal 0 0 -1
    outer loop
      vertex 26.1 -14.1 0
      vertex 7.1 -6.05 0
      vertex 10.9 -6.05 0
    endloop
  endfacet
  facet normal 0 0 -1
    outer loop
      vertex 26.1 -14.1 0
      vertex 4.9 -6.05 0
      vertex 7.1 -6.05 0
    endloop
  endfacet
  facet normal 0 0 -1
    outer loop
      vertex 4.9 -6.05 0
      vertex 1.1 -6.05 0
      vertex 4.9 6.05 0
    endloop
  endfacet
  facet normal 0 0 -1
    outer loop
      vertex 26.1 -14.1 0
      vertex 1.1 -6.05 0
      vertex 4.9 -6.05 0
    endloop
  endfacet
  facet normal 0 0 -1
    outer loop
      vertex 26.1 -14.1 0
      vertex -1.1 -6.05 0
      vertex 1.1 -6.05 0
    endloop
  endfacet
  facet normal 0 0 -1
    outer loop
      vertex -1.1 -6.05 0
      vertex -4.9 -6.05 0
      vertex -1.1 6.05 0
    endloop
  endfacet
  facet normal 0 0 -1
    outer loop
      vertex -26.1 -14.1 0
      vertex -1.1 -6.05 0
      vertex 26.1 -14.1 0
    endloop
  endfacet
  facet normal -0 0 -1
    outer loop
      vertex -1.1 -6.05 0
      vertex -26.1 -14.1 0
      vertex -4.9 -6.05 0
    endloop
  endfacet
  facet normal 0 0 -1
    outer loop
      vertex -7.1 -6.05 0
      vertex -10.9 -6.05 0
      vertex -7.1 6.05 0
    endloop
  endfacet
  facet normal -0 0 -1
    outer loop
      vertex -4.9 -6.05 0
      vertex -26.1 -14.1 0
      vertex -7.1 -6.05 0
    endloop
  endfacet
  facet normal -0 0 -1
    outer loop
      vertex -7.1 -6.05 0
      vertex -26.1 -14.1 0
      vertex -10.9 -6.05 0
    endloop
  endfacet
  facet normal 0 0 -1
    outer loop
      vertex -13.1 -6.05 0
      vertex -16.9 -6.05 0
      vertex -13.1 6.05 0
    endloop
  endfacet
  facet normal -0 0 -1
    outer loop
      vertex -10.9 -6.05 0
      vertex -26.1 -14.1 0
      vertex -13.1 -6.05 0
    endloop
  endfacet
  facet normal -0 0 -1
    outer loop
      vertex -13.1 -6.05 0
      vertex -26.1 -14.1 0
      vertex -16.9 -6.05 0
    endloop
  endfacet
  facet normal 0 0 -1
    outer loop
      vertex -28.6 -11.6 0
      vertex -19.1 -6.05 0
      vertex -26.1 -14.1 0
    endloop
  endfacet
  facet normal -0 0 -1
    outer loop
      vertex -16.9 -6.05 0
      vertex -26.1 -14.1 0
      vertex -19.1 -6.05 0
    endloop
  endfacet
  facet normal 0 0 -1
    outer loop
      vertex 26.747 14.0148 0
      vertex 26.1 14.1 0
      vertex 26.4263 14.0786 0
    endloop
  endfacet
  facet normal 0 0 -1
    outer loop
      vertex 16.9 6.05 0
      vertex 26.1 14.1 0
      vertex 19.1 6.05 0
    endloop
  endfacet
  facet normal 0 0 -1
    outer loop
      vertex 13.1 6.05 0
      vertex 16.9 6.05 0
      vertex 13.1 -6.05 0
    endloop
  endfacet
  facet normal 0 0 -1
    outer loop
      vertex 13.1 6.05 0
      vertex 26.1 14.1 0
      vertex 16.9 6.05 0
    endloop
  endfacet
  facet normal 0 0 -1
    outer loop
      vertex 10.9 6.05 0
      vertex 26.1 14.1 0
      vertex 13.1 6.05 0
    endloop
  endfacet
  facet normal 0 0 -1
    outer loop
      vertex 7.1 6.05 0
      vertex 10.9 6.05 0
      vertex 7.1 -6.05 0
    endloop
  endfacet
  facet normal 0 0 -1
    outer loop
      vertex 7.1 6.05 0
      vertex 26.1 14.1 0
      vertex 10.9 6.05 0
    endloop
  endfacet
  facet normal 0 0 -1
    outer loop
      vertex 4.9 6.05 0
      vertex 26.1 14.1 0
      vertex 7.1 6.05 0
    endloop
  endfacet
  facet normal 0 0 -1
    outer loop
      vertex 1.1 6.05 0
      vertex 4.9 6.05 0
      vertex 1.1 -6.05 0
    endloop
  endfacet
  facet normal 0 0 -1
    outer loop
      vertex 1.1 6.05 0
      vertex 26.1 14.1 0
      vertex 4.9 6.05 0
    endloop
  endfacet
  facet normal 0 0 -1
    outer loop
      vertex -1.1 6.05 0
      vertex 26.1 14.1 0
      vertex 1.1 6.05 0
    endloop
  endfacet
  facet normal 0 0 -1
    outer loop
      vertex -4.9 6.05 0
      vertex -1.1 6.05 0
      vertex -4.9 -6.05 0
    endloop
  endfacet
  facet normal 0 0 -1
    outer loop
      vertex -26.1 14.1 0
      vertex -1.1 6.05 0
      vertex -4.9 6.05 0
    endloop
  endfacet
  facet normal 0 0 -1
    outer loop
      vertex -26.1 14.1 0
      vertex -4.9 6.05 0
      vertex -7.1 6.05 0
    endloop
  endfacet
  facet normal 0 0 -1
    outer loop
      vertex -10.9 6.05 0
      vertex -7.1 6.05 0
      vertex -10.9 -6.05 0
    endloop
  endfacet
  facet normal 0 0 -1
    outer loop
      vertex -26.1 14.1 0
      vertex -7.1 6.05 0
      vertex -10.9 6.05 0
    endloop
  endfacet
  facet normal 0 0 -1
    outer loop
      vertex -26.1 14.1 0
      vertex -10.9 6.05 0
      vertex -13.1 6.05 0
    endloop
  endfacet
  facet normal 0 0 -1
    outer loop
      vertex -16.9 6.05 0
      vertex -13.1 6.05 0
      vertex -16.9 -6.05 0
    endloop
  endfacet
  facet normal 0 0 -1
    outer loop
      vertex -26.1 14.1 0
      vertex -13.1 6.05 0
      vertex -16.9 6.05 0
    endloop
  endfacet
  facet normal 0 0 -1
    outer loop
      vertex -26.1 14.1 0
      vertex -16.9 6.05 0
      vertex -19.1 6.05 0
    endloop
  endfacet
  facet normal 0 0 -1
    outer loop
      vertex -1.1 6.05 0
      vertex -26.1 14.1 0
      vertex 26.1 14.1 0
    endloop
  endfacet
  facet normal -0 0 -1
    outer loop
      vertex -19.1 -6.05 0
      vertex -28.6 -11.6 0
      vertex -19.1 6.05 0
    endloop
  endfacet
  facet normal 0 0 -1
    outer loop
      vertex -28.6 -11.6 0
      vertex -26.1 -14.1 0
      vertex -26.4263 -14.0786 0
    endloop
  endfacet
  facet normal 0 0 -1
    outer loop
      vertex -28.6 11.6 0
      vertex -19.1 6.05 0
      vertex -28.6 -11.6 0
    endloop
  endfacet
  facet normal 0 0 -1
    outer loop
      vertex -28.6 -11.6 0
      vertex -26.4263 -14.0786 0
      vertex -26.747 -14.0148 0
    endloop
  endfacet
  facet normal 0 0 -1
    outer loop
      vertex -19.1 6.05 0
      vertex -28.6 11.6 0
      vertex -26.1 14.1 0
    endloop
  endfacet
  facet normal 0 0 -1
    outer loop
      vertex -28.6 -11.6 0
      vertex -26.747 -14.0148 0
      vertex -27.0567 -13.9097 0
    endloop
  endfacet
  facet normal 0 0 -1
    outer loop
      vertex -26.1 14.1 0
      vertex -28.6 11.6 0
      vertex -26.4263 14.0786 0
    endloop
  endfacet
  facet normal 0 0 -1
    outer loop
      vertex -28.6 -11.6 0
      vertex -27.0567 -13.9097 0
      vertex -27.35 -13.7651 0
    endloop
  endfacet
  facet normal 0 0 -1
    outer loop
      vertex -26.4263 14.0786 0
      vertex -28.6 11.6 0
      vertex -26.747 14.0148 0
    endloop
  endfacet
  facet normal 0 0 -1
    outer loop
      vertex -28.6 -11.6 0
      vertex -27.35 -13.7651 0
      vertex -27.6219 -13.5834 0
    endloop
  endfacet
  facet normal 0 0 -1
    outer loop
      vertex -26.747 14.0148 0
      vertex -28.6 11.6 0
      vertex -27.0567 13.9097 0
    endloop
  endfacet
  facet normal 0 0 -1
    outer loop
      vertex -28.6 -11.6 0
      vertex -27.6219 -13.5834 0
      vertex -27.8678 -13.3678 0
    endloop
  endfacet
  facet normal 0 0 -1
    outer loop
      vertex -27.0567 13.9097 0
      vertex -28.6 11.6 0
      vertex -27.35 13.7651 0
    endloop
  endfacet
  facet normal 0 0 -1
    outer loop
      vertex -28.6 -11.6 0
      vertex -27.8678 -13.3678 0
      vertex -28.0834 -13.1219 0
    endloop
  endfacet
  facet normal 0 0 -1
    outer loop
      vertex -27.35 13.7651 0
      vertex -28.6 11.6 0
      vertex -27.6219 13.5834 0
    endloop
  endfacet
  facet normal 0 0 -1
    outer loop
      vertex -28.6 -11.6 0
      vertex -28.0834 -13.1219 0
      vertex -28.2651 -12.85 0
    endloop
  endfacet
  facet normal 0 0 -1
    outer loop
      vertex -27.6219 13.5834 0
      vertex -28.6 11.6 0
      vertex -27.8678 13.3678 0
    endloop
  endfacet
  facet normal 0 0 -1
    outer loop
      vertex -28.6 -11.6 0
      vertex -28.2651 -12.85 0
      vertex -28.4097 -12.5567 0
    endloop
  endfacet
  facet normal 0 0 -1
    outer loop
      vertex -27.8678 13.3678 0
      vertex -28.6 11.6 0
      vertex -28.0834 13.1219 0
    endloop
  endfacet
  facet normal 0 0 -1
    outer loop
      vertex -28.6 -11.6 0
      vertex -28.4097 -12.5567 0
      vertex -28.5148 -12.247 0
    endloop
  endfacet
  facet normal 0 0 -1
    outer loop
      vertex -28.0834 13.1219 0
      vertex -28.6 11.6 0
      vertex -28.2651 12.85 0
    endloop
  endfacet
  facet normal 0 0 -1
    outer loop
      vertex -28.6 -11.6 0
      vertex -28.5148 -12.247 0
      vertex -28.5786 -11.9263 0
    endloop
  endfacet
  facet normal 0 0 -1
    outer loop
      vertex -28.2651 12.85 0
      vertex -28.6 11.6 0
      vertex -28.4097 12.5567 0
    endloop
  endfacet
  facet normal 0 0 -1
    outer loop
      vertex -28.4097 12.5567 0
      vertex -28.6 11.6 0
      vertex -28.5148 12.247 0
    endloop
  endfacet
  facet normal 0 0 -1
    outer loop
      vertex -28.5148 12.247 0
      vertex -28.6 11.6 0
      vertex -28.5786 11.9263 0
    endloop
  endfacet
  facet normal 0.442191 0.896921 -0
    outer loop
      vertex 27.35 13.7651 0
      vertex 27.0567 13.9097 27.9
      vertex 27.35 13.7651 27.9
    endloop
  endfacet
  facet normal 0.442191 0.896921 0
    outer loop
      vertex 27.0567 13.9097 27.9
      vertex 27.35 13.7651 0
      vertex 27.0567 13.9097 0
    endloop
  endfacet
  facet normal 0.32136 0.946957 -0
    outer loop
      vertex 27.0567 13.9097 0
      vertex 26.747 14.0148 27.9
      vertex 27.0567 13.9097 27.9
    endloop
  endfacet
  facet normal 0.32136 0.946957 0
    outer loop
      vertex 26.747 14.0148 27.9
      vertex 27.0567 13.9097 0
      vertex 26.747 14.0148 0
    endloop
  endfacet
  facet normal -0.98078 -0.195116 0
    outer loop
      vertex -28.5148 -12.247 0
      vertex -28.5786 -11.9263 27.9
      vertex -28.5786 -11.9263 0
    endloop
  endfacet
  facet normal -0.98078 -0.195116 0
    outer loop
      vertex -28.5786 -11.9263 27.9
      vertex -28.5148 -12.247 0
      vertex -28.5148 -12.247 27.9
    endloop
  endfacet
  facet normal -0.751913 -0.659262 0
    outer loop
      vertex -27.8678 -13.3678 0
      vertex -28.0834 -13.1219 27.9
      vertex -28.0834 -13.1219 0
    endloop
  endfacet
  facet normal -0.751913 -0.659262 0
    outer loop
      vertex -28.0834 -13.1219 27.9
      vertex -27.8678 -13.3678 0
      vertex -27.8678 -13.3678 27.9
    endloop
  endfacet
  facet normal 0.946957 0.32136 0
    outer loop
      vertex 28.5148 12.247 27.9
      vertex 28.4097 12.5567 0
      vertex 28.4097 12.5567 27.9
    endloop
  endfacet
  facet normal 0.946957 0.32136 0
    outer loop
      vertex 28.4097 12.5567 0
      vertex 28.5148 12.247 27.9
      vertex 28.5148 12.247 0
    endloop
  endfacet
  facet normal -0.32136 0.946957 0
    outer loop
      vertex -26.747 14.0148 0
      vertex -27.0567 13.9097 27.9
      vertex -26.747 14.0148 27.9
    endloop
  endfacet
  facet normal -0.32136 0.946957 0
    outer loop
      vertex -27.0567 13.9097 27.9
      vertex -26.747 14.0148 0
      vertex -27.0567 13.9097 0
    endloop
  endfacet
  facet normal -0.442191 0.896921 0
    outer loop
      vertex -27.0567 13.9097 0
      vertex -27.35 13.7651 27.9
      vertex -27.0567 13.9097 27.9
    endloop
  endfacet
  facet normal -0.442191 0.896921 0
    outer loop
      vertex -27.35 13.7651 27.9
      vertex -27.0567 13.9097 0
      vertex -27.35 13.7651 0
    endloop
  endfacet
  facet normal 0.997856 0.0654432 0
    outer loop
      vertex 28.6 11.6 27.9
      vertex 28.5786 11.9263 0
      vertex 28.5786 11.9263 27.9
    endloop
  endfacet
  facet normal 0.997856 0.0654432 0
    outer loop
      vertex 28.5786 11.9263 0
      vertex 28.6 11.6 27.9
      vertex 28.6 11.6 0
    endloop
  endfacet
  facet normal -0.751913 0.659262 0
    outer loop
      vertex -28.0834 13.1219 0
      vertex -27.8678 13.3678 27.9
      vertex -27.8678 13.3678 0
    endloop
  endfacet
  facet normal -0.751913 0.659262 0
    outer loop
      vertex -27.8678 13.3678 27.9
      vertex -28.0834 13.1219 0
      vertex -28.0834 13.1219 27.9
    endloop
  endfacet
  facet normal 0.659262 -0.751913 0
    outer loop
      vertex 27.6219 -13.5834 0
      vertex 27.8678 -13.3678 27.9
      vertex 27.6219 -13.5834 27.9
    endloop
  endfacet
  facet normal 0.659262 -0.751913 0
    outer loop
      vertex 27.8678 -13.3678 27.9
      vertex 27.6219 -13.5834 0
      vertex 27.8678 -13.3678 0
    endloop
  endfacet
  facet normal 0.896921 -0.442191 0
    outer loop
      vertex 28.2651 -12.85 27.9
      vertex 28.4097 -12.5567 0
      vertex 28.4097 -12.5567 27.9
    endloop
  endfacet
  facet normal 0.896921 -0.442191 0
    outer loop
      vertex 28.4097 -12.5567 0
      vertex 28.2651 -12.85 27.9
      vertex 28.2651 -12.85 0
    endloop
  endfacet
  facet normal 0.0654432 0.997856 -0
    outer loop
      vertex 26.4263 14.0786 0
      vertex 26.1 14.1 27.9
      vertex 26.4263 14.0786 27.9
    endloop
  endfacet
  facet normal 0.0654432 0.997856 0
    outer loop
      vertex 26.1 14.1 27.9
      vertex 26.4263 14.0786 0
      vertex 26.1 14.1 0
    endloop
  endfacet
  facet normal 0.751913 0.659262 0
    outer loop
      vertex 28.0834 13.1219 27.9
      vertex 27.8678 13.3678 0
      vertex 27.8678 13.3678 27.9
    endloop
  endfacet
  facet normal 0.751913 0.659262 0
    outer loop
      vertex 27.8678 13.3678 0
      vertex 28.0834 13.1219 27.9
      vertex 28.0834 13.1219 0
    endloop
  endfacet
  facet normal 0.896921 0.442191 0
    outer loop
      vertex 28.4097 12.5567 27.9
      vertex 28.2651 12.85 0
      vertex 28.2651 12.85 27.9
    endloop
  endfacet
  facet normal 0.896921 0.442191 0
    outer loop
      vertex 28.2651 12.85 0
      vertex 28.4097 12.5567 27.9
      vertex 28.4097 12.5567 0
    endloop
  endfacet
  facet normal 0.751913 -0.659262 0
    outer loop
      vertex 27.8678 -13.3678 27.9
      vertex 28.0834 -13.1219 0
      vertex 28.0834 -13.1219 27.9
    endloop
  endfacet
  facet normal 0.751913 -0.659262 0
    outer loop
      vertex 28.0834 -13.1219 0
      vertex 27.8678 -13.3678 27.9
      vertex 27.8678 -13.3678 0
    endloop
  endfacet
  facet normal -0.831438 -0.555617 0
    outer loop
      vertex -28.0834 -13.1219 0
      vertex -28.2651 -12.85 27.9
      vertex -28.2651 -12.85 0
    endloop
  endfacet
  facet normal -0.831438 -0.555617 0
    outer loop
      vertex -28.2651 -12.85 27.9
      vertex -28.0834 -13.1219 0
      vertex -28.0834 -13.1219 27.9
    endloop
  endfacet
  facet normal 0.659262 0.751913 -0
    outer loop
      vertex 27.8678 13.3678 0
      vertex 27.6219 13.5834 27.9
      vertex 27.8678 13.3678 27.9
    endloop
  endfacet
  facet normal 0.659262 0.751913 0
    outer loop
      vertex 27.6219 13.5834 27.9
      vertex 27.8678 13.3678 0
      vertex 27.6219 13.5834 0
    endloop
  endfacet
  facet normal 0.555617 0.831438 -0
    outer loop
      vertex 27.6219 13.5834 0
      vertex 27.35 13.7651 27.9
      vertex 27.6219 13.5834 27.9
    endloop
  endfacet
  facet normal 0.555617 0.831438 0
    outer loop
      vertex 27.35 13.7651 27.9
      vertex 27.6219 13.5834 0
      vertex 27.35 13.7651 0
    endloop
  endfacet
  facet normal -0.0652336 0.99787 0
    outer loop
      vertex 25.2958 -12.0872 2
      vertex 25.1 -12.1 30.9
      vertex 25.2958 -12.0872 30.9
    endloop
  endfacet
  facet normal -0.0652336 0.99787 0
    outer loop
      vertex 25.1 -12.1 30.9
      vertex 25.2958 -12.0872 2
      vertex 25.1 -12.1 2
    endloop
  endfacet
  facet normal 0.195234 0.980757 -0
    outer loop
      vertex -25.2958 -12.0872 2
      vertex -25.4882 -12.0489 30.9
      vertex -25.2958 -12.0872 30.9
    endloop
  endfacet
  facet normal 0.195234 0.980757 0
    outer loop
      vertex -25.4882 -12.0489 30.9
      vertex -25.2958 -12.0872 2
      vertex -25.4882 -12.0489 2
    endloop
  endfacet
  facet normal 0.751724 0.659478 0
    outer loop
      vertex -26.1606 -11.6606 30.9
      vertex -26.29 -11.5131 2
      vertex -26.29 -11.5131 30.9
    endloop
  endfacet
  facet normal 0.751724 0.659478 0
    outer loop
      vertex -26.29 -11.5131 2
      vertex -26.1606 -11.6606 30.9
      vertex -26.1606 -11.6606 2
    endloop
  endfacet
  facet normal -0.0652336 -0.99787 0
    outer loop
      vertex 25.1 12.1 2
      vertex 25.2958 12.0872 30.9
      vertex 25.1 12.1 30.9
    endloop
  endfacet
  facet normal -0.0652336 -0.99787 -0
    outer loop
      vertex 25.2958 12.0872 30.9
      vertex 25.1 12.1 2
      vertex 25.2958 12.0872 2
    endloop
  endfacet
  facet normal 0.0652336 0.99787 -0
    outer loop
      vertex -25.1 -12.1 2
      vertex -25.2958 -12.0872 30.9
      vertex -25.1 -12.1 30.9
    endloop
  endfacet
  facet normal 0.0652336 0.99787 0
    outer loop
      vertex -25.2958 -12.0872 30.9
      vertex -25.1 -12.1 2
      vertex -25.2958 -12.0872 2
    endloop
  endfacet
  facet normal 1 -0 0
    outer loop
      vertex -26.6 -10.6 30.9
      vertex -26.6 10.6 2
      vertex -26.6 10.6 30.9
    endloop
  endfacet
  facet normal 1 0 0
    outer loop
      vertex -26.6 10.6 2
      vertex -26.6 -10.6 30.9
      vertex -26.6 -10.6 2
    endloop
  endfacet
  facet normal 0.659478 -0.751724 0
    outer loop
      vertex -26.1606 11.6606 2
      vertex -26.0131 11.79 30.9
      vertex -26.1606 11.6606 30.9
    endloop
  endfacet
  facet normal 0.659478 -0.751724 0
    outer loop
      vertex -26.0131 11.79 30.9
      vertex -26.1606 11.6606 2
      vertex -26.0131 11.79 2
    endloop
  endfacet
  facet normal -0.659478 -0.751724 0
    outer loop
      vertex 26.0131 11.79 2
      vertex 26.1606 11.6606 30.9
      vertex 26.0131 11.79 30.9
    endloop
  endfacet
  facet normal -0.659478 -0.751724 -0
    outer loop
      vertex 26.1606 11.6606 30.9
      vertex 26.0131 11.79 2
      vertex 26.1606 11.6606 2
    endloop
  endfacet
  facet normal 0.89686 -0.442315 0
    outer loop
      vertex -26.4858 11.174 30.9
      vertex -26.399 11.35 2
      vertex -26.399 11.35 30.9
    endloop
  endfacet
  facet normal 0.89686 -0.442315 0
    outer loop
      vertex -26.399 11.35 2
      vertex -26.4858 11.174 30.9
      vertex -26.4858 11.174 2
    endloop
  endfacet
  facet normal 0 -1 0
    outer loop
      vertex -25.1 12.1 2
      vertex 25.1 12.1 30.9
      vertex -25.1 12.1 30.9
    endloop
  endfacet
  facet normal 0 -1 -0
    outer loop
      vertex 25.1 12.1 30.9
      vertex -25.1 12.1 2
      vertex 25.1 12.1 2
    endloop
  endfacet
  facet normal 0.89686 0.442315 0
    outer loop
      vertex -26.399 -11.35 30.9
      vertex -26.4858 -11.174 2
      vertex -26.4858 -11.174 30.9
    endloop
  endfacet
  facet normal 0.89686 0.442315 0
    outer loop
      vertex -26.4858 -11.174 2
      vertex -26.399 -11.35 30.9
      vertex -26.399 -11.35 2
    endloop
  endfacet
  facet normal 0 1 -0
    outer loop
      vertex 25.1 -12.1 2
      vertex -25.1 -12.1 30.9
      vertex 25.1 -12.1 30.9
    endloop
  endfacet
  facet normal 0 1 0
    outer loop
      vertex -25.1 -12.1 30.9
      vertex 25.1 -12.1 2
      vertex -25.1 -12.1 2
    endloop
  endfacet
  facet normal 0.99787 0.0652336 0
    outer loop
      vertex -26.5872 -10.7958 30.9
      vertex -26.6 -10.6 2
      vertex -26.6 -10.6 30.9
    endloop
  endfacet
  facet normal 0.99787 0.0652336 0
    outer loop
      vertex -26.6 -10.6 2
      vertex -26.5872 -10.7958 30.9
      vertex -26.5872 -10.7958 2
    endloop
  endfacet
  facet normal -0.980757 0.195234 0
    outer loop
      vertex 26.5489 -10.9882 2
      vertex 26.5872 -10.7958 30.9
      vertex 26.5872 -10.7958 2
    endloop
  endfacet
  facet normal -0.980757 0.195234 0
    outer loop
      vertex 26.5872 -10.7958 30.9
      vertex 26.5489 -10.9882 2
      vertex 26.5489 -10.9882 30.9
    endloop
  endfacet
  facet normal -1 0 0
    outer loop
      vertex 26.6 -8.93014 2
      vertex 26.6 -10.6 2
      vertex 26.6 -8.93014 6.5
    endloop
  endfacet
  facet normal -1 0 0
    outer loop
      vertex 26.6 6.01961 5.60001
      vertex 26.6 8.92986 6.5
      vertex 26.6 8.92986 2
    endloop
  endfacet
  facet normal -1 0 0
    outer loop
      vertex 26.6 8.92986 6.5
      vertex 26.6 8.14485 20.2717
      vertex 26.6 8.14999 20.35
    endloop
  endfacet
  facet normal -1 0 0
    outer loop
      vertex 26.6 8.92986 6.5
      vertex 26.6 8.12955 20.1947
      vertex 26.6 8.14485 20.2717
    endloop
  endfacet
  facet normal -1 0 0
    outer loop
      vertex 26.6 8.92986 6.5
      vertex 26.6 8.10431 20.1204
      vertex 26.6 8.12955 20.1947
    endloop
  endfacet
  facet normal -1 0 0
    outer loop
      vertex 26.6 8.92986 6.5
      vertex 26.6 8.06961 20.05
      vertex 26.6 8.10431 20.1204
    endloop
  endfacet
  facet normal -1 0 0
    outer loop
      vertex 26.6 6.09485 12.5783
      vertex 26.6 8.92986 6.5
      vertex 26.6 6.09999 12.5
    endloop
  endfacet
  facet normal -1 0 -0
    outer loop
      vertex 26.6 8.026 19.9848
      vertex 26.6 8.92986 6.5
      vertex 26.6 6.09485 12.5783
    endloop
  endfacet
  facet normal -1 0 0
    outer loop
      vertex 26.6 8.92986 6.5
      vertex 26.6 8.026 19.9848
      vertex 26.6 8.06961 20.05
    endloop
  endfacet
  facet normal -1 0 0
    outer loop
      vertex 26.6 6.07954 12.6553
      vertex 26.6 8.026 19.9848
      vertex 26.6 6.09485 12.5783
    endloop
  endfacet
  facet normal -1 0 0
    outer loop
      vertex 26.6 8.026 19.9848
      vertex 26.6 6.07954 12.6553
      vertex 26.6 7.97426 19.9257
    endloop
  endfacet
  facet normal -1 0 0
    outer loop
      vertex 26.6 6.05431 12.7296
      vertex 26.6 7.97426 19.9257
      vertex 26.6 6.07954 12.6553
    endloop
  endfacet
  facet normal -1 0 0
    outer loop
      vertex 26.6 7.97426 19.9257
      vertex 26.6 6.05431 12.7296
      vertex 26.6 7.91524 19.874
    endloop
  endfacet
  facet normal -1 0 0
    outer loop
      vertex 26.6 6.01961 12.8
      vertex 26.6 7.91524 19.874
      vertex 26.6 6.05431 12.7296
    endloop
  endfacet
  facet normal -1 -0 0
    outer loop
      vertex 26.6 8.92986 6.5
      vertex 26.6 6.09999 5.90001
      vertex 26.6 6.09999 12.5
    endloop
  endfacet
  facet normal -1 0 0
    outer loop
      vertex 26.6 8.92986 6.5
      vertex 26.6 6.09485 5.8217
      vertex 26.6 6.09999 5.90001
    endloop
  endfacet
  facet normal -1 0 0
    outer loop
      vertex 26.6 8.92986 6.5
      vertex 26.6 6.07954 5.74472
      vertex 26.6 6.09485 5.8217
    endloop
  endfacet
  facet normal -1 0 0
    outer loop
      vertex 26.6 8.92986 6.5
      vertex 26.6 6.05431 5.6704
      vertex 26.6 6.07954 5.74472
    endloop
  endfacet
  facet normal -1 0 0
    outer loop
      vertex 26.6 8.92986 6.5
      vertex 26.6 6.01961 5.60001
      vertex 26.6 6.05431 5.6704
    endloop
  endfacet
  facet normal -1 0 0
    outer loop
      vertex 26.6 8.92986 2
      vertex 26.6 5.976 5.53476
      vertex 26.6 6.01961 5.60001
    endloop
  endfacet
  facet normal -1 0 0
    outer loop
      vertex 26.6 8.92986 2
      vertex 26.6 5.92426 5.47574
      vertex 26.6 5.976 5.53476
    endloop
  endfacet
  facet normal -1 0 0
    outer loop
      vertex 26.6 8.92986 2
      vertex 26.6 5.86523 5.424
      vertex 26.6 5.92426 5.47574
    endloop
  endfacet
  facet normal -1 0 0
    outer loop
      vertex 26.6 8.92986 2
      vertex 26.6 5.79999 5.38039
      vertex 26.6 5.86523 5.424
    endloop
  endfacet
  facet normal -1 0 0
    outer loop
      vertex 26.6 8.92986 2
      vertex 26.6 5.7296 5.34569
      vertex 26.6 5.79999 5.38039
    endloop
  endfacet
  facet normal -1 0 0
    outer loop
      vertex 26.6 8.92986 2
      vertex 26.6 5.65527 5.32045
      vertex 26.6 5.7296 5.34569
    endloop
  endfacet
  facet normal -1 0 0
    outer loop
      vertex 26.6 8.92986 2
      vertex 26.6 5.57829 5.30515
      vertex 26.6 5.65527 5.32045
    endloop
  endfacet
  facet normal -1 0 0
    outer loop
      vertex 26.6 8.92986 2
      vertex 26.6 5.49998 5.30001
      vertex 26.6 5.57829 5.30515
    endloop
  endfacet
  facet normal -1 0 0
    outer loop
      vertex 26.6 8.92986 2
      vertex 26.6 -5.49998 5.30001
      vertex 26.6 5.49998 5.30001
    endloop
  endfacet
  facet normal -1 0 0
    outer loop
      vertex 26.6 -8.92986 2
      vertex 26.6 -5.49998 5.30001
      vertex 26.6 8.92986 2
    endloop
  endfacet
  facet normal -1 -0 0
    outer loop
      vertex 26.6 -5.49998 5.30001
      vertex 26.6 -8.92986 2
      vertex 26.6 -5.57829 5.30515
    endloop
  endfacet
  facet normal -1 0 0
    outer loop
      vertex 26.6 -8.92986 6.5
      vertex 26.6 -6.09999 12.5
      vertex 26.6 -6.09999 5.90001
    endloop
  endfacet
  facet normal -1 0 0
    outer loop
      vertex 26.6 -8.92986 6.5
      vertex 26.6 -6.09999 5.90001
      vertex 26.6 -6.09485 5.8217
    endloop
  endfacet
  facet normal -1 0 0
    outer loop
      vertex 26.6 -8.93014 6.5
      vertex 26.6 -6.09999 12.5
      vertex 26.6 -8.92986 6.5
    endloop
  endfacet
  facet normal -1 0 0
    outer loop
      vertex 26.6 -6.09999 12.5
      vertex 26.6 -7.6283 19.7551
      vertex 26.6 -7.54999 19.75
    endloop
  endfacet
  facet normal -1 0 0
    outer loop
      vertex 26.6 -6.09999 12.5
      vertex 26.6 -7.70528 19.7705
      vertex 26.6 -7.6283 19.7551
    endloop
  endfacet
  facet normal -1 0 -0
    outer loop
      vertex 26.6 -8.026 19.9848
      vertex 26.6 -6.09999 12.5
      vertex 26.6 -8.93014 6.5
    endloop
  endfacet
  facet normal -1 0 0
    outer loop
      vertex 26.6 -6.09999 12.5
      vertex 26.6 -7.7796 19.7957
      vertex 26.6 -7.70528 19.7705
    endloop
  endfacet
  facet normal -1 0 0
    outer loop
      vertex 26.6 -6.09999 12.5
      vertex 26.6 -7.84999 19.8304
      vertex 26.6 -7.7796 19.7957
    endloop
  endfacet
  facet normal -1 0 0
    outer loop
      vertex 26.6 -6.09999 12.5
      vertex 26.6 -7.91524 19.874
      vertex 26.6 -7.84999 19.8304
    endloop
  endfacet
  facet normal -1 0 0
    outer loop
      vertex 26.6 -6.09999 12.5
      vertex 26.6 -7.97426 19.9257
      vertex 26.6 -7.91524 19.874
    endloop
  endfacet
  facet normal -1 0 0
    outer loop
      vertex 26.6 -6.09999 12.5
      vertex 26.6 -8.026 19.9848
      vertex 26.6 -7.97426 19.9257
    endloop
  endfacet
  facet normal -1 -0 0
    outer loop
      vertex 26.6 -8.026 19.9848
      vertex 26.6 -8.93014 6.5
      vertex 26.6 -8.06961 20.05
    endloop
  endfacet
  facet normal -1 -0 0
    outer loop
      vertex 26.6 -8.06961 20.05
      vertex 26.6 -8.93014 6.5
      vertex 26.6 -8.10431 20.1204
    endloop
  endfacet
  facet normal -1 -0 0
    outer loop
      vertex 26.6 -8.12955 20.1947
      vertex 26.6 -8.93014 6.5
      vertex 26.6 -8.14485 20.2717
    endloop
  endfacet
  facet normal -1 -0 0
    outer loop
      vertex 26.6 -8.10431 20.1204
      vertex 26.6 -8.93014 6.5
      vertex 26.6 -8.12955 20.1947
    endloop
  endfacet
  facet normal -1 0 0
    outer loop
      vertex 26.6 -6.07954 5.74472
      vertex 26.6 -8.92986 6.5
      vertex 26.6 -6.09485 5.8217
    endloop
  endfacet
  facet normal -1 0 0
    outer loop
      vertex 26.6 -6.05431 5.6704
      vertex 26.6 -8.92986 6.5
      vertex 26.6 -6.07954 5.74472
    endloop
  endfacet
  facet normal -1 0 0
    outer loop
      vertex 26.6 -6.01961 5.60001
      vertex 26.6 -8.92986 6.5
      vertex 26.6 -6.05431 5.6704
    endloop
  endfacet
  facet normal -1 0 0
    outer loop
      vertex 26.6 -8.92986 6.5
      vertex 26.6 -6.01961 5.60001
      vertex 26.6 -8.92986 2
    endloop
  endfacet
  facet normal -1 -0 0
    outer loop
      vertex 26.6 -5.976 5.53476
      vertex 26.6 -8.92986 2
      vertex 26.6 -6.01961 5.60001
    endloop
  endfacet
  facet normal -1 -0 0
    outer loop
      vertex 26.6 -5.92426 5.47574
      vertex 26.6 -8.92986 2
      vertex 26.6 -5.976 5.53476
    endloop
  endfacet
  facet normal -1 -0 0
    outer loop
      vertex 26.6 -5.86523 5.424
      vertex 26.6 -8.92986 2
      vertex 26.6 -5.92426 5.47574
    endloop
  endfacet
  facet normal -1 -0 0
    outer loop
      vertex 26.6 -5.79999 5.38039
      vertex 26.6 -8.92986 2
      vertex 26.6 -5.86523 5.424
    endloop
  endfacet
  facet normal -1 -0 0
    outer loop
      vertex 26.6 -5.7296 5.34569
      vertex 26.6 -8.92986 2
      vertex 26.6 -5.79999 5.38039
    endloop
  endfacet
  facet normal -1 -0 0
    outer loop
      vertex 26.6 -5.65527 5.32045
      vertex 26.6 -8.92986 2
      vertex 26.6 -5.7296 5.34569
    endloop
  endfacet
  facet normal -1 -0 0
    outer loop
      vertex 26.6 -5.57829 5.30515
      vertex 26.6 -8.92986 2
      vertex 26.6 -5.65527 5.32045
    endloop
  endfacet
  facet normal -1 0 0
    outer loop
      vertex 26.6 8.93014 6.5
      vertex 26.6 10.6 2
      vertex 26.6 8.93014 2
    endloop
  endfacet
  facet normal -1 0 0
    outer loop
      vertex 26.6 8.14999 20.35
      vertex 26.6 10.6 2
      vertex 26.6 8.93014 6.5
    endloop
  endfacet
  facet normal -1 0 0
    outer loop
      vertex 26.6 8.14999 20.35
      vertex 26.6 8.93014 6.5
      vertex 26.6 8.92986 6.5
    endloop
  endfacet
  facet normal -1 0 0
    outer loop
      vertex 26.6 10.6 2
      vertex 26.6 8.14999 20.35
      vertex 26.6 10.6 30.9
    endloop
  endfacet
  facet normal -1 0 0
    outer loop
      vertex 26.6 8.14999 28.05
      vertex 26.6 10.6 30.9
      vertex 26.6 8.14999 20.35
    endloop
  endfacet
  facet normal -1 0 0
    outer loop
      vertex 26.6 8.14485 28.1283
      vertex 26.6 10.6 30.9
      vertex 26.6 8.14999 28.05
    endloop
  endfacet
  facet normal -1 0 0
    outer loop
      vertex 26.6 8.12955 28.2053
      vertex 26.6 10.6 30.9
      vertex 26.6 8.14485 28.1283
    endloop
  endfacet
  facet normal -1 0 0
    outer loop
      vertex 26.6 8.10431 28.2796
      vertex 26.6 10.6 30.9
      vertex 26.6 8.12955 28.2053
    endloop
  endfacet
  facet normal -1 0 0
    outer loop
      vertex 26.6 8.06961 28.35
      vertex 26.6 10.6 30.9
      vertex 26.6 8.10431 28.2796
    endloop
  endfacet
  facet normal -1 0 0
    outer loop
      vertex 26.6 8.026 28.4152
      vertex 26.6 10.6 30.9
      vertex 26.6 8.06961 28.35
    endloop
  endfacet
  facet normal -1 0 0
    outer loop
      vertex 26.6 7.97426 28.4743
      vertex 26.6 10.6 30.9
      vertex 26.6 8.026 28.4152
    endloop
  endfacet
  facet normal -1 0 0
    outer loop
      vertex 26.6 7.91524 28.526
      vertex 26.6 10.6 30.9
      vertex 26.6 7.97426 28.4743
    endloop
  endfacet
  facet normal -1 0 0
    outer loop
      vertex 26.6 7.84999 28.5696
      vertex 26.6 10.6 30.9
      vertex 26.6 7.91524 28.526
    endloop
  endfacet
  facet normal -1 0 0
    outer loop
      vertex 26.6 7.7796 28.6043
      vertex 26.6 10.6 30.9
      vertex 26.6 7.84999 28.5696
    endloop
  endfacet
  facet normal -1 0 0
    outer loop
      vertex 26.6 7.70528 28.6296
      vertex 26.6 10.6 30.9
      vertex 26.6 7.7796 28.6043
    endloop
  endfacet
  facet normal -1 0 0
    outer loop
      vertex 26.6 7.6283 28.6449
      vertex 26.6 10.6 30.9
      vertex 26.6 7.70528 28.6296
    endloop
  endfacet
  facet normal -1 0 0
    outer loop
      vertex 26.6 7.54999 28.65
      vertex 26.6 10.6 30.9
      vertex 26.6 7.6283 28.6449
    endloop
  endfacet
  facet normal -1 0 0
    outer loop
      vertex 26.6 -7.54999 28.65
      vertex 26.6 10.6 30.9
      vertex 26.6 7.54999 28.65
    endloop
  endfacet
  facet normal -1 0 0
    outer loop
      vertex 26.6 -10.6 30.9
      vertex 26.6 -7.54999 28.65
      vertex 26.6 -7.6283 28.6449
    endloop
  endfacet
  facet normal -1 0 0
    outer loop
      vertex 26.6 -10.6 2
      vertex 26.6 -8.14485 20.2717
      vertex 26.6 -8.93014 6.5
    endloop
  endfacet
  facet normal -1 0 0
    outer loop
      vertex 26.6 -10.6 30.9
      vertex 26.6 -8.14485 20.2717
      vertex 26.6 -10.6 2
    endloop
  endfacet
  facet normal -1 0 0
    outer loop
      vertex 26.6 -8.14485 20.2717
      vertex 26.6 -10.6 30.9
      vertex 26.6 -8.14999 20.35
    endloop
  endfacet
  facet normal -1 0 0
    outer loop
      vertex 26.6 -8.14999 20.35
      vertex 26.6 -10.6 30.9
      vertex 26.6 -8.14999 28.05
    endloop
  endfacet
  facet normal -1 0 0
    outer loop
      vertex 26.6 -7.54999 28.65
      vertex 26.6 -10.6 30.9
      vertex 26.6 10.6 30.9
    endloop
  endfacet
  facet normal -1 0 0
    outer loop
      vertex 26.6 -7.70528 28.6296
      vertex 26.6 -10.6 30.9
      vertex 26.6 -7.6283 28.6449
    endloop
  endfacet
  facet normal -1 0 0
    outer loop
      vertex 26.6 -7.7796 28.6043
      vertex 26.6 -10.6 30.9
      vertex 26.6 -7.70528 28.6296
    endloop
  endfacet
  facet normal -1 0 0
    outer loop
      vertex 26.6 -7.84999 28.5696
      vertex 26.6 -10.6 30.9
      vertex 26.6 -7.7796 28.6043
    endloop
  endfacet
  facet normal -1 0 0
    outer loop
      vertex 26.6 -7.91524 28.526
      vertex 26.6 -10.6 30.9
      vertex 26.6 -7.84999 28.5696
    endloop
  endfacet
  facet normal -1 0 0
    outer loop
      vertex 26.6 -7.97426 28.4743
      vertex 26.6 -10.6 30.9
      vertex 26.6 -7.91524 28.526
    endloop
  endfacet
  facet normal -1 0 0
    outer loop
      vertex 26.6 -8.026 28.4152
      vertex 26.6 -10.6 30.9
      vertex 26.6 -7.97426 28.4743
    endloop
  endfacet
  facet normal -1 0 0
    outer loop
      vertex 26.6 -8.06961 28.35
      vertex 26.6 -10.6 30.9
      vertex 26.6 -8.026 28.4152
    endloop
  endfacet
  facet normal -1 0 0
    outer loop
      vertex 26.6 -8.10431 28.2796
      vertex 26.6 -10.6 30.9
      vertex 26.6 -8.06961 28.35
    endloop
  endfacet
  facet normal -1 0 0
    outer loop
      vertex 26.6 -8.12955 28.2053
      vertex 26.6 -10.6 30.9
      vertex 26.6 -8.10431 28.2796
    endloop
  endfacet
  facet normal -1 0 0
    outer loop
      vertex 26.6 -8.14485 28.1283
      vertex 26.6 -10.6 30.9
      vertex 26.6 -8.12955 28.2053
    endloop
  endfacet
  facet normal -1 0 0
    outer loop
      vertex 26.6 -8.14999 28.05
      vertex 26.6 -10.6 30.9
      vertex 26.6 -8.14485 28.1283
    endloop
  endfacet
  facet normal -1 0 0
    outer loop
      vertex 26.6 7.91524 19.874
      vertex 26.6 6.01961 12.8
      vertex 26.6 7.84999 19.8304
    endloop
  endfacet
  facet normal -1 0 0
    outer loop
      vertex 26.6 5.976 12.8652
      vertex 26.6 7.84999 19.8304
      vertex 26.6 6.01961 12.8
    endloop
  endfacet
  facet normal -1 0 0
    outer loop
      vertex 26.6 7.84999 19.8304
      vertex 26.6 5.976 12.8652
      vertex 26.6 7.7796 19.7957
    endloop
  endfacet
  facet normal -1 0 0
    outer loop
      vertex 26.6 5.92426 12.9243
      vertex 26.6 7.7796 19.7957
      vertex 26.6 5.976 12.8652
    endloop
  endfacet
  facet normal -1 0 0
    outer loop
      vertex 26.6 7.7796 19.7957
      vertex 26.6 5.92426 12.9243
      vertex 26.6 7.70528 19.7705
    endloop
  endfacet
  facet normal -1 0 0
    outer loop
      vertex 26.6 5.86523 12.976
      vertex 26.6 7.70528 19.7705
      vertex 26.6 5.92426 12.9243
    endloop
  endfacet
  facet normal -1 0 0
    outer loop
      vertex 26.6 7.70528 19.7705
      vertex 26.6 5.86523 12.976
      vertex 26.6 7.6283 19.7551
    endloop
  endfacet
  facet normal -1 0 0
    outer loop
      vertex 26.6 5.79999 13.0196
      vertex 26.6 7.6283 19.7551
      vertex 26.6 5.86523 12.976
    endloop
  endfacet
  facet normal -1 0 0
    outer loop
      vertex 26.6 7.6283 19.7551
      vertex 26.6 5.79999 13.0196
      vertex 26.6 7.54999 19.75
    endloop
  endfacet
  facet normal -1 0 0
    outer loop
      vertex 26.6 5.7296 13.0543
      vertex 26.6 7.54999 19.75
      vertex 26.6 5.79999 13.0196
    endloop
  endfacet
  facet normal -1 0 0
    outer loop
      vertex 26.6 5.65527 13.0795
      vertex 26.6 7.54999 19.75
      vertex 26.6 5.7296 13.0543
    endloop
  endfacet
  facet normal -1 0 0
    outer loop
      vertex 26.6 5.57829 13.0949
      vertex 26.6 7.54999 19.75
      vertex 26.6 5.65527 13.0795
    endloop
  endfacet
  facet normal -1 0 0
    outer loop
      vertex 26.6 5.49998 13.1
      vertex 26.6 7.54999 19.75
      vertex 26.6 5.57829 13.0949
    endloop
  endfacet
  facet normal -1 0 0
    outer loop
      vertex 26.6 -5.49998 13.1
      vertex 26.6 7.54999 19.75
      vertex 26.6 5.49998 13.1
    endloop
  endfacet
  facet normal -1 0 0
    outer loop
      vertex 26.6 -7.54999 19.75
      vertex 26.6 -5.49998 13.1
      vertex 26.6 -5.57829 13.0949
    endloop
  endfacet
  facet normal -1 0 0
    outer loop
      vertex 26.6 -7.54999 19.75
      vertex 26.6 -5.57829 13.0949
      vertex 26.6 -5.65527 13.0795
    endloop
  endfacet
  facet normal -1 0 0
    outer loop
      vertex 26.6 -7.54999 19.75
      vertex 26.6 -5.65527 13.0795
      vertex 26.6 -5.7296 13.0543
    endloop
  endfacet
  facet normal -1 0 0
    outer loop
      vertex 26.6 -7.54999 19.75
      vertex 26.6 -5.7296 13.0543
      vertex 26.6 -5.79999 13.0196
    endloop
  endfacet
  facet normal -1 0 0
    outer loop
      vertex 26.6 -5.49998 13.1
      vertex 26.6 -7.54999 19.75
      vertex 26.6 7.54999 19.75
    endloop
  endfacet
  facet normal -1 0 0
    outer loop
      vertex 26.6 -5.86523 12.976
      vertex 26.6 -7.54999 19.75
      vertex 26.6 -5.79999 13.0196
    endloop
  endfacet
  facet normal -1 0 0
    outer loop
      vertex 26.6 -5.92426 12.9243
      vertex 26.6 -7.54999 19.75
      vertex 26.6 -5.86523 12.976
    endloop
  endfacet
  facet normal -1 0 0
    outer loop
      vertex 26.6 -5.976 12.8652
      vertex 26.6 -7.54999 19.75
      vertex 26.6 -5.92426 12.9243
    endloop
  endfacet
  facet normal -1 0 0
    outer loop
      vertex 26.6 -6.01961 12.8
      vertex 26.6 -7.54999 19.75
      vertex 26.6 -5.976 12.8652
    endloop
  endfacet
  facet normal -1 0 0
    outer loop
      vertex 26.6 -6.05431 12.7296
      vertex 26.6 -7.54999 19.75
      vertex 26.6 -6.01961 12.8
    endloop
  endfacet
  facet normal -1 0 0
    outer loop
      vertex 26.6 -6.07954 12.6553
      vertex 26.6 -7.54999 19.75
      vertex 26.6 -6.05431 12.7296
    endloop
  endfacet
  facet normal -1 0 0
    outer loop
      vertex 26.6 -6.09485 12.5783
      vertex 26.6 -7.54999 19.75
      vertex 26.6 -6.07954 12.6553
    endloop
  endfacet
  facet normal -1 0 0
    outer loop
      vertex 26.6 -7.54999 19.75
      vertex 26.6 -6.09485 12.5783
      vertex 26.6 -6.09999 12.5
    endloop
  endfacet
  facet normal 0.442315 0.89686 -0
    outer loop
      vertex -25.674 -11.9858 2
      vertex -25.85 -11.899 30.9
      vertex -25.674 -11.9858 30.9
    endloop
  endfacet
  facet normal 0.442315 0.89686 0
    outer loop
      vertex -25.85 -11.899 30.9
      vertex -25.674 -11.9858 2
      vertex -25.85 -11.899 2
    endloop
  endfacet
  facet normal 0.99787 -0.0652336 0
    outer loop
      vertex -26.6 10.6 30.9
      vertex -26.5872 10.7958 2
      vertex -26.5872 10.7958 30.9
    endloop
  endfacet
  facet normal 0.99787 -0.0652336 0
    outer loop
      vertex -26.5872 10.7958 2
      vertex -26.6 10.6 30.9
      vertex -26.6 10.6 2
    endloop
  endfacet
  facet normal 0.555641 -0.831422 0
    outer loop
      vertex -26.0131 11.79 2
      vertex -25.85 11.899 30.9
      vertex -26.0131 11.79 30.9
    endloop
  endfacet
  facet normal 0.555641 -0.831422 0
    outer loop
      vertex -25.85 11.899 30.9
      vertex -26.0131 11.79 2
      vertex -25.85 11.899 2
    endloop
  endfacet
  facet normal 0.751724 -0.659478 0
    outer loop
      vertex -26.29 11.5131 30.9
      vertex -26.1606 11.6606 2
      vertex -26.1606 11.6606 30.9
    endloop
  endfacet
  facet normal 0.751724 -0.659478 0
    outer loop
      vertex -26.1606 11.6606 2
      vertex -26.29 11.5131 30.9
      vertex -26.29 11.5131 2
    endloop
  endfacet
  facet normal 0.321574 0.946885 -0
    outer loop
      vertex -25.4882 -12.0489 2
      vertex -25.674 -11.9858 30.9
      vertex -25.4882 -12.0489 30.9
    endloop
  endfacet
  facet normal 0.321574 0.946885 0
    outer loop
      vertex -25.674 -11.9858 30.9
      vertex -25.4882 -12.0489 2
      vertex -25.674 -11.9858 2
    endloop
  endfacet
  facet normal 0.0652336 -0.99787 0
    outer loop
      vertex -25.2958 12.0872 2
      vertex -25.1 12.1 30.9
      vertex -25.2958 12.0872 30.9
    endloop
  endfacet
  facet normal 0.0652336 -0.99787 0
    outer loop
      vertex -25.1 12.1 30.9
      vertex -25.2958 12.0872 2
      vertex -25.1 12.1 2
    endloop
  endfacet
  facet normal 0.980757 -0.195234 0
    outer loop
      vertex -26.5872 10.7958 30.9
      vertex -26.5489 10.9882 2
      vertex -26.5489 10.9882 30.9
    endloop
  endfacet
  facet normal 0.980757 -0.195234 0
    outer loop
      vertex -26.5489 10.9882 2
      vertex -26.5872 10.7958 30.9
      vertex -26.5872 10.7958 2
    endloop
  endfacet
  facet normal 0.555641 0.831422 -0
    outer loop
      vertex -25.85 -11.899 2
      vertex -26.0131 -11.79 30.9
      vertex -25.85 -11.899 30.9
    endloop
  endfacet
  facet normal 0.555641 0.831422 0
    outer loop
      vertex -26.0131 -11.79 30.9
      vertex -25.85 -11.899 2
      vertex -26.0131 -11.79 2
    endloop
  endfacet
  facet normal 0.659478 0.751724 -0
    outer loop
      vertex -26.0131 -11.79 2
      vertex -26.1606 -11.6606 30.9
      vertex -26.0131 -11.79 30.9
    endloop
  endfacet
  facet normal 0.659478 0.751724 0
    outer loop
      vertex -26.1606 -11.6606 30.9
      vertex -26.0131 -11.79 2
      vertex -26.1606 -11.6606 2
    endloop
  endfacet
  facet normal -0.195234 -0.980757 0
    outer loop
      vertex 25.2958 12.0872 2
      vertex 25.4882 12.0489 30.9
      vertex 25.2958 12.0872 30.9
    endloop
  endfacet
  facet normal -0.195234 -0.980757 -0
    outer loop
      vertex 25.4882 12.0489 30.9
      vertex 25.2958 12.0872 2
      vertex 25.4882 12.0489 2
    endloop
  endfacet
  facet normal -0.946885 -0.321574 0
    outer loop
      vertex 26.5489 10.9882 2
      vertex 26.4858 11.174 30.9
      vertex 26.4858 11.174 2
    endloop
  endfacet
  facet normal -0.946885 -0.321574 0
    outer loop
      vertex 26.4858 11.174 30.9
      vertex 26.5489 10.9882 2
      vertex 26.5489 10.9882 30.9
    endloop
  endfacet
  facet normal 0.831422 -0.555641 0
    outer loop
      vertex -26.399 11.35 30.9
      vertex -26.29 11.5131 2
      vertex -26.29 11.5131 30.9
    endloop
  endfacet
  facet normal 0.831422 -0.555641 0
    outer loop
      vertex -26.29 11.5131 2
      vertex -26.399 11.35 30.9
      vertex -26.399 11.35 2
    endloop
  endfacet
  facet normal -0.321574 -0.946885 0
    outer loop
      vertex 25.4882 12.0489 2
      vertex 25.674 11.9858 30.9
      vertex 25.4882 12.0489 30.9
    endloop
  endfacet
  facet normal -0.321574 -0.946885 -0
    outer loop
      vertex 25.674 11.9858 30.9
      vertex 25.4882 12.0489 2
      vertex 25.674 11.9858 2
    endloop
  endfacet
  facet normal -0.555641 -0.831422 0
    outer loop
      vertex 25.85 11.899 2
      vertex 26.0131 11.79 30.9
      vertex 25.85 11.899 30.9
    endloop
  endfacet
  facet normal -0.555641 -0.831422 -0
    outer loop
      vertex 26.0131 11.79 30.9
      vertex 25.85 11.899 2
      vertex 26.0131 11.79 2
    endloop
  endfacet
  facet normal -0.751724 -0.659478 0
    outer loop
      vertex 26.29 11.5131 2
      vertex 26.1606 11.6606 30.9
      vertex 26.1606 11.6606 2
    endloop
  endfacet
  facet normal -0.751724 -0.659478 0
    outer loop
      vertex 26.1606 11.6606 30.9
      vertex 26.29 11.5131 2
      vertex 26.29 11.5131 30.9
    endloop
  endfacet
  facet normal 0.442315 -0.89686 0
    outer loop
      vertex -25.85 11.899 2
      vertex -25.674 11.9858 30.9
      vertex -25.85 11.899 30.9
    endloop
  endfacet
  facet normal 0.442315 -0.89686 0
    outer loop
      vertex -25.674 11.9858 30.9
      vertex -25.85 11.899 2
      vertex -25.674 11.9858 2
    endloop
  endfacet
  facet normal 0.195234 -0.980757 0
    outer loop
      vertex -25.4882 12.0489 2
      vertex -25.2958 12.0872 30.9
      vertex -25.4882 12.0489 30.9
    endloop
  endfacet
  facet normal 0.195234 -0.980757 0
    outer loop
      vertex -25.2958 12.0872 30.9
      vertex -25.4882 12.0489 2
      vertex -25.2958 12.0872 2
    endloop
  endfacet
  facet normal -0.99787 -0.0652336 0
    outer loop
      vertex 26.6 10.6 2
      vertex 26.5872 10.7958 30.9
      vertex 26.5872 10.7958 2
    endloop
  endfacet
  facet normal -0.99787 -0.0652336 0
    outer loop
      vertex 26.5872 10.7958 30.9
      vertex 26.6 10.6 2
      vertex 26.6 10.6 30.9
    endloop
  endfacet
  facet normal 0.946885 -0.321574 0
    outer loop
      vertex -26.5489 10.9882 30.9
      vertex -26.4858 11.174 2
      vertex -26.4858 11.174 30.9
    endloop
  endfacet
  facet normal 0.946885 -0.321574 0
    outer loop
      vertex -26.4858 11.174 2
      vertex -26.5489 10.9882 30.9
      vertex -26.5489 10.9882 2
    endloop
  endfacet
  facet normal 0.321574 -0.946885 0
    outer loop
      vertex -25.674 11.9858 2
      vertex -25.4882 12.0489 30.9
      vertex -25.674 11.9858 30.9
    endloop
  endfacet
  facet normal 0.321574 -0.946885 0
    outer loop
      vertex -25.4882 12.0489 30.9
      vertex -25.674 11.9858 2
      vertex -25.4882 12.0489 2
    endloop
  endfacet
  facet normal 0.831422 0.555641 0
    outer loop
      vertex -26.29 -11.5131 30.9
      vertex -26.399 -11.35 2
      vertex -26.399 -11.35 30.9
    endloop
  endfacet
  facet normal 0.831422 0.555641 0
    outer loop
      vertex -26.399 -11.35 2
      vertex -26.29 -11.5131 30.9
      vertex -26.29 -11.5131 2
    endloop
  endfacet
  facet normal -0.831422 0.555641 0
    outer loop
      vertex 26.29 -11.5131 2
      vertex 26.399 -11.35 30.9
      vertex 26.399 -11.35 2
    endloop
  endfacet
  facet normal -0.831422 0.555641 0
    outer loop
      vertex 26.399 -11.35 30.9
      vertex 26.29 -11.5131 2
      vertex 26.29 -11.5131 30.9
    endloop
  endfacet
  facet normal -0.555641 0.831422 0
    outer loop
      vertex 26.0131 -11.79 2
      vertex 25.85 -11.899 30.9
      vertex 26.0131 -11.79 30.9
    endloop
  endfacet
  facet normal -0.555641 0.831422 0
    outer loop
      vertex 25.85 -11.899 30.9
      vertex 26.0131 -11.79 2
      vertex 25.85 -11.899 2
    endloop
  endfacet
  facet normal -0.751724 0.659478 0
    outer loop
      vertex 26.1606 -11.6606 2
      vertex 26.29 -11.5131 30.9
      vertex 26.29 -11.5131 2
    endloop
  endfacet
  facet normal -0.751724 0.659478 0
    outer loop
      vertex 26.29 -11.5131 30.9
      vertex 26.1606 -11.6606 2
      vertex 26.1606 -11.6606 30.9
    endloop
  endfacet
  facet normal -0.442315 0.89686 0
    outer loop
      vertex 25.85 -11.899 2
      vertex 25.674 -11.9858 30.9
      vertex 25.85 -11.899 30.9
    endloop
  endfacet
  facet normal -0.442315 0.89686 0
    outer loop
      vertex 25.674 -11.9858 30.9
      vertex 25.85 -11.899 2
      vertex 25.674 -11.9858 2
    endloop
  endfacet
  facet normal -0.99787 0.0652336 0
    outer loop
      vertex 26.5872 -10.7958 2
      vertex 26.6 -10.6 30.9
      vertex 26.6 -10.6 2
    endloop
  endfacet
  facet normal -0.99787 0.0652336 0
    outer loop
      vertex 26.6 -10.6 30.9
      vertex 26.5872 -10.7958 2
      vertex 26.5872 -10.7958 30.9
    endloop
  endfacet
  facet normal -0.980757 -0.195234 0
    outer loop
      vertex 26.5872 10.7958 2
      vertex 26.5489 10.9882 30.9
      vertex 26.5489 10.9882 2
    endloop
  endfacet
  facet normal -0.980757 -0.195234 0
    outer loop
      vertex 26.5489 10.9882 30.9
      vertex 26.5872 10.7958 2
      vertex 26.5872 10.7958 30.9
    endloop
  endfacet
  facet normal 0.980757 0.195234 0
    outer loop
      vertex -26.5489 -10.9882 30.9
      vertex -26.5872 -10.7958 2
      vertex -26.5872 -10.7958 30.9
    endloop
  endfacet
  facet normal 0.980757 0.195234 0
    outer loop
      vertex -26.5872 -10.7958 2
      vertex -26.5489 -10.9882 30.9
      vertex -26.5489 -10.9882 2
    endloop
  endfacet
  facet normal 0.946885 0.321574 0
    outer loop
      vertex -26.4858 -11.174 30.9
      vertex -26.5489 -10.9882 2
      vertex -26.5489 -10.9882 30.9
    endloop
  endfacet
  facet normal 0.946885 0.321574 0
    outer loop
      vertex -26.5489 -10.9882 2
      vertex -26.4858 -11.174 30.9
      vertex -26.4858 -11.174 2
    endloop
  endfacet
  facet normal -0.442315 -0.89686 0
    outer loop
      vertex 25.674 11.9858 2
      vertex 25.85 11.899 30.9
      vertex 25.674 11.9858 30.9
    endloop
  endfacet
  facet normal -0.442315 -0.89686 -0
    outer loop
      vertex 25.85 11.899 30.9
      vertex 25.674 11.9858 2
      vertex 25.85 11.899 2
    endloop
  endfacet
  facet normal -0.195234 0.980757 0
    outer loop
      vertex 25.4882 -12.0489 2
      vertex 25.2958 -12.0872 30.9
      vertex 25.4882 -12.0489 30.9
    endloop
  endfacet
  facet normal -0.195234 0.980757 0
    outer loop
      vertex 25.2958 -12.0872 30.9
      vertex 25.4882 -12.0489 2
      vertex 25.2958 -12.0872 2
    endloop
  endfacet
  facet normal -0.831422 -0.555641 0
    outer loop
      vertex 26.399 11.35 2
      vertex 26.29 11.5131 30.9
      vertex 26.29 11.5131 2
    endloop
  endfacet
  facet normal -0.831422 -0.555641 0
    outer loop
      vertex 26.29 11.5131 30.9
      vertex 26.399 11.35 2
      vertex 26.399 11.35 30.9
    endloop
  endfacet
  facet normal -0.89686 -0.442315 0
    outer loop
      vertex 26.4858 11.174 2
      vertex 26.399 11.35 30.9
      vertex 26.399 11.35 2
    endloop
  endfacet
  facet normal -0.89686 -0.442315 0
    outer loop
      vertex 26.399 11.35 30.9
      vertex 26.4858 11.174 2
      vertex 26.4858 11.174 30.9
    endloop
  endfacet
  facet normal -0.659478 0.751724 0
    outer loop
      vertex 26.1606 -11.6606 2
      vertex 26.0131 -11.79 30.9
      vertex 26.1606 -11.6606 30.9
    endloop
  endfacet
  facet normal -0.659478 0.751724 0
    outer loop
      vertex 26.0131 -11.79 30.9
      vertex 26.1606 -11.6606 2
      vertex 26.0131 -11.79 2
    endloop
  endfacet
  facet normal -0.89686 0.442315 0
    outer loop
      vertex 26.399 -11.35 2
      vertex 26.4858 -11.174 30.9
      vertex 26.4858 -11.174 2
    endloop
  endfacet
  facet normal -0.89686 0.442315 0
    outer loop
      vertex 26.4858 -11.174 30.9
      vertex 26.399 -11.35 2
      vertex 26.399 -11.35 30.9
    endloop
  endfacet
  facet normal -0.946885 0.321574 0
    outer loop
      vertex 26.4858 -11.174 2
      vertex 26.5489 -10.9882 30.9
      vertex 26.5489 -10.9882 2
    endloop
  endfacet
  facet normal -0.946885 0.321574 0
    outer loop
      vertex 26.5489 -10.9882 30.9
      vertex 26.4858 -11.174 2
      vertex 26.4858 -11.174 30.9
    endloop
  endfacet
  facet normal -0.321574 0.946885 0
    outer loop
      vertex 25.674 -11.9858 2
      vertex 25.4882 -12.0489 30.9
      vertex 25.674 -11.9858 30.9
    endloop
  endfacet
  facet normal -0.321574 0.946885 0
    outer loop
      vertex 25.4882 -12.0489 30.9
      vertex 25.674 -11.9858 2
      vertex 25.4882 -12.0489 2
    endloop
  endfacet
  facet normal 0 0 1
    outer loop
      vertex -16.9 6.05 2
      vertex -19.3903 7.97329 2
      vertex -19.1 6.05 2
    endloop
  endfacet
  facet normal 0 0 1
    outer loop
      vertex -19.1 -6.05 2
      vertex -19.2214 -8.60369 2
      vertex -19.2 -8.93 2
    endloop
  endfacet
  facet normal -0 0 1
    outer loop
      vertex -19.5349 7.68 2
      vertex -19.1 6.05 2
      vertex -19.3903 7.97329 2
    endloop
  endfacet
  facet normal 0 0 1
    outer loop
      vertex -19.1 -6.05 2
      vertex -19.2852 -8.28295 2
      vertex -19.2214 -8.60369 2
    endloop
  endfacet
  facet normal -0 0 1
    outer loop
      vertex -19.7166 7.4081 2
      vertex -19.1 6.05 2
      vertex -19.5349 7.68 2
    endloop
  endfacet
  facet normal 0 0 1
    outer loop
      vertex -19.1 -6.05 2
      vertex -19.3903 -7.97329 2
      vertex -19.2852 -8.28295 2
    endloop
  endfacet
  facet normal -0 0 1
    outer loop
      vertex -19.9322 7.16223 2
      vertex -19.1 6.05 2
      vertex -19.7166 7.4081 2
    endloop
  endfacet
  facet normal 0 0 1
    outer loop
      vertex -19.1 -6.05 2
      vertex -19.5349 -7.68 2
      vertex -19.3903 -7.97329 2
    endloop
  endfacet
  facet normal -0 0 1
    outer loop
      vertex -20.1781 6.94662 2
      vertex -19.1 6.05 2
      vertex -19.9322 7.16223 2
    endloop
  endfacet
  facet normal 0 0 1
    outer loop
      vertex -19.1 -6.05 2
      vertex -19.7166 -7.4081 2
      vertex -19.5349 -7.68 2
    endloop
  endfacet
  facet normal -0 0 1
    outer loop
      vertex -20.45 6.76494 2
      vertex -19.1 6.05 2
      vertex -20.1781 6.94662 2
    endloop
  endfacet
  facet normal 0 0 1
    outer loop
      vertex -19.1 -6.05 2
      vertex -19.9322 -7.16223 2
      vertex -19.7166 -7.4081 2
    endloop
  endfacet
  facet normal -0 0 1
    outer loop
      vertex -20.7433 6.6203 2
      vertex -19.1 6.05 2
      vertex -20.45 6.76494 2
    endloop
  endfacet
  facet normal 0 0 1
    outer loop
      vertex -19.1 -6.05 2
      vertex -20.1781 -6.94662 2
      vertex -19.9322 -7.16223 2
    endloop
  endfacet
  facet normal -0 0 1
    outer loop
      vertex -21.053 6.51519 2
      vertex -19.1 6.05 2
      vertex -20.7433 6.6203 2
    endloop
  endfacet
  facet normal 0 0 1
    outer loop
      vertex -19.1 -6.05 2
      vertex -20.45 -6.76494 2
      vertex -20.1781 -6.94662 2
    endloop
  endfacet
  facet normal -0 0 1
    outer loop
      vertex -21.3737 6.45139 2
      vertex -19.1 6.05 2
      vertex -21.053 6.51519 2
    endloop
  endfacet
  facet normal 0 0 1
    outer loop
      vertex -19.1 -6.05 2
      vertex -20.7433 -6.6203 2
      vertex -20.45 -6.76494 2
    endloop
  endfacet
  facet normal -0 0 1
    outer loop
      vertex -21.7 6.43 2
      vertex -19.1 6.05 2
      vertex -21.3737 6.45139 2
    endloop
  endfacet
  facet normal 0 0 1
    outer loop
      vertex -19.1 -6.05 2
      vertex -21.053 -6.51519 2
      vertex -20.7433 -6.6203 2
    endloop
  endfacet
  facet normal 0 0 1
    outer loop
      vertex -19.1 6.05 2
      vertex -21.7 6.43 2
      vertex -19.1 -6.05 2
    endloop
  endfacet
  facet normal 0 0 1
    outer loop
      vertex -19.1 -6.05 2
      vertex -21.3737 -6.45139 2
      vertex -21.053 -6.51519 2
    endloop
  endfacet
  facet normal 0 0 1
    outer loop
      vertex -21.7 -6.43 2
      vertex -19.1 -6.05 2
      vertex -21.7 6.43 2
    endloop
  endfacet
  facet normal 0 0 1
    outer loop
      vertex -19.1 -6.05 2
      vertex -21.7 -6.43 2
      vertex -21.3737 -6.45139 2
    endloop
  endfacet
  facet normal 0 0 1
    outer loop
      vertex -22.0263 6.45139 2
      vertex -21.7 -6.43 2
      vertex -21.7 6.43 2
    endloop
  endfacet
  facet normal 0 0 1
    outer loop
      vertex -22.0263 6.45139 2
      vertex -22.0263 -6.45139 2
      vertex -21.7 -6.43 2
    endloop
  endfacet
  facet normal 0 0 1
    outer loop
      vertex -22.347 6.51519 2
      vertex -22.0263 -6.45139 2
      vertex -22.0263 6.45139 2
    endloop
  endfacet
  facet normal 0 0 1
    outer loop
      vertex -22.347 6.51519 2
      vertex -22.347 -6.51519 2
      vertex -22.0263 -6.45139 2
    endloop
  endfacet
  facet normal 0 0 1
    outer loop
      vertex -22.6567 6.6203 2
      vertex -22.347 -6.51519 2
      vertex -22.347 6.51519 2
    endloop
  endfacet
  facet normal 0 0 1
    outer loop
      vertex -22.6567 6.6203 2
      vertex -22.6567 -6.6203 2
      vertex -22.347 -6.51519 2
    endloop
  endfacet
  facet normal 0 0 1
    outer loop
      vertex -22.95 6.76494 2
      vertex -22.6567 -6.6203 2
      vertex -22.6567 6.6203 2
    endloop
  endfacet
  facet normal 0 0 1
    outer loop
      vertex -22.95 6.76494 2
      vertex -22.95 -6.76494 2
      vertex -22.6567 -6.6203 2
    endloop
  endfacet
  facet normal 0 0 1
    outer loop
      vertex -23.2219 6.94662 2
      vertex -22.95 -6.76494 2
      vertex -22.95 6.76494 2
    endloop
  endfacet
  facet normal 0 0 1
    outer loop
      vertex -23.2219 6.94662 2
      vertex -23.2219 -6.94662 2
      vertex -22.95 -6.76494 2
    endloop
  endfacet
  facet normal 0 0 1
    outer loop
      vertex -23.4678 7.16223 2
      vertex -23.2219 -6.94662 2
      vertex -23.2219 6.94662 2
    endloop
  endfacet
  facet normal 0 0 1
    outer loop
      vertex -23.4678 7.16223 2
      vertex -23.4678 -7.16223 2
      vertex -23.2219 -6.94662 2
    endloop
  endfacet
  facet normal 0 0 1
    outer loop
      vertex -23.6834 7.4081 2
      vertex -23.4678 -7.16223 2
      vertex -23.4678 7.16223 2
    endloop
  endfacet
  facet normal 0 0 1
    outer loop
      vertex -23.6834 7.4081 2
      vertex -23.6834 -7.4081 2
      vertex -23.4678 -7.16223 2
    endloop
  endfacet
  facet normal 0 0 1
    outer loop
      vertex -23.8651 7.68 2
      vertex -23.6834 -7.4081 2
      vertex -23.6834 7.4081 2
    endloop
  endfacet
  facet normal 0 0 1
    outer loop
      vertex -23.8651 7.68 2
      vertex -23.8651 -7.68 2
      vertex -23.6834 -7.4081 2
    endloop
  endfacet
  facet normal 0 0 1
    outer loop
      vertex -26.6 10.6 2
      vertex -23.8651 7.68 2
      vertex -24.0097 7.97329 2
    endloop
  endfacet
  facet normal 0 0 1
    outer loop
      vertex -23.8651 7.68 2
      vertex -26.6 10.6 2
      vertex -23.8651 -7.68 2
    endloop
  endfacet
  facet normal 0 0 1
    outer loop
      vertex -26.6 10.6 2
      vertex -24.0097 7.97329 2
      vertex -24.1148 8.28295 2
    endloop
  endfacet
  facet normal 0 0 1
    outer loop
      vertex -26.6 -10.6 2
      vertex -23.8651 -7.68 2
      vertex -26.6 10.6 2
    endloop
  endfacet
  facet normal 0 0 1
    outer loop
      vertex -26.6 10.6 2
      vertex -24.1148 8.28295 2
      vertex -24.1786 8.60369 2
    endloop
  endfacet
  facet normal 0 0 1
    outer loop
      vertex -23.8651 -7.68 2
      vertex -26.6 -10.6 2
      vertex -24.0097 -7.97329 2
    endloop
  endfacet
  facet normal 0 0 1
    outer loop
      vertex -26.6 10.6 2
      vertex -24.1786 8.60369 2
      vertex -24.2 8.93 2
    endloop
  endfacet
  facet normal 0 0 1
    outer loop
      vertex -24.0097 -7.97329 2
      vertex -26.6 -10.6 2
      vertex -24.1148 -8.28295 2
    endloop
  endfacet
  facet normal 0 0 1
    outer loop
      vertex 26.0834 10.4519 2
      vertex 26.6 10.6 2
      vertex 26.5872 10.7958 2
    endloop
  endfacet
  facet normal 0 0 1
    outer loop
      vertex 26.6 10.6 2
      vertex 26.5786 9.25632 2
      vertex 26.6 8.93014 2
    endloop
  endfacet
  facet normal 0 0 1
    outer loop
      vertex 25.8678 10.6978 2
      vertex 26.5872 10.7958 2
      vertex 26.5489 10.9882 2
    endloop
  endfacet
  facet normal 0 0 1
    outer loop
      vertex 26.6 10.6 2
      vertex 26.5148 9.57705 2
      vertex 26.5786 9.25632 2
    endloop
  endfacet
  facet normal 0 0 1
    outer loop
      vertex 25.8678 10.6978 2
      vertex 26.5489 10.9882 2
      vertex 26.4858 11.174 2
    endloop
  endfacet
  facet normal 0 0 1
    outer loop
      vertex 26.6 10.6 2
      vertex 26.4097 9.88671 2
      vertex 26.5148 9.57705 2
    endloop
  endfacet
  facet normal 0 0 1
    outer loop
      vertex 25.8678 10.6978 2
      vertex 26.4858 11.174 2
      vertex 26.399 11.35 2
    endloop
  endfacet
  facet normal 0 0 1
    outer loop
      vertex 25.6219 10.9134 2
      vertex 26.399 11.35 2
      vertex 26.29 11.5131 2
    endloop
  endfacet
  facet normal 0 0 1
    outer loop
      vertex 26.6 10.6 2
      vertex 26.2651 10.18 2
      vertex 26.4097 9.88671 2
    endloop
  endfacet
  facet normal 0 0 1
    outer loop
      vertex 25.6219 10.9134 2
      vertex 26.29 11.5131 2
      vertex 26.1606 11.6606 2
    endloop
  endfacet
  facet normal 0 0 1
    outer loop
      vertex 26.6 10.6 2
      vertex 26.0834 10.4519 2
      vertex 26.2651 10.18 2
    endloop
  endfacet
  facet normal 0 0 1
    outer loop
      vertex 25.6219 10.9134 2
      vertex 26.1606 11.6606 2
      vertex 26.0131 11.79 2
    endloop
  endfacet
  facet normal 0 0 1
    outer loop
      vertex 26.5872 10.7958 2
      vertex 25.8678 10.6978 2
      vertex 26.0834 10.4519 2
    endloop
  endfacet
  facet normal 0 0 1
    outer loop
      vertex 25.35 11.0951 2
      vertex 26.0131 11.79 2
      vertex 25.85 11.899 2
    endloop
  endfacet
  facet normal 0 0 1
    outer loop
      vertex 25.35 11.0951 2
      vertex 25.85 11.899 2
      vertex 25.674 11.9858 2
    endloop
  endfacet
  facet normal 0 0 1
    outer loop
      vertex 26.399 11.35 2
      vertex 25.6219 10.9134 2
      vertex 25.8678 10.6978 2
    endloop
  endfacet
  facet normal 0 0 1
    outer loop
      vertex 25.35 11.0951 2
      vertex 25.674 11.9858 2
      vertex 25.4882 12.0489 2
    endloop
  endfacet
  facet normal 0 0 1
    outer loop
      vertex 26.0131 11.79 2
      vertex 25.35 11.0951 2
      vertex 25.6219 10.9134 2
    endloop
  endfacet
  facet normal 0 0 1
    outer loop
      vertex 25.0567 11.2397 2
      vertex 25.4882 12.0489 2
      vertex 25.2958 12.0872 2
    endloop
  endfacet
  facet normal 0 0 1
    outer loop
      vertex 25.0567 11.2397 2
      vertex 25.2958 12.0872 2
      vertex 25.1 12.1 2
    endloop
  endfacet
  facet normal 0 0 1
    outer loop
      vertex 25.4882 12.0489 2
      vertex 25.0567 11.2397 2
      vertex 25.35 11.0951 2
    endloop
  endfacet
  facet normal 0 0 1
    outer loop
      vertex 25.1 12.1 2
      vertex 24.747 11.3448 2
      vertex 25.0567 11.2397 2
    endloop
  endfacet
  facet normal 0 0 1
    outer loop
      vertex 25.1 12.1 2
      vertex 24.4263 11.4086 2
      vertex 24.747 11.3448 2
    endloop
  endfacet
  facet normal 0 0 1
    outer loop
      vertex 25.1 12.1 2
      vertex 24.1 11.43 2
      vertex 24.4263 11.4086 2
    endloop
  endfacet
  facet normal 0 0 1
    outer loop
      vertex 25.1 12.1 2
      vertex 23.7737 11.4086 2
      vertex 24.1 11.43 2
    endloop
  endfacet
  facet normal 0 0 1
    outer loop
      vertex 25.1 12.1 2
      vertex 23.453 11.3448 2
      vertex 23.7737 11.4086 2
    endloop
  endfacet
  facet normal 0 0 1
    outer loop
      vertex 25.1 12.1 2
      vertex 23.1433 11.2397 2
      vertex 23.453 11.3448 2
    endloop
  endfacet
  facet normal 0 0 1
    outer loop
      vertex 21.6852 -8.28295 2
      vertex 19.1 -6.05 2
      vertex 21.6214 -8.60369 2
    endloop
  endfacet
  facet normal 0 0 1
    outer loop
      vertex 21.6214 9.25632 2
      vertex 19.1 6.05 2
      vertex 21.6 8.93 2
    endloop
  endfacet
  facet normal 0 0 1
    outer loop
      vertex 16.9 6.05 2
      vertex 21.6214 9.25632 2
      vertex 21.6852 9.57705 2
    endloop
  endfacet
  facet normal 0 0 1
    outer loop
      vertex 16.9 6.05 2
      vertex 21.6852 9.57705 2
      vertex 21.7903 9.88671 2
    endloop
  endfacet
  facet normal 0 0 1
    outer loop
      vertex 16.9 6.05 2
      vertex 21.7903 9.88671 2
      vertex 21.9349 10.18 2
    endloop
  endfacet
  facet normal 0 0 1
    outer loop
      vertex 13.1 6.05 2
      vertex 21.9349 10.18 2
      vertex 22.1166 10.4519 2
    endloop
  endfacet
  facet normal 0 0 1
    outer loop
      vertex 21.6214 9.25632 2
      vertex 16.9 6.05 2
      vertex 19.1 6.05 2
    endloop
  endfacet
  facet normal 0 0 1
    outer loop
      vertex 13.1 6.05 2
      vertex 22.1166 10.4519 2
      vertex 22.3322 10.6978 2
    endloop
  endfacet
  facet normal 0 0 1
    outer loop
      vertex 10.9 6.05 2
      vertex 22.3322 10.6978 2
      vertex 22.5781 10.9134 2
    endloop
  endfacet
  facet normal 0 0 1
    outer loop
      vertex 16.9 6.05 2
      vertex 13.1 6.05 2
      vertex 16.9 -6.05 2
    endloop
  endfacet
  facet normal 0 0 1
    outer loop
      vertex 21.9349 10.18 2
      vertex 13.1 6.05 2
      vertex 16.9 6.05 2
    endloop
  endfacet
  facet normal 0 0 1
    outer loop
      vertex 7.1 6.05 2
      vertex 22.5781 10.9134 2
      vertex 22.85 11.0951 2
    endloop
  endfacet
  facet normal 0 0 1
    outer loop
      vertex 22.3322 10.6978 2
      vertex 10.9 6.05 2
      vertex 13.1 6.05 2
    endloop
  endfacet
  facet normal 0 0 1
    outer loop
      vertex 1.1 6.05 2
      vertex 22.85 11.0951 2
      vertex 23.1433 11.2397 2
    endloop
  endfacet
  facet normal 0 0 1
    outer loop
      vertex -20.7433 11.2397 2
      vertex 23.1433 11.2397 2
      vertex 25.1 12.1 2
    endloop
  endfacet
  facet normal 0 0 1
    outer loop
      vertex 10.9 6.05 2
      vertex 7.1 6.05 2
      vertex 10.9 -6.05 2
    endloop
  endfacet
  facet normal 0 0 1
    outer loop
      vertex 22.5781 10.9134 2
      vertex 7.1 6.05 2
      vertex 10.9 6.05 2
    endloop
  endfacet
  facet normal 0 0 1
    outer loop
      vertex 22.85 11.0951 2
      vertex 4.9 6.05 2
      vertex 7.1 6.05 2
    endloop
  endfacet
  facet normal 0 0 1
    outer loop
      vertex 4.9 6.05 2
      vertex 1.1 6.05 2
      vertex 4.9 -6.05 2
    endloop
  endfacet
  facet normal 0 0 1
    outer loop
      vertex 22.85 11.0951 2
      vertex 1.1 6.05 2
      vertex 4.9 6.05 2
    endloop
  endfacet
  facet normal 0 0 1
    outer loop
      vertex 23.1433 11.2397 2
      vertex -20.45 11.0951 2
      vertex 1.1 6.05 2
    endloop
  endfacet
  facet normal 0 0 1
    outer loop
      vertex -1.1 6.05 2
      vertex -4.9 6.05 2
      vertex -1.1 -6.05 2
    endloop
  endfacet
  facet normal 0 0 1
    outer loop
      vertex 1.1 6.05 2
      vertex -20.45 11.0951 2
      vertex -1.1 6.05 2
    endloop
  endfacet
  facet normal 0 0 1
    outer loop
      vertex -1.1 6.05 2
      vertex -20.45 11.0951 2
      vertex -4.9 6.05 2
    endloop
  endfacet
  facet normal 0 0 1
    outer loop
      vertex -7.1 6.05 2
      vertex -10.9 6.05 2
      vertex -7.1 -6.05 2
    endloop
  endfacet
  facet normal -0 -0 1
    outer loop
      vertex -20.1781 10.9134 2
      vertex -4.9 6.05 2
      vertex -20.45 11.0951 2
    endloop
  endfacet
  facet normal -0 -0 1
    outer loop
      vertex -19.9322 10.6978 2
      vertex -7.1 6.05 2
      vertex -20.1781 10.9134 2
    endloop
  endfacet
  facet normal 0 0 1
    outer loop
      vertex -13.1 6.05 2
      vertex -16.9 6.05 2
      vertex -13.1 -6.05 2
    endloop
  endfacet
  facet normal -0 -0 1
    outer loop
      vertex -19.7166 10.4519 2
      vertex -10.9 6.05 2
      vertex -19.9322 10.6978 2
    endloop
  endfacet
  facet normal -0 -0 1
    outer loop
      vertex -19.3903 9.88671 2
      vertex -13.1 6.05 2
      vertex -19.5349 10.18 2
    endloop
  endfacet
  facet normal -0 0 1
    outer loop
      vertex -19.2852 8.28295 2
      vertex -16.9 6.05 2
      vertex -19.2214 8.60369 2
    endloop
  endfacet
  facet normal -0 0 1
    outer loop
      vertex -19.2214 8.60369 2
      vertex -16.9 6.05 2
      vertex -19.2 8.93 2
    endloop
  endfacet
  facet normal 0 0 1
    outer loop
      vertex -16.9 6.05 2
      vertex -19.2214 9.25632 2
      vertex -19.2 8.93 2
    endloop
  endfacet
  facet normal 0 0 1
    outer loop
      vertex -13.1 6.05 2
      vertex -19.2214 9.25632 2
      vertex -16.9 6.05 2
    endloop
  endfacet
  facet normal -0 -0 1
    outer loop
      vertex -19.2214 9.25632 2
      vertex -13.1 6.05 2
      vertex -19.2852 9.57705 2
    endloop
  endfacet
  facet normal -0 -0 1
    outer loop
      vertex -19.2852 9.57705 2
      vertex -13.1 6.05 2
      vertex -19.3903 9.88671 2
    endloop
  endfacet
  facet normal 0 0 1
    outer loop
      vertex -10.9 6.05 2
      vertex -19.5349 10.18 2
      vertex -13.1 6.05 2
    endloop
  endfacet
  facet normal -0 -0 1
    outer loop
      vertex -19.5349 10.18 2
      vertex -10.9 6.05 2
      vertex -19.7166 10.4519 2
    endloop
  endfacet
  facet normal 0 0 1
    outer loop
      vertex -7.1 6.05 2
      vertex -19.9322 10.6978 2
      vertex -10.9 6.05 2
    endloop
  endfacet
  facet normal 0 0 1
    outer loop
      vertex -4.9 6.05 2
      vertex -20.1781 10.9134 2
      vertex -7.1 6.05 2
    endloop
  endfacet
  facet normal 0 0 1
    outer loop
      vertex 23.1433 11.2397 2
      vertex -20.7433 11.2397 2
      vertex -20.45 11.0951 2
    endloop
  endfacet
  facet normal 0 0 1
    outer loop
      vertex 25.1 12.1 2
      vertex -21.053 11.3448 2
      vertex -20.7433 11.2397 2
    endloop
  endfacet
  facet normal 0 0 1
    outer loop
      vertex 25.1 12.1 2
      vertex -21.3737 11.4086 2
      vertex -21.053 11.3448 2
    endloop
  endfacet
  facet normal -0 0 1
    outer loop
      vertex -25.1 12.1 2
      vertex -21.3737 11.4086 2
      vertex 25.1 12.1 2
    endloop
  endfacet
  facet normal 0 0 1
    outer loop
      vertex -24.1786 9.25632 2
      vertex -26.6 10.6 2
      vertex -24.2 8.93 2
    endloop
  endfacet
  facet normal 0 0 1
    outer loop
      vertex -24.1148 9.57705 2
      vertex -26.6 10.6 2
      vertex -24.1786 9.25632 2
    endloop
  endfacet
  facet normal 0 0 1
    outer loop
      vertex -24.0097 9.88671 2
      vertex -26.6 10.6 2
      vertex -24.1148 9.57705 2
    endloop
  endfacet
  facet normal 0 0 1
    outer loop
      vertex -23.8651 10.18 2
      vertex -26.6 10.6 2
      vertex -24.0097 9.88671 2
    endloop
  endfacet
  facet normal -0 0 1
    outer loop
      vertex -26.6 10.6 2
      vertex -23.8651 10.18 2
      vertex -25.1 12.1 2
    endloop
  endfacet
  facet normal 0 0 1
    outer loop
      vertex -23.6834 10.4519 2
      vertex -25.1 12.1 2
      vertex -23.8651 10.18 2
    endloop
  endfacet
  facet normal 0 0 1
    outer loop
      vertex -23.4678 10.6978 2
      vertex -25.1 12.1 2
      vertex -23.6834 10.4519 2
    endloop
  endfacet
  facet normal 0 0 1
    outer loop
      vertex -23.2219 10.9134 2
      vertex -25.1 12.1 2
      vertex -23.4678 10.6978 2
    endloop
  endfacet
  facet normal 0 0 1
    outer loop
      vertex -22.95 11.0951 2
      vertex -25.1 12.1 2
      vertex -23.2219 10.9134 2
    endloop
  endfacet
  facet normal 0 0 1
    outer loop
      vertex -22.6567 11.2397 2
      vertex -25.1 12.1 2
      vertex -22.95 11.0951 2
    endloop
  endfacet
  facet normal 0 0 1
    outer loop
      vertex -22.347 11.3448 2
      vertex -25.1 12.1 2
      vertex -22.6567 11.2397 2
    endloop
  endfacet
  facet normal 0 0 1
    outer loop
      vertex -22.0263 11.4086 2
      vertex -25.1 12.1 2
      vertex -22.347 11.3448 2
    endloop
  endfacet
  facet normal 0 0 1
    outer loop
      vertex -21.7 11.43 2
      vertex -25.1 12.1 2
      vertex -22.0263 11.4086 2
    endloop
  endfacet
  facet normal 0 0 1
    outer loop
      vertex -21.3737 11.4086 2
      vertex -25.1 12.1 2
      vertex -21.7 11.43 2
    endloop
  endfacet
  facet normal -0 0 1
    outer loop
      vertex 26.5786 8.60369 2
      vertex 26.6 -8.92986 2
      vertex 26.6 8.92986 2
    endloop
  endfacet
  facet normal 0 0 1
    outer loop
      vertex 26.5786 8.60369 2
      vertex 26.5786 -8.60369 2
      vertex 26.6 -8.92986 2
    endloop
  endfacet
  facet normal -0 0 1
    outer loop
      vertex 26.5148 8.28295 2
      vertex 26.5786 -8.60369 2
      vertex 26.5786 8.60369 2
    endloop
  endfacet
  facet normal 0 0 1
    outer loop
      vertex 26.5148 8.28295 2
      vertex 26.5148 -8.28295 2
      vertex 26.5786 -8.60369 2
    endloop
  endfacet
  facet normal -0 0 1
    outer loop
      vertex 26.4097 7.97329 2
      vertex 26.5148 -8.28295 2
      vertex 26.5148 8.28295 2
    endloop
  endfacet
  facet normal 0 0 1
    outer loop
      vertex 26.4097 7.97329 2
      vertex 26.4097 -7.97329 2
      vertex 26.5148 -8.28295 2
    endloop
  endfacet
  facet normal -0 0 1
    outer loop
      vertex 26.2651 7.68 2
      vertex 26.4097 -7.97329 2
      vertex 26.4097 7.97329 2
    endloop
  endfacet
  facet normal 0 0 1
    outer loop
      vertex 26.2651 7.68 2
      vertex 26.2651 -7.68 2
      vertex 26.4097 -7.97329 2
    endloop
  endfacet
  facet normal -0 0 1
    outer loop
      vertex 26.0834 7.4081 2
      vertex 26.2651 -7.68 2
      vertex 26.2651 7.68 2
    endloop
  endfacet
  facet normal 0 0 1
    outer loop
      vertex 26.0834 7.4081 2
      vertex 26.0834 -7.4081 2
      vertex 26.2651 -7.68 2
    endloop
  endfacet
  facet normal -0 0 1
    outer loop
      vertex 25.8678 7.16223 2
      vertex 26.0834 -7.4081 2
      vertex 26.0834 7.4081 2
    endloop
  endfacet
  facet normal 0 0 1
    outer loop
      vertex 25.8678 7.16223 2
      vertex 25.8678 -7.16223 2
      vertex 26.0834 -7.4081 2
    endloop
  endfacet
  facet normal -0 0 1
    outer loop
      vertex 25.6219 6.94662 2
      vertex 25.8678 -7.16223 2
      vertex 25.8678 7.16223 2
    endloop
  endfacet
  facet normal 0 0 1
    outer loop
      vertex 25.6219 6.94662 2
      vertex 25.6219 -6.94662 2
      vertex 25.8678 -7.16223 2
    endloop
  endfacet
  facet normal -0 0 1
    outer loop
      vertex 25.35 6.76494 2
      vertex 25.6219 -6.94662 2
      vertex 25.6219 6.94662 2
    endloop
  endfacet
  facet normal 0 0 1
    outer loop
      vertex 25.35 6.76494 2
      vertex 25.35 -6.76494 2
      vertex 25.6219 -6.94662 2
    endloop
  endfacet
  facet normal -0 0 1
    outer loop
      vertex 25.0567 6.6203 2
      vertex 25.35 -6.76494 2
      vertex 25.35 6.76494 2
    endloop
  endfacet
  facet normal 0 0 1
    outer loop
      vertex 25.0567 6.6203 2
      vertex 25.0567 -6.6203 2
      vertex 25.35 -6.76494 2
    endloop
  endfacet
  facet normal -0 0 1
    outer loop
      vertex 24.747 6.51519 2
      vertex 25.0567 -6.6203 2
      vertex 25.0567 6.6203 2
    endloop
  endfacet
  facet normal 0 0 1
    outer loop
      vertex 24.747 6.51519 2
      vertex 24.747 -6.51519 2
      vertex 25.0567 -6.6203 2
    endloop
  endfacet
  facet normal -0 0 1
    outer loop
      vertex 24.4263 6.45139 2
      vertex 24.747 -6.51519 2
      vertex 24.747 6.51519 2
    endloop
  endfacet
  facet normal 0 0 1
    outer loop
      vertex 24.4263 6.45139 2
      vertex 24.4263 -6.45139 2
      vertex 24.747 -6.51519 2
    endloop
  endfacet
  facet normal -0 0 1
    outer loop
      vertex 24.1 6.43 2
      vertex 24.4263 -6.45139 2
      vertex 24.4263 6.45139 2
    endloop
  endfacet
  facet normal 0 0 1
    outer loop
      vertex 24.1 6.43 2
      vertex 24.1 -6.43 2
      vertex 24.4263 -6.45139 2
    endloop
  endfacet
  facet normal 0 0 1
    outer loop
      vertex 23.7737 6.45139 2
      vertex 24.1 -6.43 2
      vertex 24.1 6.43 2
    endloop
  endfacet
  facet normal 0 0 1
    outer loop
      vertex 23.7737 6.45139 2
      vertex 23.7737 -6.45139 2
      vertex 24.1 -6.43 2
    endloop
  endfacet
  facet normal 0 0 1
    outer loop
      vertex 23.453 6.51519 2
      vertex 23.7737 -6.45139 2
      vertex 23.7737 6.45139 2
    endloop
  endfacet
  facet normal 0 0 1
    outer loop
      vertex 23.453 6.51519 2
      vertex 23.453 -6.51519 2
      vertex 23.7737 -6.45139 2
    endloop
  endfacet
  facet normal 0 0 1
    outer loop
      vertex 19.1 6.05 2
      vertex 23.453 6.51519 2
      vertex 23.1433 6.6203 2
    endloop
  endfacet
  facet normal 0 0 1
    outer loop
      vertex 23.453 6.51519 2
      vertex 19.1 6.05 2
      vertex 23.453 -6.51519 2
    endloop
  endfacet
  facet normal 0 0 1
    outer loop
      vertex 19.1 6.05 2
      vertex 23.1433 6.6203 2
      vertex 22.85 6.76494 2
    endloop
  endfacet
  facet normal -0 0 1
    outer loop
      vertex 19.1 -6.05 2
      vertex 23.453 -6.51519 2
      vertex 19.1 6.05 2
    endloop
  endfacet
  facet normal 0 0 1
    outer loop
      vertex 19.1 6.05 2
      vertex 22.85 6.76494 2
      vertex 22.5781 6.94662 2
    endloop
  endfacet
  facet normal 0 0 1
    outer loop
      vertex 23.453 -6.51519 2
      vertex 19.1 -6.05 2
      vertex 23.1433 -6.6203 2
    endloop
  endfacet
  facet normal 0 0 1
    outer loop
      vertex 19.1 6.05 2
      vertex 22.5781 6.94662 2
      vertex 22.3322 7.16223 2
    endloop
  endfacet
  facet normal 0 0 1
    outer loop
      vertex 23.1433 -6.6203 2
      vertex 19.1 -6.05 2
      vertex 22.85 -6.76494 2
    endloop
  endfacet
  facet normal 0 0 1
    outer loop
      vertex 19.1 6.05 2
      vertex 22.3322 7.16223 2
      vertex 22.1166 7.4081 2
    endloop
  endfacet
  facet normal 0 0 1
    outer loop
      vertex 22.85 -6.76494 2
      vertex 19.1 -6.05 2
      vertex 22.5781 -6.94662 2
    endloop
  endfacet
  facet normal 0 0 1
    outer loop
      vertex 19.1 6.05 2
      vertex 22.1166 7.4081 2
      vertex 21.9349 7.68 2
    endloop
  endfacet
  facet normal 0 0 1
    outer loop
      vertex 22.5781 -6.94662 2
      vertex 19.1 -6.05 2
      vertex 22.3322 -7.16223 2
    endloop
  endfacet
  facet normal 0 0 1
    outer loop
      vertex 19.1 6.05 2
      vertex 21.9349 7.68 2
      vertex 21.7903 7.97329 2
    endloop
  endfacet
  facet normal 0 0 1
    outer loop
      vertex 22.3322 -7.16223 2
      vertex 19.1 -6.05 2
      vertex 22.1166 -7.4081 2
    endloop
  endfacet
  facet normal 0 0 1
    outer loop
      vertex 19.1 6.05 2
      vertex 21.7903 7.97329 2
      vertex 21.6852 8.28295 2
    endloop
  endfacet
  facet normal 0 0 1
    outer loop
      vertex 22.1166 -7.4081 2
      vertex 19.1 -6.05 2
      vertex 21.9349 -7.68 2
    endloop
  endfacet
  facet normal 0 0 1
    outer loop
      vertex 19.1 6.05 2
      vertex 21.6852 8.28295 2
      vertex 21.6214 8.60369 2
    endloop
  endfacet
  facet normal 0 0 1
    outer loop
      vertex 21.9349 -7.68 2
      vertex 19.1 -6.05 2
      vertex 21.7903 -7.97329 2
    endloop
  endfacet
  facet normal 0 0 1
    outer loop
      vertex 19.1 6.05 2
      vertex 21.6214 8.60369 2
      vertex 21.6 8.93 2
    endloop
  endfacet
  facet normal 0 0 1
    outer loop
      vertex 21.7903 -7.97329 2
      vertex 19.1 -6.05 2
      vertex 21.6852 -8.28295 2
    endloop
  endfacet
  facet normal -0 0 1
    outer loop
      vertex 26.5786 -9.25632 2
      vertex 26.6 -10.6 2
      vertex 26.6 -8.93014 2
    endloop
  endfacet
  facet normal -0 0 1
    outer loop
      vertex 26.5148 -9.57705 2
      vertex 26.6 -10.6 2
      vertex 26.5786 -9.25632 2
    endloop
  endfacet
  facet normal -0 0 1
    outer loop
      vertex 26.4097 -9.88671 2
      vertex 26.6 -10.6 2
      vertex 26.5148 -9.57705 2
    endloop
  endfacet
  facet normal -0 0 1
    outer loop
      vertex 26.2651 -10.18 2
      vertex 26.6 -10.6 2
      vertex 26.4097 -9.88671 2
    endloop
  endfacet
  facet normal -0 0 1
    outer loop
      vertex 26.0834 -10.4519 2
      vertex 26.6 -10.6 2
      vertex 26.2651 -10.18 2
    endloop
  endfacet
  facet normal 0 0 1
    outer loop
      vertex 26.6 -10.6 2
      vertex 26.0834 -10.4519 2
      vertex 26.5872 -10.7958 2
    endloop
  endfacet
  facet normal -0 0 1
    outer loop
      vertex 25.8678 -10.6978 2
      vertex 26.5872 -10.7958 2
      vertex 26.0834 -10.4519 2
    endloop
  endfacet
  facet normal 0 0 1
    outer loop
      vertex 26.5872 -10.7958 2
      vertex 25.8678 -10.6978 2
      vertex 26.5489 -10.9882 2
    endloop
  endfacet
  facet normal 0 0 1
    outer loop
      vertex 26.5489 -10.9882 2
      vertex 25.8678 -10.6978 2
      vertex 26.4858 -11.174 2
    endloop
  endfacet
  facet normal 0 0 1
    outer loop
      vertex 26.4858 -11.174 2
      vertex 25.8678 -10.6978 2
      vertex 26.399 -11.35 2
    endloop
  endfacet
  facet normal -0 0 1
    outer loop
      vertex 25.6219 -10.9134 2
      vertex 26.399 -11.35 2
      vertex 25.8678 -10.6978 2
    endloop
  endfacet
  facet normal 0 0 1
    outer loop
      vertex 26.399 -11.35 2
      vertex 25.6219 -10.9134 2
      vertex 26.29 -11.5131 2
    endloop
  endfacet
  facet normal 0 0 1
    outer loop
      vertex 26.29 -11.5131 2
      vertex 25.6219 -10.9134 2
      vertex 26.1606 -11.6606 2
    endloop
  endfacet
  facet normal 0 0 1
    outer loop
      vertex 26.1606 -11.6606 2
      vertex 25.6219 -10.9134 2
      vertex 26.0131 -11.79 2
    endloop
  endfacet
  facet normal -0 0 1
    outer loop
      vertex 25.35 -11.0951 2
      vertex 26.0131 -11.79 2
      vertex 25.6219 -10.9134 2
    endloop
  endfacet
  facet normal 0 0 1
    outer loop
      vertex 26.0131 -11.79 2
      vertex 25.35 -11.0951 2
      vertex 25.85 -11.899 2
    endloop
  endfacet
  facet normal 0 0 1
    outer loop
      vertex 25.85 -11.899 2
      vertex 25.35 -11.0951 2
      vertex 25.674 -11.9858 2
    endloop
  endfacet
  facet normal 0 0 1
    outer loop
      vertex 25.674 -11.9858 2
      vertex 25.35 -11.0951 2
      vertex 25.4882 -12.0489 2
    endloop
  endfacet
  facet normal -0 0 1
    outer loop
      vertex 25.0567 -11.2397 2
      vertex 25.4882 -12.0489 2
      vertex 25.35 -11.0951 2
    endloop
  endfacet
  facet normal 0 0 1
    outer loop
      vertex 25.4882 -12.0489 2
      vertex 25.0567 -11.2397 2
      vertex 25.2958 -12.0872 2
    endloop
  endfacet
  facet normal 0 0 1
    outer loop
      vertex 25.2958 -12.0872 2
      vertex 25.0567 -11.2397 2
      vertex 25.1 -12.1 2
    endloop
  endfacet
  facet normal -0 0 1
    outer loop
      vertex 24.747 -11.3448 2
      vertex 25.1 -12.1 2
      vertex 25.0567 -11.2397 2
    endloop
  endfacet
  facet normal -0 0 1
    outer loop
      vertex 24.4263 -11.4086 2
      vertex 25.1 -12.1 2
      vertex 24.747 -11.3448 2
    endloop
  endfacet
  facet normal -0 0 1
    outer loop
      vertex 24.1 -11.43 2
      vertex 25.1 -12.1 2
      vertex 24.4263 -11.4086 2
    endloop
  endfacet
  facet normal 0 0 1
    outer loop
      vertex 23.7737 -11.4086 2
      vertex 25.1 -12.1 2
      vertex 24.1 -11.43 2
    endloop
  endfacet
  facet normal 0 0 1
    outer loop
      vertex 23.453 -11.3448 2
      vertex 25.1 -12.1 2
      vertex 23.7737 -11.4086 2
    endloop
  endfacet
  facet normal 0 0 1
    outer loop
      vertex 23.1433 -11.2397 2
      vertex 25.1 -12.1 2
      vertex 23.453 -11.3448 2
    endloop
  endfacet
  facet normal 0 0 1
    outer loop
      vertex 21.6214 -8.60369 2
      vertex 19.1 -6.05 2
      vertex 21.6 -8.93 2
    endloop
  endfacet
  facet normal 0 0 1
    outer loop
      vertex 21.6 -8.93 2
      vertex 19.1 -6.05 2
      vertex 21.6214 -9.25632 2
    endloop
  endfacet
  facet normal -0 0 1
    outer loop
      vertex 16.9 -6.05 2
      vertex 21.6214 -9.25632 2
      vertex 19.1 -6.05 2
    endloop
  endfacet
  facet normal 0 0 1
    outer loop
      vertex 21.6214 -9.25632 2
      vertex 16.9 -6.05 2
      vertex 21.6852 -9.57705 2
    endloop
  endfacet
  facet normal 0 0 1
    outer loop
      vertex 21.6852 -9.57705 2
      vertex 16.9 -6.05 2
      vertex 21.7903 -9.88671 2
    endloop
  endfacet
  facet normal 0 0 1
    outer loop
      vertex 21.7903 -9.88671 2
      vertex 16.9 -6.05 2
      vertex 21.9349 -10.18 2
    endloop
  endfacet
  facet normal -0 0 1
    outer loop
      vertex 13.1 -6.05 2
      vertex 21.9349 -10.18 2
      vertex 16.9 -6.05 2
    endloop
  endfacet
  facet normal 0 0 1
    outer loop
      vertex 21.9349 -10.18 2
      vertex 13.1 -6.05 2
      vertex 22.1166 -10.4519 2
    endloop
  endfacet
  facet normal 0 0 1
    outer loop
      vertex 22.1166 -10.4519 2
      vertex 13.1 -6.05 2
      vertex 22.3322 -10.6978 2
    endloop
  endfacet
  facet normal 0 0 1
    outer loop
      vertex 13.1 -6.05 2
      vertex 16.9 -6.05 2
      vertex 13.1 6.05 2
    endloop
  endfacet
  facet normal -0 0 1
    outer loop
      vertex 10.9 -6.05 2
      vertex 22.3322 -10.6978 2
      vertex 13.1 -6.05 2
    endloop
  endfacet
  facet normal 0 0 1
    outer loop
      vertex 22.3322 -10.6978 2
      vertex 10.9 -6.05 2
      vertex 22.5781 -10.9134 2
    endloop
  endfacet
  facet normal -0 0 1
    outer loop
      vertex 7.1 -6.05 2
      vertex 22.5781 -10.9134 2
      vertex 10.9 -6.05 2
    endloop
  endfacet
  facet normal 0 0 1
    outer loop
      vertex 22.5781 -10.9134 2
      vertex 7.1 -6.05 2
      vertex 22.85 -11.0951 2
    endloop
  endfacet
  facet normal -0 0 1
    outer loop
      vertex 4.9 -6.05 2
      vertex 22.85 -11.0951 2
      vertex 7.1 -6.05 2
    endloop
  endfacet
  facet normal 0 0 1
    outer loop
      vertex 7.1 -6.05 2
      vertex 10.9 -6.05 2
      vertex 7.1 6.05 2
    endloop
  endfacet
  facet normal -0 0 1
    outer loop
      vertex 1.1 -6.05 2
      vertex 22.85 -11.0951 2
      vertex 4.9 -6.05 2
    endloop
  endfacet
  facet normal 0 0 1
    outer loop
      vertex 22.85 -11.0951 2
      vertex 1.1 -6.05 2
      vertex 23.1433 -11.2397 2
    endloop
  endfacet
  facet normal 0 0 1
    outer loop
      vertex 1.1 -6.05 2
      vertex 4.9 -6.05 2
      vertex 1.1 6.05 2
    endloop
  endfacet
  facet normal -0 0 1
    outer loop
      vertex -20.45 -11.0951 2
      vertex 23.1433 -11.2397 2
      vertex 1.1 -6.05 2
    endloop
  endfacet
  facet normal 0 0 1
    outer loop
      vertex -20.45 -11.0951 2
      vertex 1.1 -6.05 2
      vertex -1.1 -6.05 2
    endloop
  endfacet
  facet normal 0 0 1
    outer loop
      vertex -4.9 -6.05 2
      vertex -1.1 -6.05 2
      vertex -4.9 6.05 2
    endloop
  endfacet
  facet normal 0 0 1
    outer loop
      vertex -20.45 -11.0951 2
      vertex -1.1 -6.05 2
      vertex -4.9 -6.05 2
    endloop
  endfacet
  facet normal 0 0 1
    outer loop
      vertex -20.1781 -10.9134 2
      vertex -4.9 -6.05 2
      vertex -7.1 -6.05 2
    endloop
  endfacet
  facet normal 0 0 1
    outer loop
      vertex -10.9 -6.05 2
      vertex -7.1 -6.05 2
      vertex -10.9 6.05 2
    endloop
  endfacet
  facet normal 0 0 1
    outer loop
      vertex -19.9322 -10.6978 2
      vertex -7.1 -6.05 2
      vertex -10.9 -6.05 2
    endloop
  endfacet
  facet normal 0 0 1
    outer loop
      vertex -19.5349 -10.18 2
      vertex -10.9 -6.05 2
      vertex -13.1 -6.05 2
    endloop
  endfacet
  facet normal 0 0 1
    outer loop
      vertex -16.9 -6.05 2
      vertex -13.1 -6.05 2
      vertex -16.9 6.05 2
    endloop
  endfacet
  facet normal 0 0 1
    outer loop
      vertex -19.2214 -9.25632 2
      vertex -13.1 -6.05 2
      vertex -16.9 -6.05 2
    endloop
  endfacet
  facet normal 0 0 1
    outer loop
      vertex -19.2 -8.93 2
      vertex -16.9 -6.05 2
      vertex -19.1 -6.05 2
    endloop
  endfacet
  facet normal -0 0 1
    outer loop
      vertex -19.3903 7.97329 2
      vertex -16.9 6.05 2
      vertex -19.2852 8.28295 2
    endloop
  endfacet
  facet normal 0 0 1
    outer loop
      vertex -19.2214 -9.25632 2
      vertex -16.9 -6.05 2
      vertex -19.2 -8.93 2
    endloop
  endfacet
  facet normal 0 0 1
    outer loop
      vertex -13.1 -6.05 2
      vertex -19.2214 -9.25632 2
      vertex -19.2852 -9.57705 2
    endloop
  endfacet
  facet normal 0 0 1
    outer loop
      vertex -13.1 -6.05 2
      vertex -19.2852 -9.57705 2
      vertex -19.3903 -9.88671 2
    endloop
  endfacet
  facet normal 0 0 1
    outer loop
      vertex -13.1 -6.05 2
      vertex -19.3903 -9.88671 2
      vertex -19.5349 -10.18 2
    endloop
  endfacet
  facet normal 0 0 1
    outer loop
      vertex -10.9 -6.05 2
      vertex -19.5349 -10.18 2
      vertex -19.7166 -10.4519 2
    endloop
  endfacet
  facet normal 0 0 1
    outer loop
      vertex -10.9 -6.05 2
      vertex -19.7166 -10.4519 2
      vertex -19.9322 -10.6978 2
    endloop
  endfacet
  facet normal 0 0 1
    outer loop
      vertex -7.1 -6.05 2
      vertex -19.9322 -10.6978 2
      vertex -20.1781 -10.9134 2
    endloop
  endfacet
  facet normal 0 0 1
    outer loop
      vertex -4.9 -6.05 2
      vertex -20.1781 -10.9134 2
      vertex -20.45 -11.0951 2
    endloop
  endfacet
  facet normal 0 0 1
    outer loop
      vertex -20.7433 -11.2397 2
      vertex 23.1433 -11.2397 2
      vertex -20.45 -11.0951 2
    endloop
  endfacet
  facet normal 0 0 1
    outer loop
      vertex 23.1433 -11.2397 2
      vertex -20.7433 -11.2397 2
      vertex 25.1 -12.1 2
    endloop
  endfacet
  facet normal -0 0 1
    outer loop
      vertex -21.053 -11.3448 2
      vertex 25.1 -12.1 2
      vertex -20.7433 -11.2397 2
    endloop
  endfacet
  facet normal -0 0 1
    outer loop
      vertex -21.3737 -11.4086 2
      vertex 25.1 -12.1 2
      vertex -21.053 -11.3448 2
    endloop
  endfacet
  facet normal 0 0 1
    outer loop
      vertex -25.1 -12.1 2
      vertex -21.3737 -11.4086 2
      vertex -21.7 -11.43 2
    endloop
  endfacet
  facet normal 0 0 1
    outer loop
      vertex -21.3737 -11.4086 2
      vertex -25.1 -12.1 2
      vertex 25.1 -12.1 2
    endloop
  endfacet
  facet normal 0 0 1
    outer loop
      vertex -22.0263 -11.4086 2
      vertex -25.1 -12.1 2
      vertex -21.7 -11.43 2
    endloop
  endfacet
  facet normal 0 0 1
    outer loop
      vertex -22.347 -11.3448 2
      vertex -25.1 -12.1 2
      vertex -22.0263 -11.4086 2
    endloop
  endfacet
  facet normal 0 0 1
    outer loop
      vertex -22.6567 -11.2397 2
      vertex -25.1 -12.1 2
      vertex -22.347 -11.3448 2
    endloop
  endfacet
  facet normal 0 0 1
    outer loop
      vertex -22.95 -11.0951 2
      vertex -25.1 -12.1 2
      vertex -22.6567 -11.2397 2
    endloop
  endfacet
  facet normal 0 0 1
    outer loop
      vertex -23.2219 -10.9134 2
      vertex -25.1 -12.1 2
      vertex -22.95 -11.0951 2
    endloop
  endfacet
  facet normal 0 0 1
    outer loop
      vertex -23.4678 -10.6978 2
      vertex -25.1 -12.1 2
      vertex -23.2219 -10.9134 2
    endloop
  endfacet
  facet normal 0 0 1
    outer loop
      vertex -23.6834 -10.4519 2
      vertex -25.1 -12.1 2
      vertex -23.4678 -10.6978 2
    endloop
  endfacet
  facet normal 0 0 1
    outer loop
      vertex -23.8651 -10.18 2
      vertex -25.1 -12.1 2
      vertex -23.6834 -10.4519 2
    endloop
  endfacet
  facet normal 0 0 1
    outer loop
      vertex -26.29 -11.5131 2
      vertex -23.8651 -10.18 2
      vertex -24.0097 -9.88671 2
    endloop
  endfacet
  facet normal 0 0 1
    outer loop
      vertex -26.6 -10.6 2
      vertex -24.0097 -9.88671 2
      vertex -24.1148 -9.57705 2
    endloop
  endfacet
  facet normal 0 0 1
    outer loop
      vertex -26.6 -10.6 2
      vertex -24.1148 -9.57705 2
      vertex -24.1786 -9.25632 2
    endloop
  endfacet
  facet normal 0 0 1
    outer loop
      vertex -26.6 -10.6 2
      vertex -24.1786 -9.25632 2
      vertex -24.2 -8.93 2
    endloop
  endfacet
  facet normal 0 0 1
    outer loop
      vertex -24.1148 -8.28295 2
      vertex -26.6 -10.6 2
      vertex -24.1786 -8.60369 2
    endloop
  endfacet
  facet normal 0 0 1
    outer loop
      vertex -26.6 10.6 2
      vertex -25.1 12.1 2
      vertex -25.2958 12.0872 2
    endloop
  endfacet
  facet normal 0 0 1
    outer loop
      vertex -24.1786 -8.60369 2
      vertex -26.6 -10.6 2
      vertex -24.2 -8.93 2
    endloop
  endfacet
  facet normal 0 0 1
    outer loop
      vertex -26.6 10.6 2
      vertex -25.2958 12.0872 2
      vertex -25.4882 12.0489 2
    endloop
  endfacet
  facet normal 0 -0 1
    outer loop
      vertex -26.5489 -10.9882 2
      vertex -24.0097 -9.88671 2
      vertex -26.6 -10.6 2
    endloop
  endfacet
  facet normal 0 0 1
    outer loop
      vertex -26.6 10.6 2
      vertex -25.4882 12.0489 2
      vertex -25.674 11.9858 2
    endloop
  endfacet
  facet normal 0 0 1
    outer loop
      vertex -23.8651 -10.18 2
      vertex -25.2958 -12.0872 2
      vertex -25.1 -12.1 2
    endloop
  endfacet
  facet normal 0 0 1
    outer loop
      vertex -26.6 10.6 2
      vertex -25.674 11.9858 2
      vertex -25.85 11.899 2
    endloop
  endfacet
  facet normal 0 0 1
    outer loop
      vertex -23.8651 -10.18 2
      vertex -25.4882 -12.0489 2
      vertex -25.2958 -12.0872 2
    endloop
  endfacet
  facet normal 0 0 1
    outer loop
      vertex -26.6 10.6 2
      vertex -25.85 11.899 2
      vertex -26.0131 11.79 2
    endloop
  endfacet
  facet normal 0 0 1
    outer loop
      vertex -23.8651 -10.18 2
      vertex -25.674 -11.9858 2
      vertex -25.4882 -12.0489 2
    endloop
  endfacet
  facet normal 0 0 1
    outer loop
      vertex -26.6 10.6 2
      vertex -26.0131 11.79 2
      vertex -26.1606 11.6606 2
    endloop
  endfacet
  facet normal 0 0 1
    outer loop
      vertex -23.8651 -10.18 2
      vertex -25.85 -11.899 2
      vertex -25.674 -11.9858 2
    endloop
  endfacet
  facet normal 0 0 1
    outer loop
      vertex -26.6 10.6 2
      vertex -26.1606 11.6606 2
      vertex -26.29 11.5131 2
    endloop
  endfacet
  facet normal 0 0 1
    outer loop
      vertex -23.8651 -10.18 2
      vertex -26.0131 -11.79 2
      vertex -25.85 -11.899 2
    endloop
  endfacet
  facet normal 0 0 1
    outer loop
      vertex -26.6 10.6 2
      vertex -26.29 11.5131 2
      vertex -26.399 11.35 2
    endloop
  endfacet
  facet normal 0 0 1
    outer loop
      vertex -23.8651 -10.18 2
      vertex -26.1606 -11.6606 2
      vertex -26.0131 -11.79 2
    endloop
  endfacet
  facet normal 0 0 1
    outer loop
      vertex -26.6 10.6 2
      vertex -26.399 11.35 2
      vertex -26.4858 11.174 2
    endloop
  endfacet
  facet normal 0 0 1
    outer loop
      vertex -23.8651 -10.18 2
      vertex -26.29 -11.5131 2
      vertex -26.1606 -11.6606 2
    endloop
  endfacet
  facet normal 0 0 1
    outer loop
      vertex -26.6 10.6 2
      vertex -26.4858 11.174 2
      vertex -26.5489 10.9882 2
    endloop
  endfacet
  facet normal 0 0 1
    outer loop
      vertex -24.0097 -9.88671 2
      vertex -26.399 -11.35 2
      vertex -26.29 -11.5131 2
    endloop
  endfacet
  facet normal 0 0 1
    outer loop
      vertex -26.6 10.6 2
      vertex -26.5489 10.9882 2
      vertex -26.5872 10.7958 2
    endloop
  endfacet
  facet normal 0 0 1
    outer loop
      vertex -24.0097 -9.88671 2
      vertex -26.4858 -11.174 2
      vertex -26.399 -11.35 2
    endloop
  endfacet
  facet normal 0 0 1
    outer loop
      vertex -24.0097 -9.88671 2
      vertex -26.5489 -10.9882 2
      vertex -26.4858 -11.174 2
    endloop
  endfacet
  facet normal 0 0 1
    outer loop
      vertex -26.5489 -10.9882 2
      vertex -26.6 -10.6 2
      vertex -26.5872 -10.7958 2
    endloop
  endfacet
  facet normal 0 0 1
    outer loop
      vertex 24.9427 -8.81905 2
      vertex 24.9427 -9.04095 2
      vertex 24.95 -8.93 2
    endloop
  endfacet
  facet normal 0 0 1
    outer loop
      vertex 24.921 -8.71 2
      vertex 24.9427 -9.04095 2
      vertex 24.9427 -8.81905 2
    endloop
  endfacet
  facet normal 0 0 1
    outer loop
      vertex 24.921 -8.71 2
      vertex 24.921 -9.15 2
      vertex 24.9427 -9.04095 2
    endloop
  endfacet
  facet normal 0 0 1
    outer loop
      vertex 24.8853 -8.60472 2
      vertex 24.921 -9.15 2
      vertex 24.921 -8.71 2
    endloop
  endfacet
  facet normal 0 0 1
    outer loop
      vertex 24.8853 -8.60472 2
      vertex 24.8853 -9.25528 2
      vertex 24.921 -9.15 2
    endloop
  endfacet
  facet normal 0 0 1
    outer loop
      vertex 24.8361 -8.505 2
      vertex 24.8853 -9.25528 2
      vertex 24.8853 -8.60472 2
    endloop
  endfacet
  facet normal 0 0 1
    outer loop
      vertex 24.8361 -8.505 2
      vertex 24.8361 -9.355 2
      vertex 24.8853 -9.25528 2
    endloop
  endfacet
  facet normal 0 0 1
    outer loop
      vertex 24.7743 -8.41255 2
      vertex 24.8361 -9.355 2
      vertex 24.8361 -8.505 2
    endloop
  endfacet
  facet normal 0 0 1
    outer loop
      vertex 24.7743 -8.41255 2
      vertex 24.7743 -9.44745 2
      vertex 24.8361 -9.355 2
    endloop
  endfacet
  facet normal 0 0 1
    outer loop
      vertex 24.701 -8.32896 2
      vertex 24.7743 -9.44745 2
      vertex 24.7743 -8.41255 2
    endloop
  endfacet
  facet normal 0 0 1
    outer loop
      vertex 24.701 -8.32896 2
      vertex 24.701 -9.53104 2
      vertex 24.7743 -9.44745 2
    endloop
  endfacet
  facet normal 0 0 1
    outer loop
      vertex 24.6174 -8.25565 2
      vertex 24.701 -9.53104 2
      vertex 24.701 -8.32896 2
    endloop
  endfacet
  facet normal 0 0 1
    outer loop
      vertex 24.6174 -8.25565 2
      vertex 24.6174 -9.60435 2
      vertex 24.701 -9.53104 2
    endloop
  endfacet
  facet normal 0 0 1
    outer loop
      vertex 24.525 -8.19388 2
      vertex 24.6174 -9.60435 2
      vertex 24.6174 -8.25565 2
    endloop
  endfacet
  facet normal 0 0 1
    outer loop
      vertex 24.525 -8.19388 2
      vertex 24.525 -9.66612 2
      vertex 24.6174 -9.60435 2
    endloop
  endfacet
  facet normal 0 0 1
    outer loop
      vertex 24.4253 -8.1447 2
      vertex 24.525 -9.66612 2
      vertex 24.525 -8.19388 2
    endloop
  endfacet
  facet normal 0 0 1
    outer loop
      vertex 24.4253 -8.1447 2
      vertex 24.4253 -9.7153 2
      vertex 24.525 -9.66612 2
    endloop
  endfacet
  facet normal 0 0 1
    outer loop
      vertex 24.32 -8.10896 2
      vertex 24.4253 -9.7153 2
      vertex 24.4253 -8.1447 2
    endloop
  endfacet
  facet normal 0 0 1
    outer loop
      vertex 24.32 -8.10896 2
      vertex 24.32 -9.75104 2
      vertex 24.4253 -9.7153 2
    endloop
  endfacet
  facet normal 0 0 1
    outer loop
      vertex 24.2109 -8.08727 2
      vertex 24.32 -9.75104 2
      vertex 24.32 -8.10896 2
    endloop
  endfacet
  facet normal 0 0 1
    outer loop
      vertex 24.2109 -8.08727 2
      vertex 24.2109 -9.77273 2
      vertex 24.32 -9.75104 2
    endloop
  endfacet
  facet normal 0 0 1
    outer loop
      vertex 24.1 -8.08 2
      vertex 24.2109 -9.77273 2
      vertex 24.2109 -8.08727 2
    endloop
  endfacet
  facet normal 0 0 1
    outer loop
      vertex 24.1 -8.08 2
      vertex 24.1 -9.78 2
      vertex 24.2109 -9.77273 2
    endloop
  endfacet
  facet normal -0 0 1
    outer loop
      vertex 23.9891 -8.08727 2
      vertex 24.1 -9.78 2
      vertex 24.1 -8.08 2
    endloop
  endfacet
  facet normal 0 0 1
    outer loop
      vertex 23.9891 -8.08727 2
      vertex 23.9891 -9.77273 2
      vertex 24.1 -9.78 2
    endloop
  endfacet
  facet normal -0 0 1
    outer loop
      vertex 23.88 -8.10896 2
      vertex 23.9891 -9.77273 2
      vertex 23.9891 -8.08727 2
    endloop
  endfacet
  facet normal 0 0 1
    outer loop
      vertex 23.88 -8.10896 2
      vertex 23.88 -9.75104 2
      vertex 23.9891 -9.77273 2
    endloop
  endfacet
  facet normal -0 0 1
    outer loop
      vertex 23.7747 -8.1447 2
      vertex 23.88 -9.75104 2
      vertex 23.88 -8.10896 2
    endloop
  endfacet
  facet normal 0 0 1
    outer loop
      vertex 23.7747 -8.1447 2
      vertex 23.7747 -9.7153 2
      vertex 23.88 -9.75104 2
    endloop
  endfacet
  facet normal -0 0 1
    outer loop
      vertex 23.675 -8.19388 2
      vertex 23.7747 -9.7153 2
      vertex 23.7747 -8.1447 2
    endloop
  endfacet
  facet normal 0 0 1
    outer loop
      vertex 23.675 -8.19388 2
      vertex 23.675 -9.66612 2
      vertex 23.7747 -9.7153 2
    endloop
  endfacet
  facet normal -0 0 1
    outer loop
      vertex 23.5826 -8.25565 2
      vertex 23.675 -9.66612 2
      vertex 23.675 -8.19388 2
    endloop
  endfacet
  facet normal 0 0 1
    outer loop
      vertex 23.5826 -8.25565 2
      vertex 23.5826 -9.60435 2
      vertex 23.675 -9.66612 2
    endloop
  endfacet
  facet normal -0 0 1
    outer loop
      vertex 23.499 -8.32896 2
      vertex 23.5826 -9.60435 2
      vertex 23.5826 -8.25565 2
    endloop
  endfacet
  facet normal 0 0 1
    outer loop
      vertex 23.499 -8.32896 2
      vertex 23.499 -9.53104 2
      vertex 23.5826 -9.60435 2
    endloop
  endfacet
  facet normal -0 0 1
    outer loop
      vertex 23.4256 -8.41255 2
      vertex 23.499 -9.53104 2
      vertex 23.499 -8.32896 2
    endloop
  endfacet
  facet normal 0 0 1
    outer loop
      vertex 23.4256 -8.41255 2
      vertex 23.4256 -9.44745 2
      vertex 23.499 -9.53104 2
    endloop
  endfacet
  facet normal -0 0 1
    outer loop
      vertex 23.3639 -8.505 2
      vertex 23.4256 -9.44745 2
      vertex 23.4256 -8.41255 2
    endloop
  endfacet
  facet normal 0 0 1
    outer loop
      vertex 23.3639 -8.505 2
      vertex 23.3639 -9.355 2
      vertex 23.4256 -9.44745 2
    endloop
  endfacet
  facet normal -0 0 1
    outer loop
      vertex 23.3147 -8.60472 2
      vertex 23.3639 -9.355 2
      vertex 23.3639 -8.505 2
    endloop
  endfacet
  facet normal 0 0 1
    outer loop
      vertex 23.3147 -8.60472 2
      vertex 23.3147 -9.25528 2
      vertex 23.3639 -9.355 2
    endloop
  endfacet
  facet normal -0 0 1
    outer loop
      vertex 23.279 -8.71 2
      vertex 23.3147 -9.25528 2
      vertex 23.3147 -8.60472 2
    endloop
  endfacet
  facet normal 0 0 1
    outer loop
      vertex 23.279 -8.71 2
      vertex 23.279 -9.15 2
      vertex 23.3147 -9.25528 2
    endloop
  endfacet
  facet normal -0 0 1
    outer loop
      vertex 23.2573 -8.81905 2
      vertex 23.279 -9.15 2
      vertex 23.279 -8.71 2
    endloop
  endfacet
  facet normal 0 0 1
    outer loop
      vertex 23.2573 -8.81905 2
      vertex 23.2573 -9.04095 2
      vertex 23.279 -9.15 2
    endloop
  endfacet
  facet normal 0 -0 1
    outer loop
      vertex 23.2573 -9.04095 2
      vertex 23.2573 -8.81905 2
      vertex 23.25 -8.93 2
    endloop
  endfacet
  facet normal 0 0 1
    outer loop
      vertex 24.9427 9.04095 2
      vertex 24.9427 8.81905 2
      vertex 24.95 8.93 2
    endloop
  endfacet
  facet normal 0 0 1
    outer loop
      vertex 24.921 9.15 2
      vertex 24.9427 8.81905 2
      vertex 24.9427 9.04095 2
    endloop
  endfacet
  facet normal 0 0 1
    outer loop
      vertex 24.921 9.15 2
      vertex 24.921 8.71 2
      vertex 24.9427 8.81905 2
    endloop
  endfacet
  facet normal 0 0 1
    outer loop
      vertex 24.8853 9.25528 2
      vertex 24.921 8.71 2
      vertex 24.921 9.15 2
    endloop
  endfacet
  facet normal 0 0 1
    outer loop
      vertex 24.8853 9.25528 2
      vertex 24.8853 8.60472 2
      vertex 24.921 8.71 2
    endloop
  endfacet
  facet normal 0 0 1
    outer loop
      vertex 24.8361 9.355 2
      vertex 24.8853 8.60472 2
      vertex 24.8853 9.25528 2
    endloop
  endfacet
  facet normal 0 0 1
    outer loop
      vertex 24.8361 9.355 2
      vertex 24.8361 8.505 2
      vertex 24.8853 8.60472 2
    endloop
  endfacet
  facet normal 0 0 1
    outer loop
      vertex 24.7743 9.44745 2
      vertex 24.8361 8.505 2
      vertex 24.8361 9.355 2
    endloop
  endfacet
  facet normal 0 0 1
    outer loop
      vertex 24.7743 9.44745 2
      vertex 24.7743 8.41255 2
      vertex 24.8361 8.505 2
    endloop
  endfacet
  facet normal 0 0 1
    outer loop
      vertex 24.701 9.53104 2
      vertex 24.7743 8.41255 2
      vertex 24.7743 9.44745 2
    endloop
  endfacet
  facet normal 0 0 1
    outer loop
      vertex 24.701 9.53104 2
      vertex 24.701 8.32896 2
      vertex 24.7743 8.41255 2
    endloop
  endfacet
  facet normal 0 0 1
    outer loop
      vertex 24.6174 9.60435 2
      vertex 24.701 8.32896 2
      vertex 24.701 9.53104 2
    endloop
  endfacet
  facet normal 0 0 1
    outer loop
      vertex 24.6174 9.60435 2
      vertex 24.6174 8.25565 2
      vertex 24.701 8.32896 2
    endloop
  endfacet
  facet normal 0 0 1
    outer loop
      vertex 24.525 9.66612 2
      vertex 24.6174 8.25565 2
      vertex 24.6174 9.60435 2
    endloop
  endfacet
  facet normal 0 0 1
    outer loop
      vertex 24.525 9.66612 2
      vertex 24.525 8.19388 2
      vertex 24.6174 8.25565 2
    endloop
  endfacet
  facet normal 0 0 1
    outer loop
      vertex 24.4253 9.7153 2
      vertex 24.525 8.19388 2
      vertex 24.525 9.66612 2
    endloop
  endfacet
  facet normal 0 0 1
    outer loop
      vertex 24.4253 9.7153 2
      vertex 24.4253 8.1447 2
      vertex 24.525 8.19388 2
    endloop
  endfacet
  facet normal 0 0 1
    outer loop
      vertex 24.32 9.75104 2
      vertex 24.4253 8.1447 2
      vertex 24.4253 9.7153 2
    endloop
  endfacet
  facet normal 0 0 1
    outer loop
      vertex 24.32 9.75104 2
      vertex 24.32 8.10896 2
      vertex 24.4253 8.1447 2
    endloop
  endfacet
  facet normal 0 0 1
    outer loop
      vertex 24.2109 9.77273 2
      vertex 24.32 8.10896 2
      vertex 24.32 9.75104 2
    endloop
  endfacet
  facet normal 0 0 1
    outer loop
      vertex 24.2109 9.77273 2
      vertex 24.2109 8.08727 2
      vertex 24.32 8.10896 2
    endloop
  endfacet
  facet normal 0 0 1
    outer loop
      vertex 24.1 9.78 2
      vertex 24.2109 8.08727 2
      vertex 24.2109 9.77273 2
    endloop
  endfacet
  facet normal 0 0 1
    outer loop
      vertex 24.1 9.78 2
      vertex 24.1 8.08 2
      vertex 24.2109 8.08727 2
    endloop
  endfacet
  facet normal -0 0 1
    outer loop
      vertex 23.9891 9.77273 2
      vertex 24.1 8.08 2
      vertex 24.1 9.78 2
    endloop
  endfacet
  facet normal 0 0 1
    outer loop
      vertex 23.9891 9.77273 2
      vertex 23.9891 8.08727 2
      vertex 24.1 8.08 2
    endloop
  endfacet
  facet normal -0 0 1
    outer loop
      vertex 23.88 9.75104 2
      vertex 23.9891 8.08727 2
      vertex 23.9891 9.77273 2
    endloop
  endfacet
  facet normal 0 0 1
    outer loop
      vertex 23.88 9.75104 2
      vertex 23.88 8.10896 2
      vertex 23.9891 8.08727 2
    endloop
  endfacet
  facet normal -0 0 1
    outer loop
      vertex 23.7747 9.7153 2
      vertex 23.88 8.10896 2
      vertex 23.88 9.75104 2
    endloop
  endfacet
  facet normal 0 0 1
    outer loop
      vertex 23.7747 9.7153 2
      vertex 23.7747 8.1447 2
      vertex 23.88 8.10896 2
    endloop
  endfacet
  facet normal -0 0 1
    outer loop
      vertex 23.675 9.66612 2
      vertex 23.7747 8.1447 2
      vertex 23.7747 9.7153 2
    endloop
  endfacet
  facet normal 0 0 1
    outer loop
      vertex 23.675 9.66612 2
      vertex 23.675 8.19388 2
      vertex 23.7747 8.1447 2
    endloop
  endfacet
  facet normal -0 0 1
    outer loop
      vertex 23.5826 9.60435 2
      vertex 23.675 8.19388 2
      vertex 23.675 9.66612 2
    endloop
  endfacet
  facet normal 0 0 1
    outer loop
      vertex 23.5826 9.60435 2
      vertex 23.5826 8.25565 2
      vertex 23.675 8.19388 2
    endloop
  endfacet
  facet normal -0 0 1
    outer loop
      vertex 23.499 9.53104 2
      vertex 23.5826 8.25565 2
      vertex 23.5826 9.60435 2
    endloop
  endfacet
  facet normal 0 0 1
    outer loop
      vertex 23.499 9.53104 2
      vertex 23.499 8.32896 2
      vertex 23.5826 8.25565 2
    endloop
  endfacet
  facet normal -0 0 1
    outer loop
      vertex 23.4256 9.44745 2
      vertex 23.499 8.32896 2
      vertex 23.499 9.53104 2
    endloop
  endfacet
  facet normal 0 0 1
    outer loop
      vertex 23.4256 9.44745 2
      vertex 23.4256 8.41255 2
      vertex 23.499 8.32896 2
    endloop
  endfacet
  facet normal -0 0 1
    outer loop
      vertex 23.3639 9.355 2
      vertex 23.4256 8.41255 2
      vertex 23.4256 9.44745 2
    endloop
  endfacet
  facet normal 0 0 1
    outer loop
      vertex 23.3639 9.355 2
      vertex 23.3639 8.505 2
      vertex 23.4256 8.41255 2
    endloop
  endfacet
  facet normal -0 0 1
    outer loop
      vertex 23.3147 9.25528 2
      vertex 23.3639 8.505 2
      vertex 23.3639 9.355 2
    endloop
  endfacet
  facet normal 0 0 1
    outer loop
      vertex 23.3147 9.25528 2
      vertex 23.3147 8.60472 2
      vertex 23.3639 8.505 2
    endloop
  endfacet
  facet normal -0 0 1
    outer loop
      vertex 23.279 9.15 2
      vertex 23.3147 8.60472 2
      vertex 23.3147 9.25528 2
    endloop
  endfacet
  facet normal 0 0 1
    outer loop
      vertex 23.279 9.15 2
      vertex 23.279 8.71 2
      vertex 23.3147 8.60472 2
    endloop
  endfacet
  facet normal -0 0 1
    outer loop
      vertex 23.2573 9.04095 2
      vertex 23.279 8.71 2
      vertex 23.279 9.15 2
    endloop
  endfacet
  facet normal 0 0 1
    outer loop
      vertex 23.2573 9.04095 2
      vertex 23.2573 8.81905 2
      vertex 23.279 8.71 2
    endloop
  endfacet
  facet normal 0 -0 1
    outer loop
      vertex 23.2573 8.81905 2
      vertex 23.2573 9.04095 2
      vertex 23.25 8.93 2
    endloop
  endfacet
  facet normal 0 0 1
    outer loop
      vertex -20.8573 9.04095 2
      vertex -20.8573 8.81905 2
      vertex -20.85 8.93 2
    endloop
  endfacet
  facet normal 0 0 1
    outer loop
      vertex -20.879 9.15 2
      vertex -20.8573 8.81905 2
      vertex -20.8573 9.04095 2
    endloop
  endfacet
  facet normal 0 0 1
    outer loop
      vertex -20.879 9.15 2
      vertex -20.879 8.71 2
      vertex -20.8573 8.81905 2
    endloop
  endfacet
  facet normal 0 0 1
    outer loop
      vertex -20.9147 9.25528 2
      vertex -20.879 8.71 2
      vertex -20.879 9.15 2
    endloop
  endfacet
  facet normal 0 0 1
    outer loop
      vertex -20.9147 9.25528 2
      vertex -20.9147 8.60472 2
      vertex -20.879 8.71 2
    endloop
  endfacet
  facet normal 0 0 1
    outer loop
      vertex -20.9639 9.355 2
      vertex -20.9147 8.60472 2
      vertex -20.9147 9.25528 2
    endloop
  endfacet
  facet normal 0 0 1
    outer loop
      vertex -20.9639 9.355 2
      vertex -20.9639 8.505 2
      vertex -20.9147 8.60472 2
    endloop
  endfacet
  facet normal 0 0 1
    outer loop
      vertex -21.0257 9.44745 2
      vertex -20.9639 8.505 2
      vertex -20.9639 9.355 2
    endloop
  endfacet
  facet normal 0 0 1
    outer loop
      vertex -21.0257 9.44745 2
      vertex -21.0257 8.41255 2
      vertex -20.9639 8.505 2
    endloop
  endfacet
  facet normal 0 0 1
    outer loop
      vertex -21.099 9.53104 2
      vertex -21.0257 8.41255 2
      vertex -21.0257 9.44745 2
    endloop
  endfacet
  facet normal 0 0 1
    outer loop
      vertex -21.099 9.53104 2
      vertex -21.099 8.32896 2
      vertex -21.0257 8.41255 2
    endloop
  endfacet
  facet normal 0 0 1
    outer loop
      vertex -21.1826 9.60435 2
      vertex -21.099 8.32896 2
      vertex -21.099 9.53104 2
    endloop
  endfacet
  facet normal 0 0 1
    outer loop
      vertex -21.1826 9.60435 2
      vertex -21.1826 8.25565 2
      vertex -21.099 8.32896 2
    endloop
  endfacet
  facet normal 0 0 1
    outer loop
      vertex -21.275 9.66612 2
      vertex -21.1826 8.25565 2
      vertex -21.1826 9.60435 2
    endloop
  endfacet
  facet normal 0 0 1
    outer loop
      vertex -21.275 9.66612 2
      vertex -21.275 8.19388 2
      vertex -21.1826 8.25565 2
    endloop
  endfacet
  facet normal 0 0 1
    outer loop
      vertex -21.3747 9.7153 2
      vertex -21.275 8.19388 2
      vertex -21.275 9.66612 2
    endloop
  endfacet
  facet normal 0 0 1
    outer loop
      vertex -21.3747 9.7153 2
      vertex -21.3747 8.1447 2
      vertex -21.275 8.19388 2
    endloop
  endfacet
  facet normal 0 0 1
    outer loop
      vertex -21.48 9.75104 2
      vertex -21.3747 8.1447 2
      vertex -21.3747 9.7153 2
    endloop
  endfacet
  facet normal 0 0 1
    outer loop
      vertex -21.48 9.75104 2
      vertex -21.48 8.10896 2
      vertex -21.3747 8.1447 2
    endloop
  endfacet
  facet normal 0 0 1
    outer loop
      vertex -21.5891 9.77273 2
      vertex -21.48 8.10896 2
      vertex -21.48 9.75104 2
    endloop
  endfacet
  facet normal 0 0 1
    outer loop
      vertex -21.5891 9.77273 2
      vertex -21.5891 8.08727 2
      vertex -21.48 8.10896 2
    endloop
  endfacet
  facet normal 0 0 1
    outer loop
      vertex -21.7 9.78 2
      vertex -21.5891 8.08727 2
      vertex -21.5891 9.77273 2
    endloop
  endfacet
  facet normal 0 0 1
    outer loop
      vertex -21.7 9.78 2
      vertex -21.7 8.08 2
      vertex -21.5891 8.08727 2
    endloop
  endfacet
  facet normal -0 0 1
    outer loop
      vertex -21.8109 9.77273 2
      vertex -21.7 8.08 2
      vertex -21.7 9.78 2
    endloop
  endfacet
  facet normal 0 0 1
    outer loop
      vertex -21.8109 9.77273 2
      vertex -21.8109 8.08727 2
      vertex -21.7 8.08 2
    endloop
  endfacet
  facet normal -0 0 1
    outer loop
      vertex -21.92 9.75104 2
      vertex -21.8109 8.08727 2
      vertex -21.8109 9.77273 2
    endloop
  endfacet
  facet normal 0 0 1
    outer loop
      vertex -21.92 9.75104 2
      vertex -21.92 8.10896 2
      vertex -21.8109 8.08727 2
    endloop
  endfacet
  facet normal -0 0 1
    outer loop
      vertex -22.0253 9.7153 2
      vertex -21.92 8.10896 2
      vertex -21.92 9.75104 2
    endloop
  endfacet
  facet normal 0 0 1
    outer loop
      vertex -22.0253 9.7153 2
      vertex -22.0253 8.1447 2
      vertex -21.92 8.10896 2
    endloop
  endfacet
  facet normal -0 0 1
    outer loop
      vertex -22.125 9.66612 2
      vertex -22.0253 8.1447 2
      vertex -22.0253 9.7153 2
    endloop
  endfacet
  facet normal 0 0 1
    outer loop
      vertex -22.125 9.66612 2
      vertex -22.125 8.19388 2
      vertex -22.0253 8.1447 2
    endloop
  endfacet
  facet normal -0 0 1
    outer loop
      vertex -22.2174 9.60435 2
      vertex -22.125 8.19388 2
      vertex -22.125 9.66612 2
    endloop
  endfacet
  facet normal 0 0 1
    outer loop
      vertex -22.2174 9.60435 2
      vertex -22.2174 8.25565 2
      vertex -22.125 8.19388 2
    endloop
  endfacet
  facet normal -0 0 1
    outer loop
      vertex -22.301 9.53104 2
      vertex -22.2174 8.25565 2
      vertex -22.2174 9.60435 2
    endloop
  endfacet
  facet normal 0 0 1
    outer loop
      vertex -22.301 9.53104 2
      vertex -22.301 8.32896 2
      vertex -22.2174 8.25565 2
    endloop
  endfacet
  facet normal -0 0 1
    outer loop
      vertex -22.3743 9.44745 2
      vertex -22.301 8.32896 2
      vertex -22.301 9.53104 2
    endloop
  endfacet
  facet normal 0 0 1
    outer loop
      vertex -22.3743 9.44745 2
      vertex -22.3743 8.41255 2
      vertex -22.301 8.32896 2
    endloop
  endfacet
  facet normal -0 0 1
    outer loop
      vertex -22.4361 9.355 2
      vertex -22.3743 8.41255 2
      vertex -22.3743 9.44745 2
    endloop
  endfacet
  facet normal 0 0 1
    outer loop
      vertex -22.4361 9.355 2
      vertex -22.4361 8.505 2
      vertex -22.3743 8.41255 2
    endloop
  endfacet
  facet normal -0 0 1
    outer loop
      vertex -22.4853 9.25528 2
      vertex -22.4361 8.505 2
      vertex -22.4361 9.355 2
    endloop
  endfacet
  facet normal 0 0 1
    outer loop
      vertex -22.4853 9.25528 2
      vertex -22.4853 8.60472 2
      vertex -22.4361 8.505 2
    endloop
  endfacet
  facet normal -0 0 1
    outer loop
      vertex -22.521 9.15 2
      vertex -22.4853 8.60472 2
      vertex -22.4853 9.25528 2
    endloop
  endfacet
  facet normal 0 0 1
    outer loop
      vertex -22.521 9.15 2
      vertex -22.521 8.71 2
      vertex -22.4853 8.60472 2
    endloop
  endfacet
  facet normal -0 0 1
    outer loop
      vertex -22.5427 9.04095 2
      vertex -22.521 8.71 2
      vertex -22.521 9.15 2
    endloop
  endfacet
  facet normal 0 0 1
    outer loop
      vertex -22.5427 9.04095 2
      vertex -22.5427 8.81905 2
      vertex -22.521 8.71 2
    endloop
  endfacet
  facet normal 0 -0 1
    outer loop
      vertex -22.5427 8.81905 2
      vertex -22.5427 9.04095 2
      vertex -22.55 8.93 2
    endloop
  endfacet
  facet normal 0 0 1
    outer loop
      vertex -20.8573 -8.81905 2
      vertex -20.8573 -9.04095 2
      vertex -20.85 -8.93 2
    endloop
  endfacet
  facet normal 0 0 1
    outer loop
      vertex -20.879 -8.71 2
      vertex -20.8573 -9.04095 2
      vertex -20.8573 -8.81905 2
    endloop
  endfacet
  facet normal 0 0 1
    outer loop
      vertex -20.879 -8.71 2
      vertex -20.879 -9.15 2
      vertex -20.8573 -9.04095 2
    endloop
  endfacet
  facet normal 0 0 1
    outer loop
      vertex -20.9147 -8.60472 2
      vertex -20.879 -9.15 2
      vertex -20.879 -8.71 2
    endloop
  endfacet
  facet normal 0 0 1
    outer loop
      vertex -20.9147 -8.60472 2
      vertex -20.9147 -9.25528 2
      vertex -20.879 -9.15 2
    endloop
  endfacet
  facet normal 0 0 1
    outer loop
      vertex -20.9639 -8.505 2
      vertex -20.9147 -9.25528 2
      vertex -20.9147 -8.60472 2
    endloop
  endfacet
  facet normal 0 0 1
    outer loop
      vertex -20.9639 -8.505 2
      vertex -20.9639 -9.355 2
      vertex -20.9147 -9.25528 2
    endloop
  endfacet
  facet normal 0 0 1
    outer loop
      vertex -21.0257 -8.41255 2
      vertex -20.9639 -9.355 2
      vertex -20.9639 -8.505 2
    endloop
  endfacet
  facet normal 0 0 1
    outer loop
      vertex -21.0257 -8.41255 2
      vertex -21.0257 -9.44745 2
      vertex -20.9639 -9.355 2
    endloop
  endfacet
  facet normal 0 0 1
    outer loop
      vertex -21.099 -8.32896 2
      vertex -21.0257 -9.44745 2
      vertex -21.0257 -8.41255 2
    endloop
  endfacet
  facet normal 0 0 1
    outer loop
      vertex -21.099 -8.32896 2
      vertex -21.099 -9.53104 2
      vertex -21.0257 -9.44745 2
    endloop
  endfacet
  facet normal 0 0 1
    outer loop
      vertex -21.1826 -8.25565 2
      vertex -21.099 -9.53104 2
      vertex -21.099 -8.32896 2
    endloop
  endfacet
  facet normal 0 0 1
    outer loop
      vertex -21.1826 -8.25565 2
      vertex -21.1826 -9.60435 2
      vertex -21.099 -9.53104 2
    endloop
  endfacet
  facet normal 0 0 1
    outer loop
      vertex -21.275 -8.19388 2
      vertex -21.1826 -9.60435 2
      vertex -21.1826 -8.25565 2
    endloop
  endfacet
  facet normal 0 0 1
    outer loop
      vertex -21.275 -8.19388 2
      vertex -21.275 -9.66612 2
      vertex -21.1826 -9.60435 2
    endloop
  endfacet
  facet normal 0 0 1
    outer loop
      vertex -21.3747 -8.1447 2
      vertex -21.275 -9.66612 2
      vertex -21.275 -8.19388 2
    endloop
  endfacet
  facet normal 0 0 1
    outer loop
      vertex -21.3747 -8.1447 2
      vertex -21.3747 -9.7153 2
      vertex -21.275 -9.66612 2
    endloop
  endfacet
  facet normal 0 0 1
    outer loop
      vertex -21.48 -8.10896 2
      vertex -21.3747 -9.7153 2
      vertex -21.3747 -8.1447 2
    endloop
  endfacet
  facet normal 0 0 1
    outer loop
      vertex -21.48 -8.10896 2
      vertex -21.48 -9.75104 2
      vertex -21.3747 -9.7153 2
    endloop
  endfacet
  facet normal 0 0 1
    outer loop
      vertex -21.5891 -8.08727 2
      vertex -21.48 -9.75104 2
      vertex -21.48 -8.10896 2
    endloop
  endfacet
  facet normal 0 0 1
    outer loop
      vertex -21.5891 -8.08727 2
      vertex -21.5891 -9.77273 2
      vertex -21.48 -9.75104 2
    endloop
  endfacet
  facet normal 0 0 1
    outer loop
      vertex -21.7 -8.08 2
      vertex -21.5891 -9.77273 2
      vertex -21.5891 -8.08727 2
    endloop
  endfacet
  facet normal 0 0 1
    outer loop
      vertex -21.7 -8.08 2
      vertex -21.7 -9.78 2
      vertex -21.5891 -9.77273 2
    endloop
  endfacet
  facet normal -0 0 1
    outer loop
      vertex -21.8109 -8.08727 2
      vertex -21.7 -9.78 2
      vertex -21.7 -8.08 2
    endloop
  endfacet
  facet normal 0 0 1
    outer loop
      vertex -21.8109 -8.08727 2
      vertex -21.8109 -9.77273 2
      vertex -21.7 -9.78 2
    endloop
  endfacet
  facet normal -0 0 1
    outer loop
      vertex -21.92 -8.10896 2
      vertex -21.8109 -9.77273 2
      vertex -21.8109 -8.08727 2
    endloop
  endfacet
  facet normal 0 0 1
    outer loop
      vertex -21.92 -8.10896 2
      vertex -21.92 -9.75104 2
      vertex -21.8109 -9.77273 2
    endloop
  endfacet
  facet normal -0 0 1
    outer loop
      vertex -22.0253 -8.1447 2
      vertex -21.92 -9.75104 2
      vertex -21.92 -8.10896 2
    endloop
  endfacet
  facet normal 0 0 1
    outer loop
      vertex -22.0253 -8.1447 2
      vertex -22.0253 -9.7153 2
      vertex -21.92 -9.75104 2
    endloop
  endfacet
  facet normal -0 0 1
    outer loop
      vertex -22.125 -8.19388 2
      vertex -22.0253 -9.7153 2
      vertex -22.0253 -8.1447 2
    endloop
  endfacet
  facet normal 0 0 1
    outer loop
      vertex -22.125 -8.19388 2
      vertex -22.125 -9.66612 2
      vertex -22.0253 -9.7153 2
    endloop
  endfacet
  facet normal -0 0 1
    outer loop
      vertex -22.2174 -8.25565 2
      vertex -22.125 -9.66612 2
      vertex -22.125 -8.19388 2
    endloop
  endfacet
  facet normal 0 0 1
    outer loop
      vertex -22.2174 -8.25565 2
      vertex -22.2174 -9.60435 2
      vertex -22.125 -9.66612 2
    endloop
  endfacet
  facet normal -0 0 1
    outer loop
      vertex -22.301 -8.32896 2
      vertex -22.2174 -9.60435 2
      vertex -22.2174 -8.25565 2
    endloop
  endfacet
  facet normal 0 0 1
    outer loop
      vertex -22.301 -8.32896 2
      vertex -22.301 -9.53104 2
      vertex -22.2174 -9.60435 2
    endloop
  endfacet
  facet normal -0 0 1
    outer loop
      vertex -22.3743 -8.41255 2
      vertex -22.301 -9.53104 2
      vertex -22.301 -8.32896 2
    endloop
  endfacet
  facet normal 0 0 1
    outer loop
      vertex -22.3743 -8.41255 2
      vertex -22.3743 -9.44745 2
      vertex -22.301 -9.53104 2
    endloop
  endfacet
  facet normal -0 0 1
    outer loop
      vertex -22.4361 -8.505 2
      vertex -22.3743 -9.44745 2
      vertex -22.3743 -8.41255 2
    endloop
  endfacet
  facet normal 0 0 1
    outer loop
      vertex -22.4361 -8.505 2
      vertex -22.4361 -9.355 2
      vertex -22.3743 -9.44745 2
    endloop
  endfacet
  facet normal -0 0 1
    outer loop
      vertex -22.4853 -8.60472 2
      vertex -22.4361 -9.355 2
      vertex -22.4361 -8.505 2
    endloop
  endfacet
  facet normal 0 0 1
    outer loop
      vertex -22.4853 -8.60472 2
      vertex -22.4853 -9.25528 2
      vertex -22.4361 -9.355 2
    endloop
  endfacet
  facet normal -0 0 1
    outer loop
      vertex -22.521 -8.71 2
      vertex -22.4853 -9.25528 2
      vertex -22.4853 -8.60472 2
    endloop
  endfacet
  facet normal 0 0 1
    outer loop
      vertex -22.521 -8.71 2
      vertex -22.521 -9.15 2
      vertex -22.4853 -9.25528 2
    endloop
  endfacet
  facet normal -0 0 1
    outer loop
      vertex -22.5427 -8.81905 2
      vertex -22.521 -9.15 2
      vertex -22.521 -8.71 2
    endloop
  endfacet
  facet normal 0 0 1
    outer loop
      vertex -22.5427 -8.81905 2
      vertex -22.5427 -9.04095 2
      vertex -22.521 -9.15 2
    endloop
  endfacet
  facet normal 0 -0 1
    outer loop
      vertex -22.5427 -9.04095 2
      vertex -22.5427 -8.81905 2
      vertex -22.55 -8.93 2
    endloop
  endfacet
  facet normal -0.321387 0.946948 0
    outer loop
      vertex 23.453 -6.51519 2
      vertex 23.1433 -6.6203 6.5
      vertex 23.453 -6.51519 6.5
    endloop
  endfacet
  facet normal -0.321387 0.946948 0
    outer loop
      vertex 23.1433 -6.6203 6.5
      vertex 23.453 -6.51519 2
      vertex 23.1433 -6.6203 2
    endloop
  endfacet
  facet normal 0.980785 0.195093 0
    outer loop
      vertex 26.5786 -8.60369 6.5
      vertex 26.5148 -8.28295 2
      vertex 26.5148 -8.28295 6.5
    endloop
  endfacet
  facet normal 0.980785 0.195093 0
    outer loop
      vertex 26.5148 -8.28295 2
      vertex 26.5786 -8.60369 6.5
      vertex 26.5786 -8.60369 2
    endloop
  endfacet
  facet normal 0.997855 0.0654692 0
    outer loop
      vertex 26.6 -8.92986 6.5
      vertex 26.5786 -8.60369 2
      vertex 26.5786 -8.60369 6.5
    endloop
  endfacet
  facet normal 0.997855 0.0654692 0
    outer loop
      vertex 26.5786 -8.60369 2
      vertex 26.6 -8.92986 6.5
      vertex 26.6 -8.92986 2
    endloop
  endfacet
  facet normal -0.980785 0.195093 0
    outer loop
      vertex 21.6214 -8.60369 2
      vertex 21.6852 -8.28295 6.5
      vertex 21.6852 -8.28295 2
    endloop
  endfacet
  facet normal -0.980785 0.195093 0
    outer loop
      vertex 21.6852 -8.28295 6.5
      vertex 21.6214 -8.60369 2
      vertex 21.6214 -8.60369 6.5
    endloop
  endfacet
  facet normal 0.0654128 0.997858 -0
    outer loop
      vertex 24.4263 -6.45139 2
      vertex 24.1 -6.43 6.5
      vertex 24.4263 -6.45139 6.5
    endloop
  endfacet
  facet normal 0.0654128 0.997858 0
    outer loop
      vertex 24.1 -6.43 6.5
      vertex 24.4263 -6.45139 2
      vertex 24.1 -6.43 2
    endloop
  endfacet
  facet normal -0.896915 0.442204 0
    outer loop
      vertex 21.7903 -7.97329 2
      vertex 21.9349 -7.68 6.5
      vertex 21.9349 -7.68 2
    endloop
  endfacet
  facet normal -0.896915 0.442204 0
    outer loop
      vertex 21.9349 -7.68 6.5
      vertex 21.7903 -7.97329 2
      vertex 21.7903 -7.97329 6.5
    endloop
  endfacet
  facet normal 0.831438 0.555617 0
    outer loop
      vertex 26.2651 -7.68 6.5
      vertex 26.0834 -7.4081 2
      vertex 26.0834 -7.4081 6.5
    endloop
  endfacet
  facet normal 0.831438 0.555617 0
    outer loop
      vertex 26.0834 -7.4081 2
      vertex 26.2651 -7.68 6.5
      vertex 26.2651 -7.68 2
    endloop
  endfacet
  facet normal 0.659279 0.751898 -0
    outer loop
      vertex 25.8678 -7.16223 2
      vertex 25.6219 -6.94662 6.5
      vertex 25.8678 -7.16223 6.5
    endloop
  endfacet
  facet normal 0.659279 0.751898 0
    outer loop
      vertex 25.6219 -6.94662 6.5
      vertex 25.8678 -7.16223 2
      vertex 25.6219 -6.94662 2
    endloop
  endfacet
  facet normal -0.442191 -0.896921 0
    outer loop
      vertex 22.85 -11.0951 2
      vertex 23.1433 -11.2397 6.5
      vertex 22.85 -11.0951 6.5
    endloop
  endfacet
  facet normal -0.442191 -0.896921 -0
    outer loop
      vertex 23.1433 -11.2397 6.5
      vertex 22.85 -11.0951 2
      vertex 23.1433 -11.2397 2
    endloop
  endfacet
  facet normal 0.997855 -0.0654672 0
    outer loop
      vertex 26.5786 -9.25632 6.5
      vertex 26.6 -8.93014 2
      vertex 26.6 -8.93014 6.5
    endloop
  endfacet
  facet normal 0.997855 -0.0654672 0
    outer loop
      vertex 26.6 -8.93014 2
      vertex 26.5786 -9.25632 6.5
      vertex 26.5786 -9.25632 2
    endloop
  endfacet
  facet normal 0.751873 0.659307 0
    outer loop
      vertex 26.0834 -7.4081 6.5
      vertex 25.8678 -7.16223 2
      vertex 25.8678 -7.16223 6.5
    endloop
  endfacet
  facet normal 0.751873 0.659307 0
    outer loop
      vertex 25.8678 -7.16223 2
      vertex 26.0834 -7.4081 6.5
      vertex 26.0834 -7.4081 2
    endloop
  endfacet
  facet normal 0.321387 0.946948 -0
    outer loop
      vertex 25.0567 -6.6203 2
      vertex 24.747 -6.51519 6.5
      vertex 25.0567 -6.6203 6.5
    endloop
  endfacet
  facet normal 0.321387 0.946948 0
    outer loop
      vertex 24.747 -6.51519 6.5
      vertex 25.0567 -6.6203 2
      vertex 24.747 -6.51519 2
    endloop
  endfacet
  facet normal -0.555617 -0.831438 0
    outer loop
      vertex 22.5781 -10.9134 2
      vertex 22.85 -11.0951 6.5
      vertex 22.5781 -10.9134 6.5
    endloop
  endfacet
  facet normal -0.555617 -0.831438 -0
    outer loop
      vertex 22.85 -11.0951 6.5
      vertex 22.5781 -10.9134 2
      vertex 22.85 -11.0951 2
    endloop
  endfacet
  facet normal -0.831438 -0.555617 0
    outer loop
      vertex 22.1166 -10.4519 2
      vertex 21.9349 -10.18 6.5
      vertex 21.9349 -10.18 2
    endloop
  endfacet
  facet normal -0.831438 -0.555617 0
    outer loop
      vertex 21.9349 -10.18 6.5
      vertex 22.1166 -10.4519 2
      vertex 22.1166 -10.4519 6.5
    endloop
  endfacet
  facet normal 0.0654432 -0.997856 0
    outer loop
      vertex 24.1 -11.43 2
      vertex 24.4263 -11.4086 6.5
      vertex 24.1 -11.43 6.5
    endloop
  endfacet
  facet normal 0.0654432 -0.997856 0
    outer loop
      vertex 24.4263 -11.4086 6.5
      vertex 24.1 -11.43 2
      vertex 24.4263 -11.4086 2
    endloop
  endfacet
  facet normal 0.32136 -0.946957 0
    outer loop
      vertex 24.747 -11.3448 2
      vertex 25.0567 -11.2397 6.5
      vertex 24.747 -11.3448 6.5
    endloop
  endfacet
  facet normal 0.32136 -0.946957 0
    outer loop
      vertex 25.0567 -11.2397 6.5
      vertex 24.747 -11.3448 2
      vertex 25.0567 -11.2397 2
    endloop
  endfacet
  facet normal -0.0654432 -0.997856 0
    outer loop
      vertex 23.7737 -11.4086 2
      vertex 24.1 -11.43 6.5
      vertex 23.7737 -11.4086 6.5
    endloop
  endfacet
  facet normal -0.0654432 -0.997856 -0
    outer loop
      vertex 24.1 -11.43 6.5
      vertex 23.7737 -11.4086 2
      vertex 24.1 -11.43 2
    endloop
  endfacet
  facet normal 0.442191 -0.896921 0
    outer loop
      vertex 25.0567 -11.2397 2
      vertex 25.35 -11.0951 6.5
      vertex 25.0567 -11.2397 6.5
    endloop
  endfacet
  facet normal 0.442191 -0.896921 0
    outer loop
      vertex 25.35 -11.0951 6.5
      vertex 25.0567 -11.2397 2
      vertex 25.35 -11.0951 2
    endloop
  endfacet
  facet normal -0.751873 0.659307 0
    outer loop
      vertex 22.1166 -7.4081 2
      vertex 22.3322 -7.16223 6.5
      vertex 22.3322 -7.16223 2
    endloop
  endfacet
  facet normal -0.751873 0.659307 0
    outer loop
      vertex 22.3322 -7.16223 6.5
      vertex 22.1166 -7.4081 2
      vertex 22.1166 -7.4081 6.5
    endloop
  endfacet
  facet normal 0.44229 0.896872 -0
    outer loop
      vertex 25.35 -6.76494 2
      vertex 25.0567 -6.6203 6.5
      vertex 25.35 -6.76494 6.5
    endloop
  endfacet
  facet normal 0.44229 0.896872 0
    outer loop
      vertex 25.0567 -6.6203 6.5
      vertex 25.35 -6.76494 2
      vertex 25.0567 -6.6203 2
    endloop
  endfacet
  facet normal -0.44229 0.896872 0
    outer loop
      vertex 23.1433 -6.6203 2
      vertex 22.85 -6.76494 6.5
      vertex 23.1433 -6.6203 6.5
    endloop
  endfacet
  facet normal -0.44229 0.896872 0
    outer loop
      vertex 22.85 -6.76494 6.5
      vertex 23.1433 -6.6203 2
      vertex 22.85 -6.76494 2
    endloop
  endfacet
  facet normal 0.751913 -0.659262 0
    outer loop
      vertex 25.8678 -10.6978 6.5
      vertex 26.0834 -10.4519 2
      vertex 26.0834 -10.4519 6.5
    endloop
  endfacet
  facet normal 0.751913 -0.659262 0
    outer loop
      vertex 26.0834 -10.4519 2
      vertex 25.8678 -10.6978 6.5
      vertex 25.8678 -10.6978 2
    endloop
  endfacet
  facet normal -0.195116 -0.98078 0
    outer loop
      vertex 23.453 -11.3448 2
      vertex 23.7737 -11.4086 6.5
      vertex 23.453 -11.3448 6.5
    endloop
  endfacet
  facet normal -0.195116 -0.98078 -0
    outer loop
      vertex 23.7737 -11.4086 6.5
      vertex 23.453 -11.3448 2
      vertex 23.7737 -11.4086 2
    endloop
  endfacet
  facet normal 0.831438 -0.555617 0
    outer loop
      vertex 26.0834 -10.4519 6.5
      vertex 26.2651 -10.18 2
      vertex 26.2651 -10.18 6.5
    endloop
  endfacet
  facet normal 0.831438 -0.555617 0
    outer loop
      vertex 26.2651 -10.18 2
      vertex 26.0834 -10.4519 6.5
      vertex 26.0834 -10.4519 2
    endloop
  endfacet
  facet normal -0.659262 -0.751913 0
    outer loop
      vertex 22.3322 -10.6978 2
      vertex 22.5781 -10.9134 6.5
      vertex 22.3322 -10.6978 6.5
    endloop
  endfacet
  facet normal -0.659262 -0.751913 -0
    outer loop
      vertex 22.5781 -10.9134 6.5
      vertex 22.3322 -10.6978 2
      vertex 22.5781 -10.9134 2
    endloop
  endfacet
  facet normal 0.195116 -0.98078 0
    outer loop
      vertex 24.4263 -11.4086 2
      vertex 24.747 -11.3448 6.5
      vertex 24.4263 -11.4086 6.5
    endloop
  endfacet
  facet normal 0.195116 -0.98078 0
    outer loop
      vertex 24.747 -11.3448 6.5
      vertex 24.4263 -11.4086 2
      vertex 24.747 -11.3448 2
    endloop
  endfacet
  facet normal 0.896915 -0.442204 0
    outer loop
      vertex 26.2651 -10.18 6.5
      vertex 26.4097 -9.88671 2
      vertex 26.4097 -9.88671 6.5
    endloop
  endfacet
  facet normal 0.896915 -0.442204 0
    outer loop
      vertex 26.4097 -9.88671 2
      vertex 26.2651 -10.18 6.5
      vertex 26.2651 -10.18 2
    endloop
  endfacet
  facet normal -0.980784 -0.195099 0
    outer loop
      vertex 21.6852 -9.57705 2
      vertex 21.6214 -9.25632 6.5
      vertex 21.6214 -9.25632 2
    endloop
  endfacet
  facet normal -0.980784 -0.195099 0
    outer loop
      vertex 21.6214 -9.25632 6.5
      vertex 21.6852 -9.57705 2
      vertex 21.6852 -9.57705 6.5
    endloop
  endfacet
  facet normal 0.946944 -0.321397 0
    outer loop
      vertex 26.4097 -9.88671 6.5
      vertex 26.5148 -9.57705 2
      vertex 26.5148 -9.57705 6.5
    endloop
  endfacet
  facet normal 0.946944 -0.321397 0
    outer loop
      vertex 26.5148 -9.57705 2
      vertex 26.4097 -9.88671 6.5
      vertex 26.4097 -9.88671 2
    endloop
  endfacet
  facet normal -0.946944 0.321397 0
    outer loop
      vertex 21.6852 -8.28295 2
      vertex 21.7903 -7.97329 6.5
      vertex 21.7903 -7.97329 2
    endloop
  endfacet
  facet normal -0.946944 0.321397 0
    outer loop
      vertex 21.7903 -7.97329 6.5
      vertex 21.6852 -8.28295 2
      vertex 21.6852 -8.28295 6.5
    endloop
  endfacet
  facet normal -0.0654128 0.997858 0
    outer loop
      vertex 24.1 -6.43 2
      vertex 23.7737 -6.45139 6.5
      vertex 24.1 -6.43 6.5
    endloop
  endfacet
  facet normal -0.0654128 0.997858 0
    outer loop
      vertex 23.7737 -6.45139 6.5
      vertex 24.1 -6.43 2
      vertex 23.7737 -6.45139 2
    endloop
  endfacet
  facet normal -0.896915 -0.442204 0
    outer loop
      vertex 21.9349 -10.18 2
      vertex 21.7903 -9.88671 6.5
      vertex 21.7903 -9.88671 2
    endloop
  endfacet
  facet normal -0.896915 -0.442204 0
    outer loop
      vertex 21.7903 -9.88671 6.5
      vertex 21.9349 -10.18 2
      vertex 21.9349 -10.18 6.5
    endloop
  endfacet
  facet normal 0.555575 0.831466 -0
    outer loop
      vertex 25.6219 -6.94662 2
      vertex 25.35 -6.76494 6.5
      vertex 25.6219 -6.94662 6.5
    endloop
  endfacet
  facet normal 0.555575 0.831466 0
    outer loop
      vertex 25.35 -6.76494 6.5
      vertex 25.6219 -6.94662 2
      vertex 25.35 -6.76494 2
    endloop
  endfacet
  facet normal -0.659279 0.751898 0
    outer loop
      vertex 22.5781 -6.94662 2
      vertex 22.3322 -7.16223 6.5
      vertex 22.5781 -6.94662 6.5
    endloop
  endfacet
  facet normal -0.659279 0.751898 0
    outer loop
      vertex 22.3322 -7.16223 6.5
      vertex 22.5781 -6.94662 2
      vertex 22.3322 -7.16223 2
    endloop
  endfacet
  facet normal -0.555575 0.831466 0
    outer loop
      vertex 22.85 -6.76494 2
      vertex 22.5781 -6.94662 6.5
      vertex 22.85 -6.76494 6.5
    endloop
  endfacet
  facet normal -0.555575 0.831466 0
    outer loop
      vertex 22.5781 -6.94662 6.5
      vertex 22.85 -6.76494 2
      vertex 22.5781 -6.94662 2
    endloop
  endfacet
  facet normal 0.195116 0.98078 -0
    outer loop
      vertex 24.747 -6.51519 2
      vertex 24.4263 -6.45139 6.5
      vertex 24.747 -6.51519 6.5
    endloop
  endfacet
  facet normal 0.195116 0.98078 0
    outer loop
      vertex 24.4263 -6.45139 6.5
      vertex 24.747 -6.51519 2
      vertex 24.4263 -6.45139 2
    endloop
  endfacet
  facet normal 0.980784 -0.195099 0
    outer loop
      vertex 26.5148 -9.57705 6.5
      vertex 26.5786 -9.25632 2
      vertex 26.5786 -9.25632 6.5
    endloop
  endfacet
  facet normal 0.980784 -0.195099 0
    outer loop
      vertex 26.5786 -9.25632 2
      vertex 26.5148 -9.57705 6.5
      vertex 26.5148 -9.57705 2
    endloop
  endfacet
  facet normal 0.659262 -0.751913 0
    outer loop
      vertex 25.6219 -10.9134 2
      vertex 25.8678 -10.6978 6.5
      vertex 25.6219 -10.9134 6.5
    endloop
  endfacet
  facet normal 0.659262 -0.751913 0
    outer loop
      vertex 25.8678 -10.6978 6.5
      vertex 25.6219 -10.9134 2
      vertex 25.8678 -10.6978 2
    endloop
  endfacet
  facet normal -0.997857 -0.0654392 0
    outer loop
      vertex 21.6214 -9.25632 2
      vertex 21.6 -8.93 6.5
      vertex 21.6 -8.93 2
    endloop
  endfacet
  facet normal -0.997857 -0.0654392 0
    outer loop
      vertex 21.6 -8.93 6.5
      vertex 21.6214 -9.25632 2
      vertex 21.6214 -9.25632 6.5
    endloop
  endfacet
  facet normal 0.896915 0.442204 0
    outer loop
      vertex 26.4097 -7.97329 6.5
      vertex 26.2651 -7.68 2
      vertex 26.2651 -7.68 6.5
    endloop
  endfacet
  facet normal 0.896915 0.442204 0
    outer loop
      vertex 26.2651 -7.68 2
      vertex 26.4097 -7.97329 6.5
      vertex 26.4097 -7.97329 2
    endloop
  endfacet
  facet normal 0.555617 -0.831438 0
    outer loop
      vertex 25.35 -11.0951 2
      vertex 25.6219 -10.9134 6.5
      vertex 25.35 -11.0951 6.5
    endloop
  endfacet
  facet normal 0.555617 -0.831438 0
    outer loop
      vertex 25.6219 -10.9134 6.5
      vertex 25.35 -11.0951 2
      vertex 25.6219 -10.9134 2
    endloop
  endfacet
  facet normal 0.946944 0.321397 0
    outer loop
      vertex 26.5148 -8.28295 6.5
      vertex 26.4097 -7.97329 2
      vertex 26.4097 -7.97329 6.5
    endloop
  endfacet
  facet normal 0.946944 0.321397 0
    outer loop
      vertex 26.4097 -7.97329 2
      vertex 26.5148 -8.28295 6.5
      vertex 26.5148 -8.28295 2
    endloop
  endfacet
  facet normal -0.195116 0.98078 0
    outer loop
      vertex 23.7737 -6.45139 2
      vertex 23.453 -6.51519 6.5
      vertex 23.7737 -6.45139 6.5
    endloop
  endfacet
  facet normal -0.195116 0.98078 0
    outer loop
      vertex 23.453 -6.51519 6.5
      vertex 23.7737 -6.45139 2
      vertex 23.453 -6.51519 2
    endloop
  endfacet
  facet normal -0.997856 0.0654412 0
    outer loop
      vertex 21.6 -8.93 2
      vertex 21.6214 -8.60369 6.5
      vertex 21.6214 -8.60369 2
    endloop
  endfacet
  facet normal -0.997856 0.0654412 0
    outer loop
      vertex 21.6214 -8.60369 6.5
      vertex 21.6 -8.93 2
      vertex 21.6 -8.93 6.5
    endloop
  endfacet
  facet normal -0.32136 -0.946957 0
    outer loop
      vertex 23.1433 -11.2397 2
      vertex 23.453 -11.3448 6.5
      vertex 23.1433 -11.2397 6.5
    endloop
  endfacet
  facet normal -0.32136 -0.946957 -0
    outer loop
      vertex 23.453 -11.3448 6.5
      vertex 23.1433 -11.2397 2
      vertex 23.453 -11.3448 2
    endloop
  endfacet
  facet normal -0.946944 -0.321397 0
    outer loop
      vertex 21.7903 -9.88671 2
      vertex 21.6852 -9.57705 6.5
      vertex 21.6852 -9.57705 2
    endloop
  endfacet
  facet normal -0.946944 -0.321397 0
    outer loop
      vertex 21.6852 -9.57705 6.5
      vertex 21.7903 -9.88671 2
      vertex 21.7903 -9.88671 6.5
    endloop
  endfacet
  facet normal -0.751913 -0.659262 0
    outer loop
      vertex 22.3322 -10.6978 2
      vertex 22.1166 -10.4519 6.5
      vertex 22.1166 -10.4519 2
    endloop
  endfacet
  facet normal -0.751913 -0.659262 0
    outer loop
      vertex 22.1166 -10.4519 6.5
      vertex 22.3322 -10.6978 2
      vertex 22.3322 -10.6978 6.5
    endloop
  endfacet
  facet normal 0 0 1
    outer loop
      vertex 24.95 -8.93 6.5
      vertex 26.6 -8.92986 6.5
      vertex 26.5786 -8.60369 6.5
    endloop
  endfacet
  facet normal 0 0 1
    outer loop
      vertex 26.6 -8.92986 6.5
      vertex 24.95 -8.93 6.5
      vertex 26.6 -8.93014 6.5
    endloop
  endfacet
  facet normal 0 0 1
    outer loop
      vertex 24.9427 -8.81905 6.5
      vertex 26.5786 -8.60369 6.5
      vertex 26.5148 -8.28295 6.5
    endloop
  endfacet
  facet normal 0 0 1
    outer loop
      vertex 26.6 -8.93014 6.5
      vertex 24.95 -8.93 6.5
      vertex 26.5786 -9.25632 6.5
    endloop
  endfacet
  facet normal 0 0 1
    outer loop
      vertex 24.921 -8.71 6.5
      vertex 26.5148 -8.28295 6.5
      vertex 26.4097 -7.97329 6.5
    endloop
  endfacet
  facet normal -0 0 1
    outer loop
      vertex 24.9427 -9.04095 6.5
      vertex 26.5786 -9.25632 6.5
      vertex 24.95 -8.93 6.5
    endloop
  endfacet
  facet normal 0 0 1
    outer loop
      vertex 24.8853 -8.60472 6.5
      vertex 26.4097 -7.97329 6.5
      vertex 26.2651 -7.68 6.5
    endloop
  endfacet
  facet normal 0 0 1
    outer loop
      vertex 26.5786 -9.25632 6.5
      vertex 24.9427 -9.04095 6.5
      vertex 26.5148 -9.57705 6.5
    endloop
  endfacet
  facet normal 0 0 1
    outer loop
      vertex 24.8361 -8.505 6.5
      vertex 26.2651 -7.68 6.5
      vertex 26.0834 -7.4081 6.5
    endloop
  endfacet
  facet normal -0 0 1
    outer loop
      vertex 24.921 -9.15 6.5
      vertex 26.5148 -9.57705 6.5
      vertex 24.9427 -9.04095 6.5
    endloop
  endfacet
  facet normal 0 0 1
    outer loop
      vertex 24.7743 -8.41255 6.5
      vertex 26.0834 -7.4081 6.5
      vertex 25.8678 -7.16223 6.5
    endloop
  endfacet
  facet normal 0 0 1
    outer loop
      vertex 26.5148 -9.57705 6.5
      vertex 24.921 -9.15 6.5
      vertex 26.4097 -9.88671 6.5
    endloop
  endfacet
  facet normal 0 0 1
    outer loop
      vertex 24.701 -8.32896 6.5
      vertex 25.8678 -7.16223 6.5
      vertex 25.6219 -6.94662 6.5
    endloop
  endfacet
  facet normal -0 0 1
    outer loop
      vertex 24.8853 -9.25528 6.5
      vertex 26.4097 -9.88671 6.5
      vertex 24.921 -9.15 6.5
    endloop
  endfacet
  facet normal 0 0 1
    outer loop
      vertex 24.6174 -8.25565 6.5
      vertex 25.6219 -6.94662 6.5
      vertex 25.35 -6.76494 6.5
    endloop
  endfacet
  facet normal 0 0 1
    outer loop
      vertex 26.4097 -9.88671 6.5
      vertex 24.8853 -9.25528 6.5
      vertex 26.2651 -10.18 6.5
    endloop
  endfacet
  facet normal 0 0 1
    outer loop
      vertex 24.525 -8.19388 6.5
      vertex 25.35 -6.76494 6.5
      vertex 25.0567 -6.6203 6.5
    endloop
  endfacet
  facet normal -0 0 1
    outer loop
      vertex 24.8361 -9.355 6.5
      vertex 26.2651 -10.18 6.5
      vertex 24.8853 -9.25528 6.5
    endloop
  endfacet
  facet normal 0 0 1
    outer loop
      vertex 26.2651 -10.18 6.5
      vertex 24.8361 -9.355 6.5
      vertex 26.0834 -10.4519 6.5
    endloop
  endfacet
  facet normal 0 0 1
    outer loop
      vertex 26.5786 -8.60369 6.5
      vertex 24.9427 -8.81905 6.5
      vertex 24.95 -8.93 6.5
    endloop
  endfacet
  facet normal 0 0 1
    outer loop
      vertex 26.5148 -8.28295 6.5
      vertex 24.921 -8.71 6.5
      vertex 24.9427 -8.81905 6.5
    endloop
  endfacet
  facet normal 0 0 1
    outer loop
      vertex 26.4097 -7.97329 6.5
      vertex 24.8853 -8.60472 6.5
      vertex 24.921 -8.71 6.5
    endloop
  endfacet
  facet normal 0 0 1
    outer loop
      vertex 26.2651 -7.68 6.5
      vertex 24.8361 -8.505 6.5
      vertex 24.8853 -8.60472 6.5
    endloop
  endfacet
  facet normal 0 0 1
    outer loop
      vertex 26.0834 -7.4081 6.5
      vertex 24.7743 -8.41255 6.5
      vertex 24.8361 -8.505 6.5
    endloop
  endfacet
  facet normal 0 0 1
    outer loop
      vertex 24.4253 -8.1447 6.5
      vertex 25.0567 -6.6203 6.5
      vertex 24.747 -6.51519 6.5
    endloop
  endfacet
  facet normal 0 0 1
    outer loop
      vertex 25.8678 -7.16223 6.5
      vertex 24.701 -8.32896 6.5
      vertex 24.7743 -8.41255 6.5
    endloop
  endfacet
  facet normal 0 0 1
    outer loop
      vertex 25.6219 -6.94662 6.5
      vertex 24.6174 -8.25565 6.5
      vertex 24.701 -8.32896 6.5
    endloop
  endfacet
  facet normal 0 0 1
    outer loop
      vertex 25.35 -6.76494 6.5
      vertex 24.525 -8.19388 6.5
      vertex 24.6174 -8.25565 6.5
    endloop
  endfacet
  facet normal 0 0 1
    outer loop
      vertex 24.32 -8.10896 6.5
      vertex 24.747 -6.51519 6.5
      vertex 24.4263 -6.45139 6.5
    endloop
  endfacet
  facet normal 0 0 1
    outer loop
      vertex 25.0567 -6.6203 6.5
      vertex 24.4253 -8.1447 6.5
      vertex 24.525 -8.19388 6.5
    endloop
  endfacet
  facet normal 0 0 1
    outer loop
      vertex 24.747 -6.51519 6.5
      vertex 24.32 -8.10896 6.5
      vertex 24.4253 -8.1447 6.5
    endloop
  endfacet
  facet normal 0 0 1
    outer loop
      vertex 24.4263 -6.45139 6.5
      vertex 24.2109 -8.08727 6.5
      vertex 24.32 -8.10896 6.5
    endloop
  endfacet
  facet normal 0 0 1
    outer loop
      vertex 24.1 -6.43 6.5
      vertex 24.2109 -8.08727 6.5
      vertex 24.4263 -6.45139 6.5
    endloop
  endfacet
  facet normal 0 0 1
    outer loop
      vertex 24.1 -6.43 6.5
      vertex 24.1 -8.08 6.5
      vertex 24.2109 -8.08727 6.5
    endloop
  endfacet
  facet normal 0 0 1
    outer loop
      vertex 24.1 -6.43 6.5
      vertex 23.9891 -8.08727 6.5
      vertex 24.1 -8.08 6.5
    endloop
  endfacet
  facet normal -0 0 1
    outer loop
      vertex 23.7737 -6.45139 6.5
      vertex 23.9891 -8.08727 6.5
      vertex 24.1 -6.43 6.5
    endloop
  endfacet
  facet normal 0 0 1
    outer loop
      vertex 23.9891 -8.08727 6.5
      vertex 23.7737 -6.45139 6.5
      vertex 23.88 -8.10896 6.5
    endloop
  endfacet
  facet normal -0 0 1
    outer loop
      vertex 23.453 -6.51519 6.5
      vertex 23.88 -8.10896 6.5
      vertex 23.7737 -6.45139 6.5
    endloop
  endfacet
  facet normal 0 0 1
    outer loop
      vertex 23.88 -8.10896 6.5
      vertex 23.453 -6.51519 6.5
      vertex 23.7747 -8.1447 6.5
    endloop
  endfacet
  facet normal -0 0 1
    outer loop
      vertex 23.1433 -6.6203 6.5
      vertex 23.7747 -8.1447 6.5
      vertex 23.453 -6.51519 6.5
    endloop
  endfacet
  facet normal 0 0 1
    outer loop
      vertex 23.7747 -8.1447 6.5
      vertex 23.1433 -6.6203 6.5
      vertex 23.675 -8.19388 6.5
    endloop
  endfacet
  facet normal -0 0 1
    outer loop
      vertex 22.85 -6.76494 6.5
      vertex 23.675 -8.19388 6.5
      vertex 23.1433 -6.6203 6.5
    endloop
  endfacet
  facet normal 0 0 1
    outer loop
      vertex 23.675 -8.19388 6.5
      vertex 22.85 -6.76494 6.5
      vertex 23.5826 -8.25565 6.5
    endloop
  endfacet
  facet normal -0 0 1
    outer loop
      vertex 22.5781 -6.94662 6.5
      vertex 23.5826 -8.25565 6.5
      vertex 22.85 -6.76494 6.5
    endloop
  endfacet
  facet normal 0 0 1
    outer loop
      vertex 23.5826 -8.25565 6.5
      vertex 22.5781 -6.94662 6.5
      vertex 23.499 -8.32896 6.5
    endloop
  endfacet
  facet normal -0 0 1
    outer loop
      vertex 22.3322 -7.16223 6.5
      vertex 23.499 -8.32896 6.5
      vertex 22.5781 -6.94662 6.5
    endloop
  endfacet
  facet normal 0 0 1
    outer loop
      vertex 23.499 -8.32896 6.5
      vertex 22.3322 -7.16223 6.5
      vertex 23.4256 -8.41255 6.5
    endloop
  endfacet
  facet normal 0 0 1
    outer loop
      vertex 23.4256 -8.41255 6.5
      vertex 22.1166 -7.4081 6.5
      vertex 23.3639 -8.505 6.5
    endloop
  endfacet
  facet normal -0 0 1
    outer loop
      vertex 22.1166 -7.4081 6.5
      vertex 23.4256 -8.41255 6.5
      vertex 22.3322 -7.16223 6.5
    endloop
  endfacet
  facet normal -0 0 1
    outer loop
      vertex 24.7743 -9.44745 6.5
      vertex 26.0834 -10.4519 6.5
      vertex 24.8361 -9.355 6.5
    endloop
  endfacet
  facet normal 0 0 1
    outer loop
      vertex 26.0834 -10.4519 6.5
      vertex 24.7743 -9.44745 6.5
      vertex 25.8678 -10.6978 6.5
    endloop
  endfacet
  facet normal -0 0 1
    outer loop
      vertex 24.701 -9.53104 6.5
      vertex 25.8678 -10.6978 6.5
      vertex 24.7743 -9.44745 6.5
    endloop
  endfacet
  facet normal 0 0 1
    outer loop
      vertex 25.8678 -10.6978 6.5
      vertex 24.701 -9.53104 6.5
      vertex 25.6219 -10.9134 6.5
    endloop
  endfacet
  facet normal -0 0 1
    outer loop
      vertex 24.6174 -9.60435 6.5
      vertex 25.6219 -10.9134 6.5
      vertex 24.701 -9.53104 6.5
    endloop
  endfacet
  facet normal 0 0 1
    outer loop
      vertex 25.6219 -10.9134 6.5
      vertex 24.6174 -9.60435 6.5
      vertex 25.35 -11.0951 6.5
    endloop
  endfacet
  facet normal -0 0 1
    outer loop
      vertex 24.525 -9.66612 6.5
      vertex 25.35 -11.0951 6.5
      vertex 24.6174 -9.60435 6.5
    endloop
  endfacet
  facet normal 0 0 1
    outer loop
      vertex 25.35 -11.0951 6.5
      vertex 24.525 -9.66612 6.5
      vertex 25.0567 -11.2397 6.5
    endloop
  endfacet
  facet normal -0 0 1
    outer loop
      vertex 24.4253 -9.7153 6.5
      vertex 25.0567 -11.2397 6.5
      vertex 24.525 -9.66612 6.5
    endloop
  endfacet
  facet normal 0 0 1
    outer loop
      vertex 25.0567 -11.2397 6.5
      vertex 24.4253 -9.7153 6.5
      vertex 24.747 -11.3448 6.5
    endloop
  endfacet
  facet normal -0 0 1
    outer loop
      vertex 24.32 -9.75104 6.5
      vertex 24.747 -11.3448 6.5
      vertex 24.4253 -9.7153 6.5
    endloop
  endfacet
  facet normal 0 0 1
    outer loop
      vertex 24.747 -11.3448 6.5
      vertex 24.32 -9.75104 6.5
      vertex 24.4263 -11.4086 6.5
    endloop
  endfacet
  facet normal -0 0 1
    outer loop
      vertex 24.2109 -9.77273 6.5
      vertex 24.4263 -11.4086 6.5
      vertex 24.32 -9.75104 6.5
    endloop
  endfacet
  facet normal -0 0 1
    outer loop
      vertex 24.1 -9.78 6.5
      vertex 24.4263 -11.4086 6.5
      vertex 24.2109 -9.77273 6.5
    endloop
  endfacet
  facet normal 0 0 1
    outer loop
      vertex 24.1 -9.78 6.5
      vertex 24.1 -11.43 6.5
      vertex 24.4263 -11.4086 6.5
    endloop
  endfacet
  facet normal 0 0 1
    outer loop
      vertex 23.9891 -9.77273 6.5
      vertex 24.1 -11.43 6.5
      vertex 24.1 -9.78 6.5
    endloop
  endfacet
  facet normal 0 0 1
    outer loop
      vertex 23.7737 -11.4086 6.5
      vertex 23.9891 -9.77273 6.5
      vertex 23.88 -9.75104 6.5
    endloop
  endfacet
  facet normal 0 0 1
    outer loop
      vertex 23.453 -11.3448 6.5
      vertex 23.88 -9.75104 6.5
      vertex 23.7747 -9.7153 6.5
    endloop
  endfacet
  facet normal 0 0 1
    outer loop
      vertex 23.9891 -9.77273 6.5
      vertex 23.7737 -11.4086 6.5
      vertex 24.1 -11.43 6.5
    endloop
  endfacet
  facet normal 0 0 1
    outer loop
      vertex 23.1433 -11.2397 6.5
      vertex 23.7747 -9.7153 6.5
      vertex 23.675 -9.66612 6.5
    endloop
  endfacet
  facet normal 0 0 1
    outer loop
      vertex 22.85 -11.0951 6.5
      vertex 23.675 -9.66612 6.5
      vertex 23.5826 -9.60435 6.5
    endloop
  endfacet
  facet normal 0 0 1
    outer loop
      vertex 22.5781 -10.9134 6.5
      vertex 23.5826 -9.60435 6.5
      vertex 23.499 -9.53104 6.5
    endloop
  endfacet
  facet normal 0 0 1
    outer loop
      vertex 23.88 -9.75104 6.5
      vertex 23.453 -11.3448 6.5
      vertex 23.7737 -11.4086 6.5
    endloop
  endfacet
  facet normal 0 0 1
    outer loop
      vertex 22.3322 -10.6978 6.5
      vertex 23.499 -9.53104 6.5
      vertex 23.4256 -9.44745 6.5
    endloop
  endfacet
  facet normal 0 0 1
    outer loop
      vertex 22.1166 -10.4519 6.5
      vertex 23.4256 -9.44745 6.5
      vertex 23.3639 -9.355 6.5
    endloop
  endfacet
  facet normal 0 0 1
    outer loop
      vertex 21.9349 -10.18 6.5
      vertex 23.3639 -9.355 6.5
      vertex 23.3147 -9.25528 6.5
    endloop
  endfacet
  facet normal 0 0 1
    outer loop
      vertex 21.7903 -9.88671 6.5
      vertex 23.3147 -9.25528 6.5
      vertex 23.279 -9.15 6.5
    endloop
  endfacet
  facet normal 0 0 1
    outer loop
      vertex 21.6852 -9.57705 6.5
      vertex 23.279 -9.15 6.5
      vertex 23.2573 -9.04095 6.5
    endloop
  endfacet
  facet normal 0 0 1
    outer loop
      vertex 23.7747 -9.7153 6.5
      vertex 23.1433 -11.2397 6.5
      vertex 23.453 -11.3448 6.5
    endloop
  endfacet
  facet normal 0 0 1
    outer loop
      vertex 21.6214 -9.25632 6.5
      vertex 23.2573 -9.04095 6.5
      vertex 23.25 -8.93 6.5
    endloop
  endfacet
  facet normal -0 0 1
    outer loop
      vertex 21.9349 -7.68 6.5
      vertex 23.3639 -8.505 6.5
      vertex 22.1166 -7.4081 6.5
    endloop
  endfacet
  facet normal 0 0 1
    outer loop
      vertex 23.3639 -8.505 6.5
      vertex 21.9349 -7.68 6.5
      vertex 23.3147 -8.60472 6.5
    endloop
  endfacet
  facet normal 0 0 1
    outer loop
      vertex 23.675 -9.66612 6.5
      vertex 22.85 -11.0951 6.5
      vertex 23.1433 -11.2397 6.5
    endloop
  endfacet
  facet normal -0 0 1
    outer loop
      vertex 21.7903 -7.97329 6.5
      vertex 23.3147 -8.60472 6.5
      vertex 21.9349 -7.68 6.5
    endloop
  endfacet
  facet normal 0 0 1
    outer loop
      vertex 23.5826 -9.60435 6.5
      vertex 22.5781 -10.9134 6.5
      vertex 22.85 -11.0951 6.5
    endloop
  endfacet
  facet normal 0 0 1
    outer loop
      vertex 23.3147 -8.60472 6.5
      vertex 21.7903 -7.97329 6.5
      vertex 23.279 -8.71 6.5
    endloop
  endfacet
  facet normal 0 0 1
    outer loop
      vertex 23.499 -9.53104 6.5
      vertex 22.3322 -10.6978 6.5
      vertex 22.5781 -10.9134 6.5
    endloop
  endfacet
  facet normal -0 0 1
    outer loop
      vertex 21.6852 -8.28295 6.5
      vertex 23.279 -8.71 6.5
      vertex 21.7903 -7.97329 6.5
    endloop
  endfacet
  facet normal 0 0 1
    outer loop
      vertex 23.4256 -9.44745 6.5
      vertex 22.1166 -10.4519 6.5
      vertex 22.3322 -10.6978 6.5
    endloop
  endfacet
  facet normal 0 0 1
    outer loop
      vertex 23.279 -8.71 6.5
      vertex 21.6852 -8.28295 6.5
      vertex 23.2573 -8.81905 6.5
    endloop
  endfacet
  facet normal 0 0 1
    outer loop
      vertex 23.3639 -9.355 6.5
      vertex 21.9349 -10.18 6.5
      vertex 22.1166 -10.4519 6.5
    endloop
  endfacet
  facet normal -0 0 1
    outer loop
      vertex 21.6214 -8.60369 6.5
      vertex 23.2573 -8.81905 6.5
      vertex 21.6852 -8.28295 6.5
    endloop
  endfacet
  facet normal 0 0 1
    outer loop
      vertex 23.3147 -9.25528 6.5
      vertex 21.7903 -9.88671 6.5
      vertex 21.9349 -10.18 6.5
    endloop
  endfacet
  facet normal 0 0 1
    outer loop
      vertex 23.2573 -8.81905 6.5
      vertex 21.6214 -8.60369 6.5
      vertex 23.25 -8.93 6.5
    endloop
  endfacet
  facet normal 0 0 1
    outer loop
      vertex 23.279 -9.15 6.5
      vertex 21.6852 -9.57705 6.5
      vertex 21.7903 -9.88671 6.5
    endloop
  endfacet
  facet normal 0 0 1
    outer loop
      vertex 21.6 -8.93 6.5
      vertex 23.25 -8.93 6.5
      vertex 21.6214 -8.60369 6.5
    endloop
  endfacet
  facet normal 0 0 1
    outer loop
      vertex 23.2573 -9.04095 6.5
      vertex 21.6214 -9.25632 6.5
      vertex 21.6852 -9.57705 6.5
    endloop
  endfacet
  facet normal 0 0 1
    outer loop
      vertex 23.25 -8.93 6.5
      vertex 21.6 -8.93 6.5
      vertex 21.6214 -9.25632 6.5
    endloop
  endfacet
  facet normal -0.831438 0.555617 0
    outer loop
      vertex 21.9349 -7.68 2
      vertex 22.1166 -7.4081 6.5
      vertex 22.1166 -7.4081 2
    endloop
  endfacet
  facet normal -0.831438 0.555617 0
    outer loop
      vertex 22.1166 -7.4081 6.5
      vertex 21.9349 -7.68 2
      vertex 21.9349 -7.68 6.5
    endloop
  endfacet
  facet normal -0.194992 -0.980805 0
    outer loop
      vertex 24.2109 -8.08727 2
      vertex 24.32 -8.10896 6.5
      vertex 24.2109 -8.08727 6.5
    endloop
  endfacet
  facet normal -0.194992 -0.980805 -0
    outer loop
      vertex 24.32 -8.10896 6.5
      vertex 24.2109 -8.08727 2
      vertex 24.32 -8.10896 2
    endloop
  endfacet
  facet normal -0.98077 -0.195165 0
    outer loop
      vertex 24.9427 -8.81905 2
      vertex 24.921 -8.71 6.5
      vertex 24.921 -8.71 2
    endloop
  endfacet
  facet normal -0.98077 -0.195165 0
    outer loop
      vertex 24.921 -8.71 6.5
      vertex 24.9427 -8.81905 2
      vertex 24.9427 -8.81905 6.5
    endloop
  endfacet
  facet normal -0.997842 -0.0656534 0
    outer loop
      vertex 24.95 -8.93 2
      vertex 24.9427 -8.81905 6.5
      vertex 24.9427 -8.81905 2
    endloop
  endfacet
  facet normal -0.997842 -0.0656534 0
    outer loop
      vertex 24.9427 -8.81905 6.5
      vertex 24.95 -8.93 2
      vertex 24.95 -8.93 6.5
    endloop
  endfacet
  facet normal -0.947033 -0.321135 0
    outer loop
      vertex 24.921 -8.71 2
      vertex 24.8853 -8.60472 6.5
      vertex 24.8853 -8.60472 2
    endloop
  endfacet
  facet normal -0.947033 -0.321135 0
    outer loop
      vertex 24.8853 -8.60472 6.5
      vertex 24.921 -8.71 2
      vertex 24.921 -8.71 6.5
    endloop
  endfacet
  facet normal -0.831358 -0.555737 0
    outer loop
      vertex 24.8361 -8.505 2
      vertex 24.7743 -8.41255 6.5
      vertex 24.7743 -8.41255 2
    endloop
  endfacet
  facet normal -0.831358 -0.555737 0
    outer loop
      vertex 24.7743 -8.41255 6.5
      vertex 24.8361 -8.505 2
      vertex 24.8361 -8.505 6.5
    endloop
  endfacet
  facet normal -0.321403 -0.946943 0
    outer loop
      vertex 24.32 -8.10896 2
      vertex 24.4253 -8.1447 6.5
      vertex 24.32 -8.10896 6.5
    endloop
  endfacet
  facet normal -0.321403 -0.946943 -0
    outer loop
      vertex 24.4253 -8.1447 6.5
      vertex 24.32 -8.10896 2
      vertex 24.4253 -8.1447 2
    endloop
  endfacet
  facet normal 0.98077 0.195165 0
    outer loop
      vertex 23.279 -9.15 6.5
      vertex 23.2573 -9.04095 2
      vertex 23.2573 -9.04095 6.5
    endloop
  endfacet
  facet normal 0.98077 0.195165 0
    outer loop
      vertex 23.2573 -9.04095 2
      vertex 23.279 -9.15 6.5
      vertex 23.279 -9.15 2
    endloop
  endfacet
  facet normal -0.997842 0.0656534 0
    outer loop
      vertex 24.9427 -9.04095 2
      vertex 24.95 -8.93 6.5
      vertex 24.95 -8.93 2
    endloop
  endfacet
  facet normal -0.997842 0.0656534 0
    outer loop
      vertex 24.95 -8.93 6.5
      vertex 24.9427 -9.04095 2
      vertex 24.9427 -9.04095 6.5
    endloop
  endfacet
  facet normal 0.997842 0.0656534 0
    outer loop
      vertex 23.2573 -9.04095 6.5
      vertex 23.25 -8.93 2
      vertex 23.25 -8.93 6.5
    endloop
  endfacet
  facet normal 0.997842 0.0656534 0
    outer loop
      vertex 23.25 -8.93 2
      vertex 23.2573 -9.04095 6.5
      vertex 23.2573 -9.04095 2
    endloop
  endfacet
  facet normal 0.321403 0.946943 -0
    outer loop
      vertex 23.88 -9.75104 2
      vertex 23.7747 -9.7153 6.5
      vertex 23.88 -9.75104 6.5
    endloop
  endfacet
  facet normal 0.321403 0.946943 0
    outer loop
      vertex 23.7747 -9.7153 6.5
      vertex 23.88 -9.75104 2
      vertex 23.7747 -9.7153 2
    endloop
  endfacet
  facet normal -0.896789 -0.442459 0
    outer loop
      vertex 24.8853 -8.60472 2
      vertex 24.8361 -8.505 6.5
      vertex 24.8361 -8.505 2
    endloop
  endfacet
  facet normal -0.896789 -0.442459 0
    outer loop
      vertex 24.8361 -8.505 6.5
      vertex 24.8853 -8.60472 2
      vertex 24.8853 -8.60472 6.5
    endloop
  endfacet
  facet normal -0.751869 -0.659313 0
    outer loop
      vertex 24.7743 -8.41255 2
      vertex 24.701 -8.32896 6.5
      vertex 24.701 -8.32896 2
    endloop
  endfacet
  facet normal -0.751869 -0.659313 0
    outer loop
      vertex 24.701 -8.32896 6.5
      vertex 24.7743 -8.41255 2
      vertex 24.7743 -8.41255 6.5
    endloop
  endfacet
  facet normal -0.947033 0.321135 0
    outer loop
      vertex 24.8853 -9.25528 2
      vertex 24.921 -9.15 6.5
      vertex 24.921 -9.15 2
    endloop
  endfacet
  facet normal -0.947033 0.321135 0
    outer loop
      vertex 24.921 -9.15 6.5
      vertex 24.8853 -9.25528 2
      vertex 24.8853 -9.25528 6.5
    endloop
  endfacet
  facet normal 0.751423 0.659821 0
    outer loop
      vertex 23.499 -9.53104 6.5
      vertex 23.4256 -9.44745 2
      vertex 23.4256 -9.44745 6.5
    endloop
  endfacet
  facet normal 0.751423 0.659821 0
    outer loop
      vertex 23.4256 -9.44745 2
      vertex 23.499 -9.53104 6.5
      vertex 23.499 -9.53104 2
    endloop
  endfacet
  facet normal -0.98077 0.195165 0
    outer loop
      vertex 24.921 -9.15 2
      vertex 24.9427 -9.04095 6.5
      vertex 24.9427 -9.04095 2
    endloop
  endfacet
  facet normal -0.98077 0.195165 0
    outer loop
      vertex 24.9427 -9.04095 6.5
      vertex 24.921 -9.15 2
      vertex 24.921 -9.15 6.5
    endloop
  endfacet
  facet normal -0.0654141 0.997858 0
    outer loop
      vertex 24.2109 -9.77273 2
      vertex 24.1 -9.78 6.5
      vertex 24.2109 -9.77273 6.5
    endloop
  endfacet
  facet normal -0.0654141 0.997858 0
    outer loop
      vertex 24.1 -9.78 6.5
      vertex 24.2109 -9.77273 2
      vertex 24.1 -9.78 2
    endloop
  endfacet
  facet normal 0.947033 0.321135 0
    outer loop
      vertex 23.3147 -9.25528 6.5
      vertex 23.279 -9.15 2
      vertex 23.279 -9.15 6.5
    endloop
  endfacet
  facet normal 0.947033 0.321135 0
    outer loop
      vertex 23.279 -9.15 2
      vertex 23.3147 -9.25528 6.5
      vertex 23.3147 -9.25528 2
    endloop
  endfacet
  facet normal -0.831358 0.555737 0
    outer loop
      vertex 24.7743 -9.44745 2
      vertex 24.8361 -9.355 6.5
      vertex 24.8361 -9.355 2
    endloop
  endfacet
  facet normal -0.831358 0.555737 0
    outer loop
      vertex 24.8361 -9.355 6.5
      vertex 24.7743 -9.44745 2
      vertex 24.7743 -9.44745 6.5
    endloop
  endfacet
  facet normal -0.442386 -0.896825 0
    outer loop
      vertex 24.4253 -8.1447 2
      vertex 24.525 -8.19388 6.5
      vertex 24.4253 -8.1447 6.5
    endloop
  endfacet
  facet normal -0.442386 -0.896825 -0
    outer loop
      vertex 24.525 -8.19388 6.5
      vertex 24.4253 -8.1447 2
      vertex 24.525 -8.19388 2
    endloop
  endfacet
  facet normal 0.442386 -0.896825 0
    outer loop
      vertex 23.675 -8.19388 2
      vertex 23.7747 -8.1447 6.5
      vertex 23.675 -8.19388 6.5
    endloop
  endfacet
  facet normal 0.442386 -0.896825 0
    outer loop
      vertex 23.7747 -8.1447 6.5
      vertex 23.675 -8.19388 2
      vertex 23.7747 -8.1447 2
    endloop
  endfacet
  facet normal -0.442386 0.896825 0
    outer loop
      vertex 24.525 -9.66612 2
      vertex 24.4253 -9.7153 6.5
      vertex 24.525 -9.66612 6.5
    endloop
  endfacet
  facet normal -0.442386 0.896825 0
    outer loop
      vertex 24.4253 -9.7153 6.5
      vertex 24.525 -9.66612 2
      vertex 24.4253 -9.7153 2
    endloop
  endfacet
  facet normal -0.321403 0.946943 0
    outer loop
      vertex 24.4253 -9.7153 2
      vertex 24.32 -9.75104 6.5
      vertex 24.4253 -9.7153 6.5
    endloop
  endfacet
  facet normal -0.321403 0.946943 0
    outer loop
      vertex 24.32 -9.75104 6.5
      vertex 24.4253 -9.7153 2
      vertex 24.32 -9.75104 2
    endloop
  endfacet
  facet normal 0.194992 0.980805 -0
    outer loop
      vertex 23.9891 -9.77273 2
      vertex 23.88 -9.75104 6.5
      vertex 23.9891 -9.77273 6.5
    endloop
  endfacet
  facet normal 0.194992 0.980805 0
    outer loop
      vertex 23.88 -9.75104 6.5
      vertex 23.9891 -9.77273 2
      vertex 23.88 -9.75104 2
    endloop
  endfacet
  facet normal 0.947033 -0.321135 0
    outer loop
      vertex 23.279 -8.71 6.5
      vertex 23.3147 -8.60472 2
      vertex 23.3147 -8.60472 6.5
    endloop
  endfacet
  facet normal 0.947033 -0.321135 0
    outer loop
      vertex 23.3147 -8.60472 2
      vertex 23.279 -8.71 6.5
      vertex 23.279 -8.71 2
    endloop
  endfacet
  facet normal 0.194992 -0.980805 0
    outer loop
      vertex 23.88 -8.10896 2
      vertex 23.9891 -8.08727 6.5
      vertex 23.88 -8.10896 6.5
    endloop
  endfacet
  facet normal 0.194992 -0.980805 0
    outer loop
      vertex 23.9891 -8.08727 6.5
      vertex 23.88 -8.10896 2
      vertex 23.9891 -8.08727 2
    endloop
  endfacet
  facet normal 0.555759 -0.831344 0
    outer loop
      vertex 23.5826 -8.25565 2
      vertex 23.675 -8.19388 6.5
      vertex 23.5826 -8.25565 6.5
    endloop
  endfacet
  facet normal 0.555759 -0.831344 0
    outer loop
      vertex 23.675 -8.19388 6.5
      vertex 23.5826 -8.25565 2
      vertex 23.675 -8.19388 2
    endloop
  endfacet
  facet normal -0.555759 0.831344 0
    outer loop
      vertex 24.6174 -9.60435 2
      vertex 24.525 -9.66612 6.5
      vertex 24.6174 -9.60435 6.5
    endloop
  endfacet
  facet normal -0.555759 0.831344 0
    outer loop
      vertex 24.525 -9.66612 6.5
      vertex 24.6174 -9.60435 2
      vertex 24.525 -9.66612 2
    endloop
  endfacet
  facet normal -0.194992 0.980805 0
    outer loop
      vertex 24.32 -9.75104 2
      vertex 24.2109 -9.77273 6.5
      vertex 24.32 -9.75104 6.5
    endloop
  endfacet
  facet normal -0.194992 0.980805 0
    outer loop
      vertex 24.2109 -9.77273 6.5
      vertex 24.32 -9.75104 2
      vertex 24.2109 -9.77273 2
    endloop
  endfacet
  facet normal 0.896789 -0.442459 0
    outer loop
      vertex 23.3147 -8.60472 6.5
      vertex 23.3639 -8.505 2
      vertex 23.3639 -8.505 6.5
    endloop
  endfacet
  facet normal 0.896789 -0.442459 0
    outer loop
      vertex 23.3639 -8.505 2
      vertex 23.3147 -8.60472 6.5
      vertex 23.3147 -8.60472 2
    endloop
  endfacet
  facet normal 0.831773 -0.555115 0
    outer loop
      vertex 23.3639 -8.505 6.5
      vertex 23.4256 -8.41255 2
      vertex 23.4256 -8.41255 6.5
    endloop
  endfacet
  facet normal 0.831773 -0.555115 0
    outer loop
      vertex 23.4256 -8.41255 2
      vertex 23.3639 -8.505 6.5
      vertex 23.3639 -8.505 2
    endloop
  endfacet
  facet normal 0.0654141 0.997858 -0
    outer loop
      vertex 24.1 -9.78 2
      vertex 23.9891 -9.77273 6.5
      vertex 24.1 -9.78 6.5
    endloop
  endfacet
  facet normal 0.0654141 0.997858 0
    outer loop
      vertex 23.9891 -9.77273 6.5
      vertex 24.1 -9.78 2
      vertex 23.9891 -9.77273 2
    endloop
  endfacet
  facet normal 0.659319 -0.751863 0
    outer loop
      vertex 23.499 -8.32896 2
      vertex 23.5826 -8.25565 6.5
      vertex 23.499 -8.32896 6.5
    endloop
  endfacet
  facet normal 0.659319 -0.751863 0
    outer loop
      vertex 23.5826 -8.25565 6.5
      vertex 23.499 -8.32896 2
      vertex 23.5826 -8.25565 2
    endloop
  endfacet
  facet normal 0.659319 0.751863 -0
    outer loop
      vertex 23.5826 -9.60435 2
      vertex 23.499 -9.53104 6.5
      vertex 23.5826 -9.60435 6.5
    endloop
  endfacet
  facet normal 0.659319 0.751863 0
    outer loop
      vertex 23.499 -9.53104 6.5
      vertex 23.5826 -9.60435 2
      vertex 23.499 -9.53104 2
    endloop
  endfacet
  facet normal 0.751423 -0.659821 0
    outer loop
      vertex 23.4256 -8.41255 6.5
      vertex 23.499 -8.32896 2
      vertex 23.499 -8.32896 6.5
    endloop
  endfacet
  facet normal 0.751423 -0.659821 0
    outer loop
      vertex 23.499 -8.32896 2
      vertex 23.4256 -8.41255 6.5
      vertex 23.4256 -8.41255 2
    endloop
  endfacet
  facet normal -0.751869 0.659313 0
    outer loop
      vertex 24.701 -9.53104 2
      vertex 24.7743 -9.44745 6.5
      vertex 24.7743 -9.44745 2
    endloop
  endfacet
  facet normal -0.751869 0.659313 0
    outer loop
      vertex 24.7743 -9.44745 6.5
      vertex 24.701 -9.53104 2
      vertex 24.701 -9.53104 6.5
    endloop
  endfacet
  facet normal -0.896789 0.442459 0
    outer loop
      vertex 24.8361 -9.355 2
      vertex 24.8853 -9.25528 6.5
      vertex 24.8853 -9.25528 2
    endloop
  endfacet
  facet normal -0.896789 0.442459 0
    outer loop
      vertex 24.8853 -9.25528 6.5
      vertex 24.8361 -9.355 2
      vertex 24.8361 -9.355 6.5
    endloop
  endfacet
  facet normal 0.555759 0.831344 -0
    outer loop
      vertex 23.675 -9.66612 2
      vertex 23.5826 -9.60435 6.5
      vertex 23.675 -9.66612 6.5
    endloop
  endfacet
  facet normal 0.555759 0.831344 0
    outer loop
      vertex 23.5826 -9.60435 6.5
      vertex 23.675 -9.66612 2
      vertex 23.5826 -9.60435 2
    endloop
  endfacet
  facet normal 0.98077 -0.195165 0
    outer loop
      vertex 23.2573 -8.81905 6.5
      vertex 23.279 -8.71 2
      vertex 23.279 -8.71 6.5
    endloop
  endfacet
  facet normal 0.98077 -0.195165 0
    outer loop
      vertex 23.279 -8.71 2
      vertex 23.2573 -8.81905 6.5
      vertex 23.2573 -8.81905 2
    endloop
  endfacet
  facet normal -0.0654141 -0.997858 0
    outer loop
      vertex 24.1 -8.08 2
      vertex 24.2109 -8.08727 6.5
      vertex 24.1 -8.08 6.5
    endloop
  endfacet
  facet normal -0.0654141 -0.997858 -0
    outer loop
      vertex 24.2109 -8.08727 6.5
      vertex 24.1 -8.08 2
      vertex 24.2109 -8.08727 2
    endloop
  endfacet
  facet normal -0.555759 -0.831344 0
    outer loop
      vertex 24.525 -8.19388 2
      vertex 24.6174 -8.25565 6.5
      vertex 24.525 -8.19388 6.5
    endloop
  endfacet
  facet normal -0.555759 -0.831344 -0
    outer loop
      vertex 24.6174 -8.25565 6.5
      vertex 24.525 -8.19388 2
      vertex 24.6174 -8.25565 2
    endloop
  endfacet
  facet normal 0.321403 -0.946943 0
    outer loop
      vertex 23.7747 -8.1447 2
      vertex 23.88 -8.10896 6.5
      vertex 23.7747 -8.1447 6.5
    endloop
  endfacet
  facet normal 0.321403 -0.946943 0
    outer loop
      vertex 23.88 -8.10896 6.5
      vertex 23.7747 -8.1447 2
      vertex 23.88 -8.10896 2
    endloop
  endfacet
  facet normal 0.0654141 -0.997858 0
    outer loop
      vertex 23.9891 -8.08727 2
      vertex 24.1 -8.08 6.5
      vertex 23.9891 -8.08727 6.5
    endloop
  endfacet
  facet normal 0.0654141 -0.997858 0
    outer loop
      vertex 24.1 -8.08 6.5
      vertex 23.9891 -8.08727 2
      vertex 24.1 -8.08 2
    endloop
  endfacet
  facet normal 0.997842 -0.0656534 0
    outer loop
      vertex 23.25 -8.93 6.5
      vertex 23.2573 -8.81905 2
      vertex 23.2573 -8.81905 6.5
    endloop
  endfacet
  facet normal 0.997842 -0.0656534 0
    outer loop
      vertex 23.2573 -8.81905 2
      vertex 23.25 -8.93 6.5
      vertex 23.25 -8.93 2
    endloop
  endfacet
  facet normal -0.659319 -0.751863 0
    outer loop
      vertex 24.6174 -8.25565 2
      vertex 24.701 -8.32896 6.5
      vertex 24.6174 -8.25565 6.5
    endloop
  endfacet
  facet normal -0.659319 -0.751863 -0
    outer loop
      vertex 24.701 -8.32896 6.5
      vertex 24.6174 -8.25565 2
      vertex 24.701 -8.32896 2
    endloop
  endfacet
  facet normal 0.896789 0.442459 0
    outer loop
      vertex 23.3639 -9.355 6.5
      vertex 23.3147 -9.25528 2
      vertex 23.3147 -9.25528 6.5
    endloop
  endfacet
  facet normal 0.896789 0.442459 0
    outer loop
      vertex 23.3147 -9.25528 2
      vertex 23.3639 -9.355 6.5
      vertex 23.3639 -9.355 2
    endloop
  endfacet
  facet normal 0.442386 0.896825 -0
    outer loop
      vertex 23.7747 -9.7153 2
      vertex 23.675 -9.66612 6.5
      vertex 23.7747 -9.7153 6.5
    endloop
  endfacet
  facet normal 0.442386 0.896825 0
    outer loop
      vertex 23.675 -9.66612 6.5
      vertex 23.7747 -9.7153 2
      vertex 23.675 -9.66612 2
    endloop
  endfacet
  facet normal -0.659319 0.751863 0
    outer loop
      vertex 24.701 -9.53104 2
      vertex 24.6174 -9.60435 6.5
      vertex 24.701 -9.53104 6.5
    endloop
  endfacet
  facet normal -0.659319 0.751863 0
    outer loop
      vertex 24.6174 -9.60435 6.5
      vertex 24.701 -9.53104 2
      vertex 24.6174 -9.60435 2
    endloop
  endfacet
  facet normal 0.831773 0.555115 0
    outer loop
      vertex 23.4256 -9.44745 6.5
      vertex 23.3639 -9.355 2
      vertex 23.3639 -9.355 6.5
    endloop
  endfacet
  facet normal 0.831773 0.555115 0
    outer loop
      vertex 23.3639 -9.355 2
      vertex 23.4256 -9.44745 6.5
      vertex 23.4256 -9.44745 2
    endloop
  endfacet
  facet normal -0.32136 0.946957 0
    outer loop
      vertex 23.453 11.3448 2
      vertex 23.1433 11.2397 6.5
      vertex 23.453 11.3448 6.5
    endloop
  endfacet
  facet normal -0.32136 0.946957 0
    outer loop
      vertex 23.1433 11.2397 6.5
      vertex 23.453 11.3448 2
      vertex 23.1433 11.2397 2
    endloop
  endfacet
  facet normal 0.980784 0.195099 0
    outer loop
      vertex 26.5786 9.25632 6.5
      vertex 26.5148 9.57705 2
      vertex 26.5148 9.57705 6.5
    endloop
  endfacet
  facet normal 0.980784 0.195099 0
    outer loop
      vertex 26.5148 9.57705 2
      vertex 26.5786 9.25632 6.5
      vertex 26.5786 9.25632 2
    endloop
  endfacet
  facet normal 0.997855 0.0654672 0
    outer loop
      vertex 26.6 8.93014 6.5
      vertex 26.5786 9.25632 2
      vertex 26.5786 9.25632 6.5
    endloop
  endfacet
  facet normal 0.997855 0.0654672 0
    outer loop
      vertex 26.5786 9.25632 2
      vertex 26.6 8.93014 6.5
      vertex 26.6 8.93014 2
    endloop
  endfacet
  facet normal -0.980784 0.195099 0
    outer loop
      vertex 21.6214 9.25632 2
      vertex 21.6852 9.57705 6.5
      vertex 21.6852 9.57705 2
    endloop
  endfacet
  facet normal -0.980784 0.195099 0
    outer loop
      vertex 21.6852 9.57705 6.5
      vertex 21.6214 9.25632 2
      vertex 21.6214 9.25632 6.5
    endloop
  endfacet
  facet normal 0.0654432 0.997856 -0
    outer loop
      vertex 24.4263 11.4086 2
      vertex 24.1 11.43 6.5
      vertex 24.4263 11.4086 6.5
    endloop
  endfacet
  facet normal 0.0654432 0.997856 0
    outer loop
      vertex 24.1 11.43 6.5
      vertex 24.4263 11.4086 2
      vertex 24.1 11.43 2
    endloop
  endfacet
  facet normal -0.896915 0.442204 0
    outer loop
      vertex 21.7903 9.88671 2
      vertex 21.9349 10.18 6.5
      vertex 21.9349 10.18 2
    endloop
  endfacet
  facet normal -0.896915 0.442204 0
    outer loop
      vertex 21.9349 10.18 6.5
      vertex 21.7903 9.88671 2
      vertex 21.7903 9.88671 6.5
    endloop
  endfacet
  facet normal 0.831438 0.555617 0
    outer loop
      vertex 26.2651 10.18 6.5
      vertex 26.0834 10.4519 2
      vertex 26.0834 10.4519 6.5
    endloop
  endfacet
  facet normal 0.831438 0.555617 0
    outer loop
      vertex 26.0834 10.4519 2
      vertex 26.2651 10.18 6.5
      vertex 26.2651 10.18 2
    endloop
  endfacet
  facet normal 0.659262 0.751913 -0
    outer loop
      vertex 25.8678 10.6978 2
      vertex 25.6219 10.9134 6.5
      vertex 25.8678 10.6978 6.5
    endloop
  endfacet
  facet normal 0.659262 0.751913 0
    outer loop
      vertex 25.6219 10.9134 6.5
      vertex 25.8678 10.6978 2
      vertex 25.6219 10.9134 2
    endloop
  endfacet
  facet normal -0.44229 -0.896872 0
    outer loop
      vertex 22.85 6.76494 2
      vertex 23.1433 6.6203 6.5
      vertex 22.85 6.76494 6.5
    endloop
  endfacet
  facet normal -0.44229 -0.896872 -0
    outer loop
      vertex 23.1433 6.6203 6.5
      vertex 22.85 6.76494 2
      vertex 23.1433 6.6203 2
    endloop
  endfacet
  facet normal 0.997855 -0.0654692 0
    outer loop
      vertex 26.5786 8.60369 6.5
      vertex 26.6 8.92986 2
      vertex 26.6 8.92986 6.5
    endloop
  endfacet
  facet normal 0.997855 -0.0654692 0
    outer loop
      vertex 26.6 8.92986 2
      vertex 26.5786 8.60369 6.5
      vertex 26.5786 8.60369 2
    endloop
  endfacet
  facet normal 0.751913 0.659262 0
    outer loop
      vertex 26.0834 10.4519 6.5
      vertex 25.8678 10.6978 2
      vertex 25.8678 10.6978 6.5
    endloop
  endfacet
  facet normal 0.751913 0.659262 0
    outer loop
      vertex 25.8678 10.6978 2
      vertex 26.0834 10.4519 6.5
      vertex 26.0834 10.4519 2
    endloop
  endfacet
  facet normal 0.32136 0.946957 -0
    outer loop
      vertex 25.0567 11.2397 2
      vertex 24.747 11.3448 6.5
      vertex 25.0567 11.2397 6.5
    endloop
  endfacet
  facet normal 0.32136 0.946957 0
    outer loop
      vertex 24.747 11.3448 6.5
      vertex 25.0567 11.2397 2
      vertex 24.747 11.3448 2
    endloop
  endfacet
  facet normal -0.555575 -0.831466 0
    outer loop
      vertex 22.5781 6.94662 2
      vertex 22.85 6.76494 6.5
      vertex 22.5781 6.94662 6.5
    endloop
  endfacet
  facet normal -0.555575 -0.831466 -0
    outer loop
      vertex 22.85 6.76494 6.5
      vertex 22.5781 6.94662 2
      vertex 22.85 6.76494 2
    endloop
  endfacet
  facet normal -0.831438 -0.555617 0
    outer loop
      vertex 22.1166 7.4081 2
      vertex 21.9349 7.68 6.5
      vertex 21.9349 7.68 2
    endloop
  endfacet
  facet normal -0.831438 -0.555617 0
    outer loop
      vertex 21.9349 7.68 6.5
      vertex 22.1166 7.4081 2
      vertex 22.1166 7.4081 6.5
    endloop
  endfacet
  facet normal 0.0654128 -0.997858 0
    outer loop
      vertex 24.1 6.43 2
      vertex 24.4263 6.45139 6.5
      vertex 24.1 6.43 6.5
    endloop
  endfacet
  facet normal 0.0654128 -0.997858 0
    outer loop
      vertex 24.4263 6.45139 6.5
      vertex 24.1 6.43 2
      vertex 24.4263 6.45139 2
    endloop
  endfacet
  facet normal 0.321387 -0.946948 0
    outer loop
      vertex 24.747 6.51519 2
      vertex 25.0567 6.6203 6.5
      vertex 24.747 6.51519 6.5
    endloop
  endfacet
  facet normal 0.321387 -0.946948 0
    outer loop
      vertex 25.0567 6.6203 6.5
      vertex 24.747 6.51519 2
      vertex 25.0567 6.6203 2
    endloop
  endfacet
  facet normal -0.0654128 -0.997858 0
    outer loop
      vertex 23.7737 6.45139 2
      vertex 24.1 6.43 6.5
      vertex 23.7737 6.45139 6.5
    endloop
  endfacet
  facet normal -0.0654128 -0.997858 -0
    outer loop
      vertex 24.1 6.43 6.5
      vertex 23.7737 6.45139 2
      vertex 24.1 6.43 2
    endloop
  endfacet
  facet normal 0.44229 -0.896872 0
    outer loop
      vertex 25.0567 6.6203 2
      vertex 25.35 6.76494 6.5
      vertex 25.0567 6.6203 6.5
    endloop
  endfacet
  facet normal 0.44229 -0.896872 0
    outer loop
      vertex 25.35 6.76494 6.5
      vertex 25.0567 6.6203 2
      vertex 25.35 6.76494 2
    endloop
  endfacet
  facet normal -0.751913 0.659262 0
    outer loop
      vertex 22.1166 10.4519 2
      vertex 22.3322 10.6978 6.5
      vertex 22.3322 10.6978 2
    endloop
  endfacet
  facet normal -0.751913 0.659262 0
    outer loop
      vertex 22.3322 10.6978 6.5
      vertex 22.1166 10.4519 2
      vertex 22.1166 10.4519 6.5
    endloop
  endfacet
  facet normal 0.442191 0.896921 -0
    outer loop
      vertex 25.35 11.0951 2
      vertex 25.0567 11.2397 6.5
      vertex 25.35 11.0951 6.5
    endloop
  endfacet
  facet normal 0.442191 0.896921 0
    outer loop
      vertex 25.0567 11.2397 6.5
      vertex 25.35 11.0951 2
      vertex 25.0567 11.2397 2
    endloop
  endfacet
  facet normal -0.442191 0.896921 0
    outer loop
      vertex 23.1433 11.2397 2
      vertex 22.85 11.0951 6.5
      vertex 23.1433 11.2397 6.5
    endloop
  endfacet
  facet normal -0.442191 0.896921 0
    outer loop
      vertex 22.85 11.0951 6.5
      vertex 23.1433 11.2397 2
      vertex 22.85 11.0951 2
    endloop
  endfacet
  facet normal 0.751873 -0.659307 0
    outer loop
      vertex 25.8678 7.16223 6.5
      vertex 26.0834 7.4081 2
      vertex 26.0834 7.4081 6.5
    endloop
  endfacet
  facet normal 0.751873 -0.659307 0
    outer loop
      vertex 26.0834 7.4081 2
      vertex 25.8678 7.16223 6.5
      vertex 25.8678 7.16223 2
    endloop
  endfacet
  facet normal -0.195116 -0.98078 0
    outer loop
      vertex 23.453 6.51519 2
      vertex 23.7737 6.45139 6.5
      vertex 23.453 6.51519 6.5
    endloop
  endfacet
  facet normal -0.195116 -0.98078 -0
    outer loop
      vertex 23.7737 6.45139 6.5
      vertex 23.453 6.51519 2
      vertex 23.7737 6.45139 2
    endloop
  endfacet
  facet normal 0.831438 -0.555617 0
    outer loop
      vertex 26.0834 7.4081 6.5
      vertex 26.2651 7.68 2
      vertex 26.2651 7.68 6.5
    endloop
  endfacet
  facet normal 0.831438 -0.555617 0
    outer loop
      vertex 26.2651 7.68 2
      vertex 26.0834 7.4081 6.5
      vertex 26.0834 7.4081 2
    endloop
  endfacet
  facet normal -0.659279 -0.751898 0
    outer loop
      vertex 22.3322 7.16223 2
      vertex 22.5781 6.94662 6.5
      vertex 22.3322 7.16223 6.5
    endloop
  endfacet
  facet normal -0.659279 -0.751898 -0
    outer loop
      vertex 22.5781 6.94662 6.5
      vertex 22.3322 7.16223 2
      vertex 22.5781 6.94662 2
    endloop
  endfacet
  facet normal 0.195116 -0.98078 0
    outer loop
      vertex 24.4263 6.45139 2
      vertex 24.747 6.51519 6.5
      vertex 24.4263 6.45139 6.5
    endloop
  endfacet
  facet normal 0.195116 -0.98078 0
    outer loop
      vertex 24.747 6.51519 6.5
      vertex 24.4263 6.45139 2
      vertex 24.747 6.51519 2
    endloop
  endfacet
  facet normal 0.896915 -0.442204 0
    outer loop
      vertex 26.2651 7.68 6.5
      vertex 26.4097 7.97329 2
      vertex 26.4097 7.97329 6.5
    endloop
  endfacet
  facet normal 0.896915 -0.442204 0
    outer loop
      vertex 26.4097 7.97329 2
      vertex 26.2651 7.68 6.5
      vertex 26.2651 7.68 2
    endloop
  endfacet
  facet normal -0.980785 -0.195093 0
    outer loop
      vertex 21.6852 8.28295 2
      vertex 21.6214 8.60369 6.5
      vertex 21.6214 8.60369 2
    endloop
  endfacet
  facet normal -0.980785 -0.195093 0
    outer loop
      vertex 21.6214 8.60369 6.5
      vertex 21.6852 8.28295 2
      vertex 21.6852 8.28295 6.5
    endloop
  endfacet
  facet normal 0.946944 -0.321397 0
    outer loop
      vertex 26.4097 7.97329 6.5
      vertex 26.5148 8.28295 2
      vertex 26.5148 8.28295 6.5
    endloop
  endfacet
  facet normal 0.946944 -0.321397 0
    outer loop
      vertex 26.5148 8.28295 2
      vertex 26.4097 7.97329 6.5
      vertex 26.4097 7.97329 2
    endloop
  endfacet
  facet normal -0.946944 0.321397 0
    outer loop
      vertex 21.6852 9.57705 2
      vertex 21.7903 9.88671 6.5
      vertex 21.7903 9.88671 2
    endloop
  endfacet
  facet normal -0.946944 0.321397 0
    outer loop
      vertex 21.7903 9.88671 6.5
      vertex 21.6852 9.57705 2
      vertex 21.6852 9.57705 6.5
    endloop
  endfacet
  facet normal -0.0654432 0.997856 0
    outer loop
      vertex 24.1 11.43 2
      vertex 23.7737 11.4086 6.5
      vertex 24.1 11.43 6.5
    endloop
  endfacet
  facet normal -0.0654432 0.997856 0
    outer loop
      vertex 23.7737 11.4086 6.5
      vertex 24.1 11.43 2
      vertex 23.7737 11.4086 2
    endloop
  endfacet
  facet normal -0.896915 -0.442204 0
    outer loop
      vertex 21.9349 7.68 2
      vertex 21.7903 7.97329 6.5
      vertex 21.7903 7.97329 2
    endloop
  endfacet
  facet normal -0.896915 -0.442204 0
    outer loop
      vertex 21.7903 7.97329 6.5
      vertex 21.9349 7.68 2
      vertex 21.9349 7.68 6.5
    endloop
  endfacet
  facet normal 0.555617 0.831438 -0
    outer loop
      vertex 25.6219 10.9134 2
      vertex 25.35 11.0951 6.5
      vertex 25.6219 10.9134 6.5
    endloop
  endfacet
  facet normal 0.555617 0.831438 0
    outer loop
      vertex 25.35 11.0951 6.5
      vertex 25.6219 10.9134 2
      vertex 25.35 11.0951 2
    endloop
  endfacet
  facet normal -0.659262 0.751913 0
    outer loop
      vertex 22.5781 10.9134 2
      vertex 22.3322 10.6978 6.5
      vertex 22.5781 10.9134 6.5
    endloop
  endfacet
  facet normal -0.659262 0.751913 0
    outer loop
      vertex 22.3322 10.6978 6.5
      vertex 22.5781 10.9134 2
      vertex 22.3322 10.6978 2
    endloop
  endfacet
  facet normal -0.555617 0.831438 0
    outer loop
      vertex 22.85 11.0951 2
      vertex 22.5781 10.9134 6.5
      vertex 22.85 11.0951 6.5
    endloop
  endfacet
  facet normal -0.555617 0.831438 0
    outer loop
      vertex 22.5781 10.9134 6.5
      vertex 22.85 11.0951 2
      vertex 22.5781 10.9134 2
    endloop
  endfacet
  facet normal 0.195116 0.98078 -0
    outer loop
      vertex 24.747 11.3448 2
      vertex 24.4263 11.4086 6.5
      vertex 24.747 11.3448 6.5
    endloop
  endfacet
  facet normal 0.195116 0.98078 0
    outer loop
      vertex 24.4263 11.4086 6.5
      vertex 24.747 11.3448 2
      vertex 24.4263 11.4086 2
    endloop
  endfacet
  facet normal 0.980785 -0.195093 0
    outer loop
      vertex 26.5148 8.28295 6.5
      vertex 26.5786 8.60369 2
      vertex 26.5786 8.60369 6.5
    endloop
  endfacet
  facet normal 0.980785 -0.195093 0
    outer loop
      vertex 26.5786 8.60369 2
      vertex 26.5148 8.28295 6.5
      vertex 26.5148 8.28295 2
    endloop
  endfacet
  facet normal 0.659279 -0.751898 0
    outer loop
      vertex 25.6219 6.94662 2
      vertex 25.8678 7.16223 6.5
      vertex 25.6219 6.94662 6.5
    endloop
  endfacet
  facet normal 0.659279 -0.751898 0
    outer loop
      vertex 25.8678 7.16223 6.5
      vertex 25.6219 6.94662 2
      vertex 25.8678 7.16223 2
    endloop
  endfacet
  facet normal -0.997856 -0.0654412 0
    outer loop
      vertex 21.6214 8.60369 2
      vertex 21.6 8.93 6.5
      vertex 21.6 8.93 2
    endloop
  endfacet
  facet normal -0.997856 -0.0654412 0
    outer loop
      vertex 21.6 8.93 6.5
      vertex 21.6214 8.60369 2
      vertex 21.6214 8.60369 6.5
    endloop
  endfacet
  facet normal 0.896915 0.442204 0
    outer loop
      vertex 26.4097 9.88671 6.5
      vertex 26.2651 10.18 2
      vertex 26.2651 10.18 6.5
    endloop
  endfacet
  facet normal 0.896915 0.442204 0
    outer loop
      vertex 26.2651 10.18 2
      vertex 26.4097 9.88671 6.5
      vertex 26.4097 9.88671 2
    endloop
  endfacet
  facet normal 0.555575 -0.831466 0
    outer loop
      vertex 25.35 6.76494 2
      vertex 25.6219 6.94662 6.5
      vertex 25.35 6.76494 6.5
    endloop
  endfacet
  facet normal 0.555575 -0.831466 0
    outer loop
      vertex 25.6219 6.94662 6.5
      vertex 25.35 6.76494 2
      vertex 25.6219 6.94662 2
    endloop
  endfacet
  facet normal 0.946944 0.321397 0
    outer loop
      vertex 26.5148 9.57705 6.5
      vertex 26.4097 9.88671 2
      vertex 26.4097 9.88671 6.5
    endloop
  endfacet
  facet normal 0.946944 0.321397 0
    outer loop
      vertex 26.4097 9.88671 2
      vertex 26.5148 9.57705 6.5
      vertex 26.5148 9.57705 2
    endloop
  endfacet
  facet normal -0.195116 0.98078 0
    outer loop
      vertex 23.7737 11.4086 2
      vertex 23.453 11.3448 6.5
      vertex 23.7737 11.4086 6.5
    endloop
  endfacet
  facet normal -0.195116 0.98078 0
    outer loop
      vertex 23.453 11.3448 6.5
      vertex 23.7737 11.4086 2
      vertex 23.453 11.3448 2
    endloop
  endfacet
  facet normal -0.997857 0.0654392 0
    outer loop
      vertex 21.6 8.93 2
      vertex 21.6214 9.25632 6.5
      vertex 21.6214 9.25632 2
    endloop
  endfacet
  facet normal -0.997857 0.0654392 0
    outer loop
      vertex 21.6214 9.25632 6.5
      vertex 21.6 8.93 2
      vertex 21.6 8.93 6.5
    endloop
  endfacet
  facet normal -0.321387 -0.946948 0
    outer loop
      vertex 23.1433 6.6203 2
      vertex 23.453 6.51519 6.5
      vertex 23.1433 6.6203 6.5
    endloop
  endfacet
  facet normal -0.321387 -0.946948 -0
    outer loop
      vertex 23.453 6.51519 6.5
      vertex 23.1433 6.6203 2
      vertex 23.453 6.51519 2
    endloop
  endfacet
  facet normal -0.946944 -0.321397 0
    outer loop
      vertex 21.7903 7.97329 2
      vertex 21.6852 8.28295 6.5
      vertex 21.6852 8.28295 2
    endloop
  endfacet
  facet normal -0.946944 -0.321397 0
    outer loop
      vertex 21.6852 8.28295 6.5
      vertex 21.7903 7.97329 2
      vertex 21.7903 7.97329 6.5
    endloop
  endfacet
  facet normal -0.751873 -0.659307 0
    outer loop
      vertex 22.3322 7.16223 2
      vertex 22.1166 7.4081 6.5
      vertex 22.1166 7.4081 2
    endloop
  endfacet
  facet normal -0.751873 -0.659307 0
    outer loop
      vertex 22.1166 7.4081 6.5
      vertex 22.3322 7.16223 2
      vertex 22.3322 7.16223 6.5
    endloop
  endfacet
  facet normal 0 0 1
    outer loop
      vertex 24.95 8.93 6.5
      vertex 26.6 8.93014 6.5
      vertex 26.5786 9.25632 6.5
    endloop
  endfacet
  facet normal 0 0 1
    outer loop
      vertex 26.6 8.93014 6.5
      vertex 24.95 8.93 6.5
      vertex 26.6 8.92986 6.5
    endloop
  endfacet
  facet normal 0 0 1
    outer loop
      vertex 24.9427 9.04095 6.5
      vertex 26.5786 9.25632 6.5
      vertex 26.5148 9.57705 6.5
    endloop
  endfacet
  facet normal 0 0 1
    outer loop
      vertex 26.6 8.92986 6.5
      vertex 24.95 8.93 6.5
      vertex 26.5786 8.60369 6.5
    endloop
  endfacet
  facet normal 0 0 1
    outer loop
      vertex 24.921 9.15 6.5
      vertex 26.5148 9.57705 6.5
      vertex 26.4097 9.88671 6.5
    endloop
  endfacet
  facet normal -0 0 1
    outer loop
      vertex 24.9427 8.81905 6.5
      vertex 26.5786 8.60369 6.5
      vertex 24.95 8.93 6.5
    endloop
  endfacet
  facet normal 0 0 1
    outer loop
      vertex 24.8853 9.25528 6.5
      vertex 26.4097 9.88671 6.5
      vertex 26.2651 10.18 6.5
    endloop
  endfacet
  facet normal 0 0 1
    outer loop
      vertex 26.5786 8.60369 6.5
      vertex 24.9427 8.81905 6.5
      vertex 26.5148 8.28295 6.5
    endloop
  endfacet
  facet normal 0 0 1
    outer loop
      vertex 24.8361 9.355 6.5
      vertex 26.2651 10.18 6.5
      vertex 26.0834 10.4519 6.5
    endloop
  endfacet
  facet normal -0 0 1
    outer loop
      vertex 24.921 8.71 6.5
      vertex 26.5148 8.28295 6.5
      vertex 24.9427 8.81905 6.5
    endloop
  endfacet
  facet normal 0 0 1
    outer loop
      vertex 24.7743 9.44745 6.5
      vertex 26.0834 10.4519 6.5
      vertex 25.8678 10.6978 6.5
    endloop
  endfacet
  facet normal 0 0 1
    outer loop
      vertex 26.5148 8.28295 6.5
      vertex 24.921 8.71 6.5
      vertex 26.4097 7.97329 6.5
    endloop
  endfacet
  facet normal 0 0 1
    outer loop
      vertex 24.701 9.53104 6.5
      vertex 25.8678 10.6978 6.5
      vertex 25.6219 10.9134 6.5
    endloop
  endfacet
  facet normal -0 0 1
    outer loop
      vertex 24.8853 8.60472 6.5
      vertex 26.4097 7.97329 6.5
      vertex 24.921 8.71 6.5
    endloop
  endfacet
  facet normal 0 0 1
    outer loop
      vertex 24.6174 9.60435 6.5
      vertex 25.6219 10.9134 6.5
      vertex 25.35 11.0951 6.5
    endloop
  endfacet
  facet normal 0 0 1
    outer loop
      vertex 26.4097 7.97329 6.5
      vertex 24.8853 8.60472 6.5
      vertex 26.2651 7.68 6.5
    endloop
  endfacet
  facet normal 0 0 1
    outer loop
      vertex 24.525 9.66612 6.5
      vertex 25.35 11.0951 6.5
      vertex 25.0567 11.2397 6.5
    endloop
  endfacet
  facet normal -0 0 1
    outer loop
      vertex 24.8361 8.505 6.5
      vertex 26.2651 7.68 6.5
      vertex 24.8853 8.60472 6.5
    endloop
  endfacet
  facet normal 0 0 1
    outer loop
      vertex 26.2651 7.68 6.5
      vertex 24.8361 8.505 6.5
      vertex 26.0834 7.4081 6.5
    endloop
  endfacet
  facet normal 0 0 1
    outer loop
      vertex 26.5786 9.25632 6.5
      vertex 24.9427 9.04095 6.5
      vertex 24.95 8.93 6.5
    endloop
  endfacet
  facet normal 0 0 1
    outer loop
      vertex 26.5148 9.57705 6.5
      vertex 24.921 9.15 6.5
      vertex 24.9427 9.04095 6.5
    endloop
  endfacet
  facet normal 0 0 1
    outer loop
      vertex 26.4097 9.88671 6.5
      vertex 24.8853 9.25528 6.5
      vertex 24.921 9.15 6.5
    endloop
  endfacet
  facet normal 0 0 1
    outer loop
      vertex 26.2651 10.18 6.5
      vertex 24.8361 9.355 6.5
      vertex 24.8853 9.25528 6.5
    endloop
  endfacet
  facet normal 0 0 1
    outer loop
      vertex 26.0834 10.4519 6.5
      vertex 24.7743 9.44745 6.5
      vertex 24.8361 9.355 6.5
    endloop
  endfacet
  facet normal 0 0 1
    outer loop
      vertex 24.4253 9.7153 6.5
      vertex 25.0567 11.2397 6.5
      vertex 24.747 11.3448 6.5
    endloop
  endfacet
  facet normal 0 0 1
    outer loop
      vertex 25.8678 10.6978 6.5
      vertex 24.701 9.53104 6.5
      vertex 24.7743 9.44745 6.5
    endloop
  endfacet
  facet normal 0 0 1
    outer loop
      vertex 25.6219 10.9134 6.5
      vertex 24.6174 9.60435 6.5
      vertex 24.701 9.53104 6.5
    endloop
  endfacet
  facet normal 0 0 1
    outer loop
      vertex 25.35 11.0951 6.5
      vertex 24.525 9.66612 6.5
      vertex 24.6174 9.60435 6.5
    endloop
  endfacet
  facet normal 0 0 1
    outer loop
      vertex 24.32 9.75104 6.5
      vertex 24.747 11.3448 6.5
      vertex 24.4263 11.4086 6.5
    endloop
  endfacet
  facet normal 0 0 1
    outer loop
      vertex 25.0567 11.2397 6.5
      vertex 24.4253 9.7153 6.5
      vertex 24.525 9.66612 6.5
    endloop
  endfacet
  facet normal 0 0 1
    outer loop
      vertex 24.747 11.3448 6.5
      vertex 24.32 9.75104 6.5
      vertex 24.4253 9.7153 6.5
    endloop
  endfacet
  facet normal 0 0 1
    outer loop
      vertex 24.4263 11.4086 6.5
      vertex 24.2109 9.77273 6.5
      vertex 24.32 9.75104 6.5
    endloop
  endfacet
  facet normal 0 0 1
    outer loop
      vertex 24.1 11.43 6.5
      vertex 24.2109 9.77273 6.5
      vertex 24.4263 11.4086 6.5
    endloop
  endfacet
  facet normal 0 0 1
    outer loop
      vertex 24.1 11.43 6.5
      vertex 24.1 9.78 6.5
      vertex 24.2109 9.77273 6.5
    endloop
  endfacet
  facet normal 0 0 1
    outer loop
      vertex 24.1 11.43 6.5
      vertex 23.9891 9.77273 6.5
      vertex 24.1 9.78 6.5
    endloop
  endfacet
  facet normal -0 0 1
    outer loop
      vertex 23.7737 11.4086 6.5
      vertex 23.9891 9.77273 6.5
      vertex 24.1 11.43 6.5
    endloop
  endfacet
  facet normal 0 0 1
    outer loop
      vertex 23.9891 9.77273 6.5
      vertex 23.7737 11.4086 6.5
      vertex 23.88 9.75104 6.5
    endloop
  endfacet
  facet normal -0 0 1
    outer loop
      vertex 23.453 11.3448 6.5
      vertex 23.88 9.75104 6.5
      vertex 23.7737 11.4086 6.5
    endloop
  endfacet
  facet normal 0 0 1
    outer loop
      vertex 23.88 9.75104 6.5
      vertex 23.453 11.3448 6.5
      vertex 23.7747 9.7153 6.5
    endloop
  endfacet
  facet normal -0 0 1
    outer loop
      vertex 23.1433 11.2397 6.5
      vertex 23.7747 9.7153 6.5
      vertex 23.453 11.3448 6.5
    endloop
  endfacet
  facet normal 0 0 1
    outer loop
      vertex 23.7747 9.7153 6.5
      vertex 23.1433 11.2397 6.5
      vertex 23.675 9.66612 6.5
    endloop
  endfacet
  facet normal -0 0 1
    outer loop
      vertex 22.85 11.0951 6.5
      vertex 23.675 9.66612 6.5
      vertex 23.1433 11.2397 6.5
    endloop
  endfacet
  facet normal 0 0 1
    outer loop
      vertex 23.675 9.66612 6.5
      vertex 22.85 11.0951 6.5
      vertex 23.5826 9.60435 6.5
    endloop
  endfacet
  facet normal -0 0 1
    outer loop
      vertex 22.5781 10.9134 6.5
      vertex 23.5826 9.60435 6.5
      vertex 22.85 11.0951 6.5
    endloop
  endfacet
  facet normal 0 0 1
    outer loop
      vertex 23.5826 9.60435 6.5
      vertex 22.5781 10.9134 6.5
      vertex 23.499 9.53104 6.5
    endloop
  endfacet
  facet normal -0 0 1
    outer loop
      vertex 22.3322 10.6978 6.5
      vertex 23.499 9.53104 6.5
      vertex 22.5781 10.9134 6.5
    endloop
  endfacet
  facet normal 0 0 1
    outer loop
      vertex 23.499 9.53104 6.5
      vertex 22.3322 10.6978 6.5
      vertex 23.4256 9.44745 6.5
    endloop
  endfacet
  facet normal 0 0 1
    outer loop
      vertex 23.4256 9.44745 6.5
      vertex 22.1166 10.4519 6.5
      vertex 23.3639 9.355 6.5
    endloop
  endfacet
  facet normal -0 0 1
    outer loop
      vertex 22.1166 10.4519 6.5
      vertex 23.4256 9.44745 6.5
      vertex 22.3322 10.6978 6.5
    endloop
  endfacet
  facet normal -0 0 1
    outer loop
      vertex 24.7743 8.41255 6.5
      vertex 26.0834 7.4081 6.5
      vertex 24.8361 8.505 6.5
    endloop
  endfacet
  facet normal 0 0 1
    outer loop
      vertex 26.0834 7.4081 6.5
      vertex 24.7743 8.41255 6.5
      vertex 25.8678 7.16223 6.5
    endloop
  endfacet
  facet normal -0 0 1
    outer loop
      vertex 24.701 8.32896 6.5
      vertex 25.8678 7.16223 6.5
      vertex 24.7743 8.41255 6.5
    endloop
  endfacet
  facet normal 0 0 1
    outer loop
      vertex 25.8678 7.16223 6.5
      vertex 24.701 8.32896 6.5
      vertex 25.6219 6.94662 6.5
    endloop
  endfacet
  facet normal -0 0 1
    outer loop
      vertex 24.6174 8.25565 6.5
      vertex 25.6219 6.94662 6.5
      vertex 24.701 8.32896 6.5
    endloop
  endfacet
  facet normal 0 0 1
    outer loop
      vertex 25.6219 6.94662 6.5
      vertex 24.6174 8.25565 6.5
      vertex 25.35 6.76494 6.5
    endloop
  endfacet
  facet normal -0 0 1
    outer loop
      vertex 24.525 8.19388 6.5
      vertex 25.35 6.76494 6.5
      vertex 24.6174 8.25565 6.5
    endloop
  endfacet
  facet normal 0 0 1
    outer loop
      vertex 25.35 6.76494 6.5
      vertex 24.525 8.19388 6.5
      vertex 25.0567 6.6203 6.5
    endloop
  endfacet
  facet normal -0 0 1
    outer loop
      vertex 24.4253 8.1447 6.5
      vertex 25.0567 6.6203 6.5
      vertex 24.525 8.19388 6.5
    endloop
  endfacet
  facet normal 0 0 1
    outer loop
      vertex 25.0567 6.6203 6.5
      vertex 24.4253 8.1447 6.5
      vertex 24.747 6.51519 6.5
    endloop
  endfacet
  facet normal -0 0 1
    outer loop
      vertex 24.32 8.10896 6.5
      vertex 24.747 6.51519 6.5
      vertex 24.4253 8.1447 6.5
    endloop
  endfacet
  facet normal 0 0 1
    outer loop
      vertex 24.747 6.51519 6.5
      vertex 24.32 8.10896 6.5
      vertex 24.4263 6.45139 6.5
    endloop
  endfacet
  facet normal -0 0 1
    outer loop
      vertex 24.2109 8.08727 6.5
      vertex 24.4263 6.45139 6.5
      vertex 24.32 8.10896 6.5
    endloop
  endfacet
  facet normal -0 0 1
    outer loop
      vertex 24.1 8.08 6.5
      vertex 24.4263 6.45139 6.5
      vertex 24.2109 8.08727 6.5
    endloop
  endfacet
  facet normal 0 0 1
    outer loop
      vertex 24.1 8.08 6.5
      vertex 24.1 6.43 6.5
      vertex 24.4263 6.45139 6.5
    endloop
  endfacet
  facet normal 0 0 1
    outer loop
      vertex 23.9891 8.08727 6.5
      vertex 24.1 6.43 6.5
      vertex 24.1 8.08 6.5
    endloop
  endfacet
  facet normal 0 0 1
    outer loop
      vertex 23.7737 6.45139 6.5
      vertex 23.9891 8.08727 6.5
      vertex 23.88 8.10896 6.5
    endloop
  endfacet
  facet normal 0 0 1
    outer loop
      vertex 23.453 6.51519 6.5
      vertex 23.88 8.10896 6.5
      vertex 23.7747 8.1447 6.5
    endloop
  endfacet
  facet normal 0 0 1
    outer loop
      vertex 23.9891 8.08727 6.5
      vertex 23.7737 6.45139 6.5
      vertex 24.1 6.43 6.5
    endloop
  endfacet
  facet normal 0 0 1
    outer loop
      vertex 23.1433 6.6203 6.5
      vertex 23.7747 8.1447 6.5
      vertex 23.675 8.19388 6.5
    endloop
  endfacet
  facet normal 0 0 1
    outer loop
      vertex 22.85 6.76494 6.5
      vertex 23.675 8.19388 6.5
      vertex 23.5826 8.25565 6.5
    endloop
  endfacet
  facet normal 0 0 1
    outer loop
      vertex 22.5781 6.94662 6.5
      vertex 23.5826 8.25565 6.5
      vertex 23.499 8.32896 6.5
    endloop
  endfacet
  facet normal 0 0 1
    outer loop
      vertex 23.88 8.10896 6.5
      vertex 23.453 6.51519 6.5
      vertex 23.7737 6.45139 6.5
    endloop
  endfacet
  facet normal 0 0 1
    outer loop
      vertex 22.3322 7.16223 6.5
      vertex 23.499 8.32896 6.5
      vertex 23.4256 8.41255 6.5
    endloop
  endfacet
  facet normal 0 0 1
    outer loop
      vertex 22.1166 7.4081 6.5
      vertex 23.4256 8.41255 6.5
      vertex 23.3639 8.505 6.5
    endloop
  endfacet
  facet normal 0 0 1
    outer loop
      vertex 21.9349 7.68 6.5
      vertex 23.3639 8.505 6.5
      vertex 23.3147 8.60472 6.5
    endloop
  endfacet
  facet normal 0 0 1
    outer loop
      vertex 21.7903 7.97329 6.5
      vertex 23.3147 8.60472 6.5
      vertex 23.279 8.71 6.5
    endloop
  endfacet
  facet normal 0 0 1
    outer loop
      vertex 21.6852 8.28295 6.5
      vertex 23.279 8.71 6.5
      vertex 23.2573 8.81905 6.5
    endloop
  endfacet
  facet normal 0 0 1
    outer loop
      vertex 23.7747 8.1447 6.5
      vertex 23.1433 6.6203 6.5
      vertex 23.453 6.51519 6.5
    endloop
  endfacet
  facet normal 0 0 1
    outer loop
      vertex 21.6214 8.60369 6.5
      vertex 23.2573 8.81905 6.5
      vertex 23.25 8.93 6.5
    endloop
  endfacet
  facet normal -0 0 1
    outer loop
      vertex 21.9349 10.18 6.5
      vertex 23.3639 9.355 6.5
      vertex 22.1166 10.4519 6.5
    endloop
  endfacet
  facet normal 0 0 1
    outer loop
      vertex 23.3639 9.355 6.5
      vertex 21.9349 10.18 6.5
      vertex 23.3147 9.25528 6.5
    endloop
  endfacet
  facet normal 0 0 1
    outer loop
      vertex 23.675 8.19388 6.5
      vertex 22.85 6.76494 6.5
      vertex 23.1433 6.6203 6.5
    endloop
  endfacet
  facet normal -0 0 1
    outer loop
      vertex 21.7903 9.88671 6.5
      vertex 23.3147 9.25528 6.5
      vertex 21.9349 10.18 6.5
    endloop
  endfacet
  facet normal 0 0 1
    outer loop
      vertex 23.5826 8.25565 6.5
      vertex 22.5781 6.94662 6.5
      vertex 22.85 6.76494 6.5
    endloop
  endfacet
  facet normal 0 0 1
    outer loop
      vertex 23.3147 9.25528 6.5
      vertex 21.7903 9.88671 6.5
      vertex 23.279 9.15 6.5
    endloop
  endfacet
  facet normal 0 0 1
    outer loop
      vertex 23.499 8.32896 6.5
      vertex 22.3322 7.16223 6.5
      vertex 22.5781 6.94662 6.5
    endloop
  endfacet
  facet normal -0 0 1
    outer loop
      vertex 21.6852 9.57705 6.5
      vertex 23.279 9.15 6.5
      vertex 21.7903 9.88671 6.5
    endloop
  endfacet
  facet normal 0 0 1
    outer loop
      vertex 23.4256 8.41255 6.5
      vertex 22.1166 7.4081 6.5
      vertex 22.3322 7.16223 6.5
    endloop
  endfacet
  facet normal 0 0 1
    outer loop
      vertex 23.279 9.15 6.5
      vertex 21.6852 9.57705 6.5
      vertex 23.2573 9.04095 6.5
    endloop
  endfacet
  facet normal 0 0 1
    outer loop
      vertex 23.3639 8.505 6.5
      vertex 21.9349 7.68 6.5
      vertex 22.1166 7.4081 6.5
    endloop
  endfacet
  facet normal -0 0 1
    outer loop
      vertex 21.6214 9.25632 6.5
      vertex 23.2573 9.04095 6.5
      vertex 21.6852 9.57705 6.5
    endloop
  endfacet
  facet normal 0 0 1
    outer loop
      vertex 23.3147 8.60472 6.5
      vertex 21.7903 7.97329 6.5
      vertex 21.9349 7.68 6.5
    endloop
  endfacet
  facet normal 0 0 1
    outer loop
      vertex 23.2573 9.04095 6.5
      vertex 21.6214 9.25632 6.5
      vertex 23.25 8.93 6.5
    endloop
  endfacet
  facet normal 0 0 1
    outer loop
      vertex 23.279 8.71 6.5
      vertex 21.6852 8.28295 6.5
      vertex 21.7903 7.97329 6.5
    endloop
  endfacet
  facet normal 0 0 1
    outer loop
      vertex 21.6 8.93 6.5
      vertex 23.25 8.93 6.5
      vertex 21.6214 9.25632 6.5
    endloop
  endfacet
  facet normal 0 0 1
    outer loop
      vertex 23.2573 8.81905 6.5
      vertex 21.6214 8.60369 6.5
      vertex 21.6852 8.28295 6.5
    endloop
  endfacet
  facet normal 0 0 1
    outer loop
      vertex 23.25 8.93 6.5
      vertex 21.6 8.93 6.5
      vertex 21.6214 8.60369 6.5
    endloop
  endfacet
  facet normal -0.831438 0.555617 0
    outer loop
      vertex 21.9349 10.18 2
      vertex 22.1166 10.4519 6.5
      vertex 22.1166 10.4519 2
    endloop
  endfacet
  facet normal -0.831438 0.555617 0
    outer loop
      vertex 22.1166 10.4519 6.5
      vertex 21.9349 10.18 2
      vertex 21.9349 10.18 6.5
    endloop
  endfacet
  facet normal -0.194992 -0.980805 0
    outer loop
      vertex 24.2109 9.77273 2
      vertex 24.32 9.75104 6.5
      vertex 24.2109 9.77273 6.5
    endloop
  endfacet
  facet normal -0.194992 -0.980805 -0
    outer loop
      vertex 24.32 9.75104 6.5
      vertex 24.2109 9.77273 2
      vertex 24.32 9.75104 2
    endloop
  endfacet
  facet normal -0.98077 -0.195165 0
    outer loop
      vertex 24.9427 9.04095 2
      vertex 24.921 9.15 6.5
      vertex 24.921 9.15 2
    endloop
  endfacet
  facet normal -0.98077 -0.195165 0
    outer loop
      vertex 24.921 9.15 6.5
      vertex 24.9427 9.04095 2
      vertex 24.9427 9.04095 6.5
    endloop
  endfacet
  facet normal -0.997842 -0.0656534 0
    outer loop
      vertex 24.95 8.93 2
      vertex 24.9427 9.04095 6.5
      vertex 24.9427 9.04095 2
    endloop
  endfacet
  facet normal -0.997842 -0.0656534 0
    outer loop
      vertex 24.9427 9.04095 6.5
      vertex 24.95 8.93 2
      vertex 24.95 8.93 6.5
    endloop
  endfacet
  facet normal -0.947033 -0.321135 0
    outer loop
      vertex 24.921 9.15 2
      vertex 24.8853 9.25528 6.5
      vertex 24.8853 9.25528 2
    endloop
  endfacet
  facet normal -0.947033 -0.321135 0
    outer loop
      vertex 24.8853 9.25528 6.5
      vertex 24.921 9.15 2
      vertex 24.921 9.15 6.5
    endloop
  endfacet
  facet normal -0.831358 -0.555737 0
    outer loop
      vertex 24.8361 9.355 2
      vertex 24.7743 9.44745 6.5
      vertex 24.7743 9.44745 2
    endloop
  endfacet
  facet normal -0.831358 -0.555737 0
    outer loop
      vertex 24.7743 9.44745 6.5
      vertex 24.8361 9.355 2
      vertex 24.8361 9.355 6.5
    endloop
  endfacet
  facet normal -0.321403 -0.946943 0
    outer loop
      vertex 24.32 9.75104 2
      vertex 24.4253 9.7153 6.5
      vertex 24.32 9.75104 6.5
    endloop
  endfacet
  facet normal -0.321403 -0.946943 -0
    outer loop
      vertex 24.4253 9.7153 6.5
      vertex 24.32 9.75104 2
      vertex 24.4253 9.7153 2
    endloop
  endfacet
  facet normal 0.98077 0.195165 0
    outer loop
      vertex 23.279 8.71 6.5
      vertex 23.2573 8.81905 2
      vertex 23.2573 8.81905 6.5
    endloop
  endfacet
  facet normal 0.98077 0.195165 0
    outer loop
      vertex 23.2573 8.81905 2
      vertex 23.279 8.71 6.5
      vertex 23.279 8.71 2
    endloop
  endfacet
  facet normal -0.997842 0.0656534 0
    outer loop
      vertex 24.9427 8.81905 2
      vertex 24.95 8.93 6.5
      vertex 24.95 8.93 2
    endloop
  endfacet
  facet normal -0.997842 0.0656534 0
    outer loop
      vertex 24.95 8.93 6.5
      vertex 24.9427 8.81905 2
      vertex 24.9427 8.81905 6.5
    endloop
  endfacet
  facet normal 0.997842 0.0656534 0
    outer loop
      vertex 23.2573 8.81905 6.5
      vertex 23.25 8.93 2
      vertex 23.25 8.93 6.5
    endloop
  endfacet
  facet normal 0.997842 0.0656534 0
    outer loop
      vertex 23.25 8.93 2
      vertex 23.2573 8.81905 6.5
      vertex 23.2573 8.81905 2
    endloop
  endfacet
  facet normal 0.321403 0.946943 -0
    outer loop
      vertex 23.88 8.10896 2
      vertex 23.7747 8.1447 6.5
      vertex 23.88 8.10896 6.5
    endloop
  endfacet
  facet normal 0.321403 0.946943 0
    outer loop
      vertex 23.7747 8.1447 6.5
      vertex 23.88 8.10896 2
      vertex 23.7747 8.1447 2
    endloop
  endfacet
  facet normal -0.896789 -0.442459 0
    outer loop
      vertex 24.8853 9.25528 2
      vertex 24.8361 9.355 6.5
      vertex 24.8361 9.355 2
    endloop
  endfacet
  facet normal -0.896789 -0.442459 0
    outer loop
      vertex 24.8361 9.355 6.5
      vertex 24.8853 9.25528 2
      vertex 24.8853 9.25528 6.5
    endloop
  endfacet
  facet normal -0.751869 -0.659313 0
    outer loop
      vertex 24.7743 9.44745 2
      vertex 24.701 9.53104 6.5
      vertex 24.701 9.53104 2
    endloop
  endfacet
  facet normal -0.751869 -0.659313 0
    outer loop
      vertex 24.701 9.53104 6.5
      vertex 24.7743 9.44745 2
      vertex 24.7743 9.44745 6.5
    endloop
  endfacet
  facet normal -0.947033 0.321135 0
    outer loop
      vertex 24.8853 8.60472 2
      vertex 24.921 8.71 6.5
      vertex 24.921 8.71 2
    endloop
  endfacet
  facet normal -0.947033 0.321135 0
    outer loop
      vertex 24.921 8.71 6.5
      vertex 24.8853 8.60472 2
      vertex 24.8853 8.60472 6.5
    endloop
  endfacet
  facet normal 0.751423 0.659821 0
    outer loop
      vertex 23.499 8.32896 6.5
      vertex 23.4256 8.41255 2
      vertex 23.4256 8.41255 6.5
    endloop
  endfacet
  facet normal 0.751423 0.659821 0
    outer loop
      vertex 23.4256 8.41255 2
      vertex 23.499 8.32896 6.5
      vertex 23.499 8.32896 2
    endloop
  endfacet
  facet normal -0.98077 0.195165 0
    outer loop
      vertex 24.921 8.71 2
      vertex 24.9427 8.81905 6.5
      vertex 24.9427 8.81905 2
    endloop
  endfacet
  facet normal -0.98077 0.195165 0
    outer loop
      vertex 24.9427 8.81905 6.5
      vertex 24.921 8.71 2
      vertex 24.921 8.71 6.5
    endloop
  endfacet
  facet normal -0.0654141 0.997858 0
    outer loop
      vertex 24.2109 8.08727 2
      vertex 24.1 8.08 6.5
      vertex 24.2109 8.08727 6.5
    endloop
  endfacet
  facet normal -0.0654141 0.997858 0
    outer loop
      vertex 24.1 8.08 6.5
      vertex 24.2109 8.08727 2
      vertex 24.1 8.08 2
    endloop
  endfacet
  facet normal 0.947033 0.321135 0
    outer loop
      vertex 23.3147 8.60472 6.5
      vertex 23.279 8.71 2
      vertex 23.279 8.71 6.5
    endloop
  endfacet
  facet normal 0.947033 0.321135 0
    outer loop
      vertex 23.279 8.71 2
      vertex 23.3147 8.60472 6.5
      vertex 23.3147 8.60472 2
    endloop
  endfacet
  facet normal -0.831358 0.555737 0
    outer loop
      vertex 24.7743 8.41255 2
      vertex 24.8361 8.505 6.5
      vertex 24.8361 8.505 2
    endloop
  endfacet
  facet normal -0.831358 0.555737 0
    outer loop
      vertex 24.8361 8.505 6.5
      vertex 24.7743 8.41255 2
      vertex 24.7743 8.41255 6.5
    endloop
  endfacet
  facet normal -0.442386 -0.896825 0
    outer loop
      vertex 24.4253 9.7153 2
      vertex 24.525 9.66612 6.5
      vertex 24.4253 9.7153 6.5
    endloop
  endfacet
  facet normal -0.442386 -0.896825 -0
    outer loop
      vertex 24.525 9.66612 6.5
      vertex 24.4253 9.7153 2
      vertex 24.525 9.66612 2
    endloop
  endfacet
  facet normal 0.442386 -0.896825 0
    outer loop
      vertex 23.675 9.66612 2
      vertex 23.7747 9.7153 6.5
      vertex 23.675 9.66612 6.5
    endloop
  endfacet
  facet normal 0.442386 -0.896825 0
    outer loop
      vertex 23.7747 9.7153 6.5
      vertex 23.675 9.66612 2
      vertex 23.7747 9.7153 2
    endloop
  endfacet
  facet normal -0.442386 0.896825 0
    outer loop
      vertex 24.525 8.19388 2
      vertex 24.4253 8.1447 6.5
      vertex 24.525 8.19388 6.5
    endloop
  endfacet
  facet normal -0.442386 0.896825 0
    outer loop
      vertex 24.4253 8.1447 6.5
      vertex 24.525 8.19388 2
      vertex 24.4253 8.1447 2
    endloop
  endfacet
  facet normal -0.321403 0.946943 0
    outer loop
      vertex 24.4253 8.1447 2
      vertex 24.32 8.10896 6.5
      vertex 24.4253 8.1447 6.5
    endloop
  endfacet
  facet normal -0.321403 0.946943 0
    outer loop
      vertex 24.32 8.10896 6.5
      vertex 24.4253 8.1447 2
      vertex 24.32 8.10896 2
    endloop
  endfacet
  facet normal 0.194992 0.980805 -0
    outer loop
      vertex 23.9891 8.08727 2
      vertex 23.88 8.10896 6.5
      vertex 23.9891 8.08727 6.5
    endloop
  endfacet
  facet normal 0.194992 0.980805 0
    outer loop
      vertex 23.88 8.10896 6.5
      vertex 23.9891 8.08727 2
      vertex 23.88 8.10896 2
    endloop
  endfacet
  facet normal 0.947033 -0.321135 0
    outer loop
      vertex 23.279 9.15 6.5
      vertex 23.3147 9.25528 2
      vertex 23.3147 9.25528 6.5
    endloop
  endfacet
  facet normal 0.947033 -0.321135 0
    outer loop
      vertex 23.3147 9.25528 2
      vertex 23.279 9.15 6.5
      vertex 23.279 9.15 2
    endloop
  endfacet
  facet normal 0.194992 -0.980805 0
    outer loop
      vertex 23.88 9.75104 2
      vertex 23.9891 9.77273 6.5
      vertex 23.88 9.75104 6.5
    endloop
  endfacet
  facet normal 0.194992 -0.980805 0
    outer loop
      vertex 23.9891 9.77273 6.5
      vertex 23.88 9.75104 2
      vertex 23.9891 9.77273 2
    endloop
  endfacet
  facet normal 0.555759 -0.831344 0
    outer loop
      vertex 23.5826 9.60435 2
      vertex 23.675 9.66612 6.5
      vertex 23.5826 9.60435 6.5
    endloop
  endfacet
  facet normal 0.555759 -0.831344 0
    outer loop
      vertex 23.675 9.66612 6.5
      vertex 23.5826 9.60435 2
      vertex 23.675 9.66612 2
    endloop
  endfacet
  facet normal -0.555759 0.831344 0
    outer loop
      vertex 24.6174 8.25565 2
      vertex 24.525 8.19388 6.5
      vertex 24.6174 8.25565 6.5
    endloop
  endfacet
  facet normal -0.555759 0.831344 0
    outer loop
      vertex 24.525 8.19388 6.5
      vertex 24.6174 8.25565 2
      vertex 24.525 8.19388 2
    endloop
  endfacet
  facet normal -0.194992 0.980805 0
    outer loop
      vertex 24.32 8.10896 2
      vertex 24.2109 8.08727 6.5
      vertex 24.32 8.10896 6.5
    endloop
  endfacet
  facet normal -0.194992 0.980805 0
    outer loop
      vertex 24.2109 8.08727 6.5
      vertex 24.32 8.10896 2
      vertex 24.2109 8.08727 2
    endloop
  endfacet
  facet normal 0.896789 -0.442459 0
    outer loop
      vertex 23.3147 9.25528 6.5
      vertex 23.3639 9.355 2
      vertex 23.3639 9.355 6.5
    endloop
  endfacet
  facet normal 0.896789 -0.442459 0
    outer loop
      vertex 23.3639 9.355 2
      vertex 23.3147 9.25528 6.5
      vertex 23.3147 9.25528 2
    endloop
  endfacet
  facet normal 0.831773 -0.555115 0
    outer loop
      vertex 23.3639 9.355 6.5
      vertex 23.4256 9.44745 2
      vertex 23.4256 9.44745 6.5
    endloop
  endfacet
  facet normal 0.831773 -0.555115 0
    outer loop
      vertex 23.4256 9.44745 2
      vertex 23.3639 9.355 6.5
      vertex 23.3639 9.355 2
    endloop
  endfacet
  facet normal 0.0654141 0.997858 -0
    outer loop
      vertex 24.1 8.08 2
      vertex 23.9891 8.08727 6.5
      vertex 24.1 8.08 6.5
    endloop
  endfacet
  facet normal 0.0654141 0.997858 0
    outer loop
      vertex 23.9891 8.08727 6.5
      vertex 24.1 8.08 2
      vertex 23.9891 8.08727 2
    endloop
  endfacet
  facet normal 0.659319 -0.751863 0
    outer loop
      vertex 23.499 9.53104 2
      vertex 23.5826 9.60435 6.5
      vertex 23.499 9.53104 6.5
    endloop
  endfacet
  facet normal 0.659319 -0.751863 0
    outer loop
      vertex 23.5826 9.60435 6.5
      vertex 23.499 9.53104 2
      vertex 23.5826 9.60435 2
    endloop
  endfacet
  facet normal 0.659319 0.751863 -0
    outer loop
      vertex 23.5826 8.25565 2
      vertex 23.499 8.32896 6.5
      vertex 23.5826 8.25565 6.5
    endloop
  endfacet
  facet normal 0.659319 0.751863 0
    outer loop
      vertex 23.499 8.32896 6.5
      vertex 23.5826 8.25565 2
      vertex 23.499 8.32896 2
    endloop
  endfacet
  facet normal 0.751423 -0.659821 0
    outer loop
      vertex 23.4256 9.44745 6.5
      vertex 23.499 9.53104 2
      vertex 23.499 9.53104 6.5
    endloop
  endfacet
  facet normal 0.751423 -0.659821 0
    outer loop
      vertex 23.499 9.53104 2
      vertex 23.4256 9.44745 6.5
      vertex 23.4256 9.44745 2
    endloop
  endfacet
  facet normal -0.751869 0.659313 0
    outer loop
      vertex 24.701 8.32896 2
      vertex 24.7743 8.41255 6.5
      vertex 24.7743 8.41255 2
    endloop
  endfacet
  facet normal -0.751869 0.659313 0
    outer loop
      vertex 24.7743 8.41255 6.5
      vertex 24.701 8.32896 2
      vertex 24.701 8.32896 6.5
    endloop
  endfacet
  facet normal -0.896789 0.442459 0
    outer loop
      vertex 24.8361 8.505 2
      vertex 24.8853 8.60472 6.5
      vertex 24.8853 8.60472 2
    endloop
  endfacet
  facet normal -0.896789 0.442459 0
    outer loop
      vertex 24.8853 8.60472 6.5
      vertex 24.8361 8.505 2
      vertex 24.8361 8.505 6.5
    endloop
  endfacet
  facet normal 0.555759 0.831344 -0
    outer loop
      vertex 23.675 8.19388 2
      vertex 23.5826 8.25565 6.5
      vertex 23.675 8.19388 6.5
    endloop
  endfacet
  facet normal 0.555759 0.831344 0
    outer loop
      vertex 23.5826 8.25565 6.5
      vertex 23.675 8.19388 2
      vertex 23.5826 8.25565 2
    endloop
  endfacet
  facet normal 0.98077 -0.195165 0
    outer loop
      vertex 23.2573 9.04095 6.5
      vertex 23.279 9.15 2
      vertex 23.279 9.15 6.5
    endloop
  endfacet
  facet normal 0.98077 -0.195165 0
    outer loop
      vertex 23.279 9.15 2
      vertex 23.2573 9.04095 6.5
      vertex 23.2573 9.04095 2
    endloop
  endfacet
  facet normal -0.0654141 -0.997858 0
    outer loop
      vertex 24.1 9.78 2
      vertex 24.2109 9.77273 6.5
      vertex 24.1 9.78 6.5
    endloop
  endfacet
  facet normal -0.0654141 -0.997858 -0
    outer loop
      vertex 24.2109 9.77273 6.5
      vertex 24.1 9.78 2
      vertex 24.2109 9.77273 2
    endloop
  endfacet
  facet normal -0.555759 -0.831344 0
    outer loop
      vertex 24.525 9.66612 2
      vertex 24.6174 9.60435 6.5
      vertex 24.525 9.66612 6.5
    endloop
  endfacet
  facet normal -0.555759 -0.831344 -0
    outer loop
      vertex 24.6174 9.60435 6.5
      vertex 24.525 9.66612 2
      vertex 24.6174 9.60435 2
    endloop
  endfacet
  facet normal 0.321403 -0.946943 0
    outer loop
      vertex 23.7747 9.7153 2
      vertex 23.88 9.75104 6.5
      vertex 23.7747 9.7153 6.5
    endloop
  endfacet
  facet normal 0.321403 -0.946943 0
    outer loop
      vertex 23.88 9.75104 6.5
      vertex 23.7747 9.7153 2
      vertex 23.88 9.75104 2
    endloop
  endfacet
  facet normal 0.0654141 -0.997858 0
    outer loop
      vertex 23.9891 9.77273 2
      vertex 24.1 9.78 6.5
      vertex 23.9891 9.77273 6.5
    endloop
  endfacet
  facet normal 0.0654141 -0.997858 0
    outer loop
      vertex 24.1 9.78 6.5
      vertex 23.9891 9.77273 2
      vertex 24.1 9.78 2
    endloop
  endfacet
  facet normal 0.997842 -0.0656534 0
    outer loop
      vertex 23.25 8.93 6.5
      vertex 23.2573 9.04095 2
      vertex 23.2573 9.04095 6.5
    endloop
  endfacet
  facet normal 0.997842 -0.0656534 0
    outer loop
      vertex 23.2573 9.04095 2
      vertex 23.25 8.93 6.5
      vertex 23.25 8.93 2
    endloop
  endfacet
  facet normal -0.659319 -0.751863 0
    outer loop
      vertex 24.6174 9.60435 2
      vertex 24.701 9.53104 6.5
      vertex 24.6174 9.60435 6.5
    endloop
  endfacet
  facet normal -0.659319 -0.751863 -0
    outer loop
      vertex 24.701 9.53104 6.5
      vertex 24.6174 9.60435 2
      vertex 24.701 9.53104 2
    endloop
  endfacet
  facet normal 0.896789 0.442459 0
    outer loop
      vertex 23.3639 8.505 6.5
      vertex 23.3147 8.60472 2
      vertex 23.3147 8.60472 6.5
    endloop
  endfacet
  facet normal 0.896789 0.442459 0
    outer loop
      vertex 23.3147 8.60472 2
      vertex 23.3639 8.505 6.5
      vertex 23.3639 8.505 2
    endloop
  endfacet
  facet normal 0.442386 0.896825 -0
    outer loop
      vertex 23.7747 8.1447 2
      vertex 23.675 8.19388 6.5
      vertex 23.7747 8.1447 6.5
    endloop
  endfacet
  facet normal 0.442386 0.896825 0
    outer loop
      vertex 23.675 8.19388 6.5
      vertex 23.7747 8.1447 2
      vertex 23.675 8.19388 2
    endloop
  endfacet
  facet normal -0.659319 0.751863 0
    outer loop
      vertex 24.701 8.32896 2
      vertex 24.6174 8.25565 6.5
      vertex 24.701 8.32896 6.5
    endloop
  endfacet
  facet normal -0.659319 0.751863 0
    outer loop
      vertex 24.6174 8.25565 6.5
      vertex 24.701 8.32896 2
      vertex 24.6174 8.25565 2
    endloop
  endfacet
  facet normal 0.831773 0.555115 0
    outer loop
      vertex 23.4256 8.41255 6.5
      vertex 23.3639 8.505 2
      vertex 23.3639 8.505 6.5
    endloop
  endfacet
  facet normal 0.831773 0.555115 0
    outer loop
      vertex 23.3639 8.505 2
      vertex 23.4256 8.41255 6.5
      vertex 23.4256 8.41255 2
    endloop
  endfacet
  facet normal -0.321387 0.946948 0
    outer loop
      vertex -22.347 -6.51519 2
      vertex -22.6567 -6.6203 6.5
      vertex -22.347 -6.51519 6.5
    endloop
  endfacet
  facet normal -0.321387 0.946948 0
    outer loop
      vertex -22.6567 -6.6203 6.5
      vertex -22.347 -6.51519 2
      vertex -22.6567 -6.6203 2
    endloop
  endfacet
  facet normal 0.980785 0.195093 0
    outer loop
      vertex -19.2214 -8.60369 6.5
      vertex -19.2852 -8.28295 2
      vertex -19.2852 -8.28295 6.5
    endloop
  endfacet
  facet normal 0.980785 0.195093 0
    outer loop
      vertex -19.2852 -8.28295 2
      vertex -19.2214 -8.60369 6.5
      vertex -19.2214 -8.60369 2
    endloop
  endfacet
  facet normal 0.997856 0.0654412 0
    outer loop
      vertex -19.2 -8.93 6.5
      vertex -19.2214 -8.60369 2
      vertex -19.2214 -8.60369 6.5
    endloop
  endfacet
  facet normal 0.997856 0.0654412 0
    outer loop
      vertex -19.2214 -8.60369 2
      vertex -19.2 -8.93 6.5
      vertex -19.2 -8.93 2
    endloop
  endfacet
  facet normal -0.980785 0.195093 0
    outer loop
      vertex -24.1786 -8.60369 2
      vertex -24.1148 -8.28295 6.5
      vertex -24.1148 -8.28295 2
    endloop
  endfacet
  facet normal -0.980785 0.195093 0
    outer loop
      vertex -24.1148 -8.28295 6.5
      vertex -24.1786 -8.60369 2
      vertex -24.1786 -8.60369 6.5
    endloop
  endfacet
  facet normal 0.0654128 0.997858 -0
    outer loop
      vertex -21.3737 -6.45139 2
      vertex -21.7 -6.43 6.5
      vertex -21.3737 -6.45139 6.5
    endloop
  endfacet
  facet normal 0.0654128 0.997858 0
    outer loop
      vertex -21.7 -6.43 6.5
      vertex -21.3737 -6.45139 2
      vertex -21.7 -6.43 2
    endloop
  endfacet
  facet normal -0.896915 0.442204 0
    outer loop
      vertex -24.0097 -7.97329 2
      vertex -23.8651 -7.68 6.5
      vertex -23.8651 -7.68 2
    endloop
  endfacet
  facet normal -0.896915 0.442204 0
    outer loop
      vertex -23.8651 -7.68 6.5
      vertex -24.0097 -7.97329 2
      vertex -24.0097 -7.97329 6.5
    endloop
  endfacet
  facet normal 0.831438 0.555617 0
    outer loop
      vertex -19.5349 -7.68 6.5
      vertex -19.7166 -7.4081 2
      vertex -19.7166 -7.4081 6.5
    endloop
  endfacet
  facet normal 0.831438 0.555617 0
    outer loop
      vertex -19.7166 -7.4081 2
      vertex -19.5349 -7.68 6.5
      vertex -19.5349 -7.68 2
    endloop
  endfacet
  facet normal 0.659279 0.751898 -0
    outer loop
      vertex -19.9322 -7.16223 2
      vertex -20.1781 -6.94662 6.5
      vertex -19.9322 -7.16223 6.5
    endloop
  endfacet
  facet normal 0.659279 0.751898 0
    outer loop
      vertex -20.1781 -6.94662 6.5
      vertex -19.9322 -7.16223 2
      vertex -20.1781 -6.94662 2
    endloop
  endfacet
  facet normal -0.442191 -0.896921 0
    outer loop
      vertex -22.95 -11.0951 2
      vertex -22.6567 -11.2397 6.5
      vertex -22.95 -11.0951 6.5
    endloop
  endfacet
  facet normal -0.442191 -0.896921 -0
    outer loop
      vertex -22.6567 -11.2397 6.5
      vertex -22.95 -11.0951 2
      vertex -22.6567 -11.2397 2
    endloop
  endfacet
  facet normal 0.997857 -0.0654392 0
    outer loop
      vertex -19.2214 -9.25632 6.5
      vertex -19.2 -8.93 2
      vertex -19.2 -8.93 6.5
    endloop
  endfacet
  facet normal 0.997857 -0.0654392 0
    outer loop
      vertex -19.2 -8.93 2
      vertex -19.2214 -9.25632 6.5
      vertex -19.2214 -9.25632 2
    endloop
  endfacet
  facet normal 0.751873 0.659307 0
    outer loop
      vertex -19.7166 -7.4081 6.5
      vertex -19.9322 -7.16223 2
      vertex -19.9322 -7.16223 6.5
    endloop
  endfacet
  facet normal 0.751873 0.659307 0
    outer loop
      vertex -19.9322 -7.16223 2
      vertex -19.7166 -7.4081 6.5
      vertex -19.7166 -7.4081 2
    endloop
  endfacet
  facet normal 0.321387 0.946948 -0
    outer loop
      vertex -20.7433 -6.6203 2
      vertex -21.053 -6.51519 6.5
      vertex -20.7433 -6.6203 6.5
    endloop
  endfacet
  facet normal 0.321387 0.946948 0
    outer loop
      vertex -21.053 -6.51519 6.5
      vertex -20.7433 -6.6203 2
      vertex -21.053 -6.51519 2
    endloop
  endfacet
  facet normal -0.555617 -0.831438 0
    outer loop
      vertex -23.2219 -10.9134 2
      vertex -22.95 -11.0951 6.5
      vertex -23.2219 -10.9134 6.5
    endloop
  endfacet
  facet normal -0.555617 -0.831438 -0
    outer loop
      vertex -22.95 -11.0951 6.5
      vertex -23.2219 -10.9134 2
      vertex -22.95 -11.0951 2
    endloop
  endfacet
  facet normal -0.831438 -0.555617 0
    outer loop
      vertex -23.6834 -10.4519 2
      vertex -23.8651 -10.18 6.5
      vertex -23.8651 -10.18 2
    endloop
  endfacet
  facet normal -0.831438 -0.555617 0
    outer loop
      vertex -23.8651 -10.18 6.5
      vertex -23.6834 -10.4519 2
      vertex -23.6834 -10.4519 6.5
    endloop
  endfacet
  facet normal 0.0654432 -0.997856 0
    outer loop
      vertex -21.7 -11.43 2
      vertex -21.3737 -11.4086 6.5
      vertex -21.7 -11.43 6.5
    endloop
  endfacet
  facet normal 0.0654432 -0.997856 0
    outer loop
      vertex -21.3737 -11.4086 6.5
      vertex -21.7 -11.43 2
      vertex -21.3737 -11.4086 2
    endloop
  endfacet
  facet normal 0.32136 -0.946957 0
    outer loop
      vertex -21.053 -11.3448 2
      vertex -20.7433 -11.2397 6.5
      vertex -21.053 -11.3448 6.5
    endloop
  endfacet
  facet normal 0.32136 -0.946957 0
    outer loop
      vertex -20.7433 -11.2397 6.5
      vertex -21.053 -11.3448 2
      vertex -20.7433 -11.2397 2
    endloop
  endfacet
  facet normal -0.0654432 -0.997856 0
    outer loop
      vertex -22.0263 -11.4086 2
      vertex -21.7 -11.43 6.5
      vertex -22.0263 -11.4086 6.5
    endloop
  endfacet
  facet normal -0.0654432 -0.997856 -0
    outer loop
      vertex -21.7 -11.43 6.5
      vertex -22.0263 -11.4086 2
      vertex -21.7 -11.43 2
    endloop
  endfacet
  facet normal 0.442191 -0.896921 0
    outer loop
      vertex -20.7433 -11.2397 2
      vertex -20.45 -11.0951 6.5
      vertex -20.7433 -11.2397 6.5
    endloop
  endfacet
  facet normal 0.442191 -0.896921 0
    outer loop
      vertex -20.45 -11.0951 6.5
      vertex -20.7433 -11.2397 2
      vertex -20.45 -11.0951 2
    endloop
  endfacet
  facet normal -0.751873 0.659307 0
    outer loop
      vertex -23.6834 -7.4081 2
      vertex -23.4678 -7.16223 6.5
      vertex -23.4678 -7.16223 2
    endloop
  endfacet
  facet normal -0.751873 0.659307 0
    outer loop
      vertex -23.4678 -7.16223 6.5
      vertex -23.6834 -7.4081 2
      vertex -23.6834 -7.4081 6.5
    endloop
  endfacet
  facet normal 0.44229 0.896872 -0
    outer loop
      vertex -20.45 -6.76494 2
      vertex -20.7433 -6.6203 6.5
      vertex -20.45 -6.76494 6.5
    endloop
  endfacet
  facet normal 0.44229 0.896872 0
    outer loop
      vertex -20.7433 -6.6203 6.5
      vertex -20.45 -6.76494 2
      vertex -20.7433 -6.6203 2
    endloop
  endfacet
  facet normal -0.44229 0.896872 0
    outer loop
      vertex -22.6567 -6.6203 2
      vertex -22.95 -6.76494 6.5
      vertex -22.6567 -6.6203 6.5
    endloop
  endfacet
  facet normal -0.44229 0.896872 0
    outer loop
      vertex -22.95 -6.76494 6.5
      vertex -22.6567 -6.6203 2
      vertex -22.95 -6.76494 2
    endloop
  endfacet
  facet normal 0.751913 -0.659262 0
    outer loop
      vertex -19.9322 -10.6978 6.5
      vertex -19.7166 -10.4519 2
      vertex -19.7166 -10.4519 6.5
    endloop
  endfacet
  facet normal 0.751913 -0.659262 0
    outer loop
      vertex -19.7166 -10.4519 2
      vertex -19.9322 -10.6978 6.5
      vertex -19.9322 -10.6978 2
    endloop
  endfacet
  facet normal -0.195116 -0.98078 0
    outer loop
      vertex -22.347 -11.3448 2
      vertex -22.0263 -11.4086 6.5
      vertex -22.347 -11.3448 6.5
    endloop
  endfacet
  facet normal -0.195116 -0.98078 -0
    outer loop
      vertex -22.0263 -11.4086 6.5
      vertex -22.347 -11.3448 2
      vertex -22.0263 -11.4086 2
    endloop
  endfacet
  facet normal 0.831438 -0.555617 0
    outer loop
      vertex -19.7166 -10.4519 6.5
      vertex -19.5349 -10.18 2
      vertex -19.5349 -10.18 6.5
    endloop
  endfacet
  facet normal 0.831438 -0.555617 0
    outer loop
      vertex -19.5349 -10.18 2
      vertex -19.7166 -10.4519 6.5
      vertex -19.7166 -10.4519 2
    endloop
  endfacet
  facet normal -0.659262 -0.751913 0
    outer loop
      vertex -23.4678 -10.6978 2
      vertex -23.2219 -10.9134 6.5
      vertex -23.4678 -10.6978 6.5
    endloop
  endfacet
  facet normal -0.659262 -0.751913 -0
    outer loop
      vertex -23.2219 -10.9134 6.5
      vertex -23.4678 -10.6978 2
      vertex -23.2219 -10.9134 2
    endloop
  endfacet
  facet normal 0.195116 -0.98078 0
    outer loop
      vertex -21.3737 -11.4086 2
      vertex -21.053 -11.3448 6.5
      vertex -21.3737 -11.4086 6.5
    endloop
  endfacet
  facet normal 0.195116 -0.98078 0
    outer loop
      vertex -21.053 -11.3448 6.5
      vertex -21.3737 -11.4086 2
      vertex -21.053 -11.3448 2
    endloop
  endfacet
  facet normal 0.896915 -0.442204 0
    outer loop
      vertex -19.5349 -10.18 6.5
      vertex -19.3903 -9.88671 2
      vertex -19.3903 -9.88671 6.5
    endloop
  endfacet
  facet normal 0.896915 -0.442204 0
    outer loop
      vertex -19.3903 -9.88671 2
      vertex -19.5349 -10.18 6.5
      vertex -19.5349 -10.18 2
    endloop
  endfacet
  facet normal -0.980784 -0.195099 0
    outer loop
      vertex -24.1148 -9.57705 2
      vertex -24.1786 -9.25632 6.5
      vertex -24.1786 -9.25632 2
    endloop
  endfacet
  facet normal -0.980784 -0.195099 0
    outer loop
      vertex -24.1786 -9.25632 6.5
      vertex -24.1148 -9.57705 2
      vertex -24.1148 -9.57705 6.5
    endloop
  endfacet
  facet normal 0.946944 -0.321397 0
    outer loop
      vertex -19.3903 -9.88671 6.5
      vertex -19.2852 -9.57705 2
      vertex -19.2852 -9.57705 6.5
    endloop
  endfacet
  facet normal 0.946944 -0.321397 0
    outer loop
      vertex -19.2852 -9.57705 2
      vertex -19.3903 -9.88671 6.5
      vertex -19.3903 -9.88671 2
    endloop
  endfacet
  facet normal -0.946944 0.321397 0
    outer loop
      vertex -24.1148 -8.28295 2
      vertex -24.0097 -7.97329 6.5
      vertex -24.0097 -7.97329 2
    endloop
  endfacet
  facet normal -0.946944 0.321397 0
    outer loop
      vertex -24.0097 -7.97329 6.5
      vertex -24.1148 -8.28295 2
      vertex -24.1148 -8.28295 6.5
    endloop
  endfacet
  facet normal -0.0654128 0.997858 0
    outer loop
      vertex -21.7 -6.43 2
      vertex -22.0263 -6.45139 6.5
      vertex -21.7 -6.43 6.5
    endloop
  endfacet
  facet normal -0.0654128 0.997858 0
    outer loop
      vertex -22.0263 -6.45139 6.5
      vertex -21.7 -6.43 2
      vertex -22.0263 -6.45139 2
    endloop
  endfacet
  facet normal -0.896915 -0.442204 0
    outer loop
      vertex -23.8651 -10.18 2
      vertex -24.0097 -9.88671 6.5
      vertex -24.0097 -9.88671 2
    endloop
  endfacet
  facet normal -0.896915 -0.442204 0
    outer loop
      vertex -24.0097 -9.88671 6.5
      vertex -23.8651 -10.18 2
      vertex -23.8651 -10.18 6.5
    endloop
  endfacet
  facet normal 0.555575 0.831466 -0
    outer loop
      vertex -20.1781 -6.94662 2
      vertex -20.45 -6.76494 6.5
      vertex -20.1781 -6.94662 6.5
    endloop
  endfacet
  facet normal 0.555575 0.831466 0
    outer loop
      vertex -20.45 -6.76494 6.5
      vertex -20.1781 -6.94662 2
      vertex -20.45 -6.76494 2
    endloop
  endfacet
  facet normal -0.659279 0.751898 0
    outer loop
      vertex -23.2219 -6.94662 2
      vertex -23.4678 -7.16223 6.5
      vertex -23.2219 -6.94662 6.5
    endloop
  endfacet
  facet normal -0.659279 0.751898 0
    outer loop
      vertex -23.4678 -7.16223 6.5
      vertex -23.2219 -6.94662 2
      vertex -23.4678 -7.16223 2
    endloop
  endfacet
  facet normal -0.555575 0.831466 0
    outer loop
      vertex -22.95 -6.76494 2
      vertex -23.2219 -6.94662 6.5
      vertex -22.95 -6.76494 6.5
    endloop
  endfacet
  facet normal -0.555575 0.831466 0
    outer loop
      vertex -23.2219 -6.94662 6.5
      vertex -22.95 -6.76494 2
      vertex -23.2219 -6.94662 2
    endloop
  endfacet
  facet normal 0.195116 0.98078 -0
    outer loop
      vertex -21.053 -6.51519 2
      vertex -21.3737 -6.45139 6.5
      vertex -21.053 -6.51519 6.5
    endloop
  endfacet
  facet normal 0.195116 0.98078 0
    outer loop
      vertex -21.3737 -6.45139 6.5
      vertex -21.053 -6.51519 2
      vertex -21.3737 -6.45139 2
    endloop
  endfacet
  facet normal 0.980784 -0.195099 0
    outer loop
      vertex -19.2852 -9.57705 6.5
      vertex -19.2214 -9.25632 2
      vertex -19.2214 -9.25632 6.5
    endloop
  endfacet
  facet normal 0.980784 -0.195099 0
    outer loop
      vertex -19.2214 -9.25632 2
      vertex -19.2852 -9.57705 6.5
      vertex -19.2852 -9.57705 2
    endloop
  endfacet
  facet normal 0.659262 -0.751913 0
    outer loop
      vertex -20.1781 -10.9134 2
      vertex -19.9322 -10.6978 6.5
      vertex -20.1781 -10.9134 6.5
    endloop
  endfacet
  facet normal 0.659262 -0.751913 0
    outer loop
      vertex -19.9322 -10.6978 6.5
      vertex -20.1781 -10.9134 2
      vertex -19.9322 -10.6978 2
    endloop
  endfacet
  facet normal -0.997857 -0.0654392 0
    outer loop
      vertex -24.1786 -9.25632 2
      vertex -24.2 -8.93 6.5
      vertex -24.2 -8.93 2
    endloop
  endfacet
  facet normal -0.997857 -0.0654392 0
    outer loop
      vertex -24.2 -8.93 6.5
      vertex -24.1786 -9.25632 2
      vertex -24.1786 -9.25632 6.5
    endloop
  endfacet
  facet normal 0.896915 0.442204 0
    outer loop
      vertex -19.3903 -7.97329 6.5
      vertex -19.5349 -7.68 2
      vertex -19.5349 -7.68 6.5
    endloop
  endfacet
  facet normal 0.896915 0.442204 0
    outer loop
      vertex -19.5349 -7.68 2
      vertex -19.3903 -7.97329 6.5
      vertex -19.3903 -7.97329 2
    endloop
  endfacet
  facet normal 0.555617 -0.831438 0
    outer loop
      vertex -20.45 -11.0951 2
      vertex -20.1781 -10.9134 6.5
      vertex -20.45 -11.0951 6.5
    endloop
  endfacet
  facet normal 0.555617 -0.831438 0
    outer loop
      vertex -20.1781 -10.9134 6.5
      vertex -20.45 -11.0951 2
      vertex -20.1781 -10.9134 2
    endloop
  endfacet
  facet normal 0.946944 0.321397 0
    outer loop
      vertex -19.2852 -8.28295 6.5
      vertex -19.3903 -7.97329 2
      vertex -19.3903 -7.97329 6.5
    endloop
  endfacet
  facet normal 0.946944 0.321397 0
    outer loop
      vertex -19.3903 -7.97329 2
      vertex -19.2852 -8.28295 6.5
      vertex -19.2852 -8.28295 2
    endloop
  endfacet
  facet normal -0.195116 0.98078 0
    outer loop
      vertex -22.0263 -6.45139 2
      vertex -22.347 -6.51519 6.5
      vertex -22.0263 -6.45139 6.5
    endloop
  endfacet
  facet normal -0.195116 0.98078 0
    outer loop
      vertex -22.347 -6.51519 6.5
      vertex -22.0263 -6.45139 2
      vertex -22.347 -6.51519 2
    endloop
  endfacet
  facet normal -0.997856 0.0654412 0
    outer loop
      vertex -24.2 -8.93 2
      vertex -24.1786 -8.60369 6.5
      vertex -24.1786 -8.60369 2
    endloop
  endfacet
  facet normal -0.997856 0.0654412 0
    outer loop
      vertex -24.1786 -8.60369 6.5
      vertex -24.2 -8.93 2
      vertex -24.2 -8.93 6.5
    endloop
  endfacet
  facet normal -0.32136 -0.946957 0
    outer loop
      vertex -22.6567 -11.2397 2
      vertex -22.347 -11.3448 6.5
      vertex -22.6567 -11.2397 6.5
    endloop
  endfacet
  facet normal -0.32136 -0.946957 -0
    outer loop
      vertex -22.347 -11.3448 6.5
      vertex -22.6567 -11.2397 2
      vertex -22.347 -11.3448 2
    endloop
  endfacet
  facet normal -0.946944 -0.321397 0
    outer loop
      vertex -24.0097 -9.88671 2
      vertex -24.1148 -9.57705 6.5
      vertex -24.1148 -9.57705 2
    endloop
  endfacet
  facet normal -0.946944 -0.321397 0
    outer loop
      vertex -24.1148 -9.57705 6.5
      vertex -24.0097 -9.88671 2
      vertex -24.0097 -9.88671 6.5
    endloop
  endfacet
  facet normal -0.751913 -0.659262 0
    outer loop
      vertex -23.4678 -10.6978 2
      vertex -23.6834 -10.4519 6.5
      vertex -23.6834 -10.4519 2
    endloop
  endfacet
  facet normal -0.751913 -0.659262 0
    outer loop
      vertex -23.6834 -10.4519 6.5
      vertex -23.4678 -10.6978 2
      vertex -23.4678 -10.6978 6.5
    endloop
  endfacet
  facet normal 0 0 1
    outer loop
      vertex -20.85 -8.93 6.5
      vertex -19.2 -8.93 6.5
      vertex -19.2214 -8.60369 6.5
    endloop
  endfacet
  facet normal 0 0 1
    outer loop
      vertex -20.8573 -8.81905 6.5
      vertex -19.2214 -8.60369 6.5
      vertex -19.2852 -8.28295 6.5
    endloop
  endfacet
  facet normal 0 0 1
    outer loop
      vertex -19.2 -8.93 6.5
      vertex -20.85 -8.93 6.5
      vertex -19.2214 -9.25632 6.5
    endloop
  endfacet
  facet normal 0 0 1
    outer loop
      vertex -20.879 -8.71 6.5
      vertex -19.2852 -8.28295 6.5
      vertex -19.3903 -7.97329 6.5
    endloop
  endfacet
  facet normal -0 0 1
    outer loop
      vertex -20.8573 -9.04095 6.5
      vertex -19.2214 -9.25632 6.5
      vertex -20.85 -8.93 6.5
    endloop
  endfacet
  facet normal 0 0 1
    outer loop
      vertex -20.9147 -8.60472 6.5
      vertex -19.3903 -7.97329 6.5
      vertex -19.5349 -7.68 6.5
    endloop
  endfacet
  facet normal 0 0 1
    outer loop
      vertex -19.2214 -9.25632 6.5
      vertex -20.8573 -9.04095 6.5
      vertex -19.2852 -9.57705 6.5
    endloop
  endfacet
  facet normal 0 0 1
    outer loop
      vertex -20.9639 -8.505 6.5
      vertex -19.5349 -7.68 6.5
      vertex -19.7166 -7.4081 6.5
    endloop
  endfacet
  facet normal -0 0 1
    outer loop
      vertex -20.879 -9.15 6.5
      vertex -19.2852 -9.57705 6.5
      vertex -20.8573 -9.04095 6.5
    endloop
  endfacet
  facet normal 0 0 1
    outer loop
      vertex -21.0257 -8.41255 6.5
      vertex -19.7166 -7.4081 6.5
      vertex -19.9322 -7.16223 6.5
    endloop
  endfacet
  facet normal 0 0 1
    outer loop
      vertex -19.2852 -9.57705 6.5
      vertex -20.879 -9.15 6.5
      vertex -19.3903 -9.88671 6.5
    endloop
  endfacet
  facet normal 0 0 1
    outer loop
      vertex -21.099 -8.32896 6.5
      vertex -19.9322 -7.16223 6.5
      vertex -20.1781 -6.94662 6.5
    endloop
  endfacet
  facet normal -0 0 1
    outer loop
      vertex -20.9147 -9.25528 6.5
      vertex -19.3903 -9.88671 6.5
      vertex -20.879 -9.15 6.5
    endloop
  endfacet
  facet normal 0 0 1
    outer loop
      vertex -21.1826 -8.25565 6.5
      vertex -20.1781 -6.94662 6.5
      vertex -20.45 -6.76494 6.5
    endloop
  endfacet
  facet normal 0 0 1
    outer loop
      vertex -19.3903 -9.88671 6.5
      vertex -20.9147 -9.25528 6.5
      vertex -19.5349 -10.18 6.5
    endloop
  endfacet
  facet normal 0 0 1
    outer loop
      vertex -21.275 -8.19388 6.5
      vertex -20.45 -6.76494 6.5
      vertex -20.7433 -6.6203 6.5
    endloop
  endfacet
  facet normal -0 0 1
    outer loop
      vertex -20.9639 -9.355 6.5
      vertex -19.5349 -10.18 6.5
      vertex -20.9147 -9.25528 6.5
    endloop
  endfacet
  facet normal 0 0 1
    outer loop
      vertex -19.5349 -10.18 6.5
      vertex -20.9639 -9.355 6.5
      vertex -19.7166 -10.4519 6.5
    endloop
  endfacet
  facet normal 0 0 1
    outer loop
      vertex -19.2214 -8.60369 6.5
      vertex -20.8573 -8.81905 6.5
      vertex -20.85 -8.93 6.5
    endloop
  endfacet
  facet normal 0 0 1
    outer loop
      vertex -19.2852 -8.28295 6.5
      vertex -20.879 -8.71 6.5
      vertex -20.8573 -8.81905 6.5
    endloop
  endfacet
  facet normal 0 0 1
    outer loop
      vertex -19.3903 -7.97329 6.5
      vertex -20.9147 -8.60472 6.5
      vertex -20.879 -8.71 6.5
    endloop
  endfacet
  facet normal 0 0 1
    outer loop
      vertex -19.5349 -7.68 6.5
      vertex -20.9639 -8.505 6.5
      vertex -20.9147 -8.60472 6.5
    endloop
  endfacet
  facet normal 0 0 1
    outer loop
      vertex -19.7166 -7.4081 6.5
      vertex -21.0257 -8.41255 6.5
      vertex -20.9639 -8.505 6.5
    endloop
  endfacet
  facet normal 0 0 1
    outer loop
      vertex -21.3747 -8.1447 6.5
      vertex -20.7433 -6.6203 6.5
      vertex -21.053 -6.51519 6.5
    endloop
  endfacet
  facet normal 0 0 1
    outer loop
      vertex -19.9322 -7.16223 6.5
      vertex -21.099 -8.32896 6.5
      vertex -21.0257 -8.41255 6.5
    endloop
  endfacet
  facet normal 0 0 1
    outer loop
      vertex -20.1781 -6.94662 6.5
      vertex -21.1826 -8.25565 6.5
      vertex -21.099 -8.32896 6.5
    endloop
  endfacet
  facet normal 0 0 1
    outer loop
      vertex -20.45 -6.76494 6.5
      vertex -21.275 -8.19388 6.5
      vertex -21.1826 -8.25565 6.5
    endloop
  endfacet
  facet normal 0 0 1
    outer loop
      vertex -21.48 -8.10896 6.5
      vertex -21.053 -6.51519 6.5
      vertex -21.3737 -6.45139 6.5
    endloop
  endfacet
  facet normal 0 0 1
    outer loop
      vertex -20.7433 -6.6203 6.5
      vertex -21.3747 -8.1447 6.5
      vertex -21.275 -8.19388 6.5
    endloop
  endfacet
  facet normal 0 0 1
    outer loop
      vertex -21.053 -6.51519 6.5
      vertex -21.48 -8.10896 6.5
      vertex -21.3747 -8.1447 6.5
    endloop
  endfacet
  facet normal 0 0 1
    outer loop
      vertex -21.3737 -6.45139 6.5
      vertex -21.5891 -8.08727 6.5
      vertex -21.48 -8.10896 6.5
    endloop
  endfacet
  facet normal 0 0 1
    outer loop
      vertex -21.7 -6.43 6.5
      vertex -21.5891 -8.08727 6.5
      vertex -21.3737 -6.45139 6.5
    endloop
  endfacet
  facet normal 0 0 1
    outer loop
      vertex -21.7 -6.43 6.5
      vertex -21.7 -8.08 6.5
      vertex -21.5891 -8.08727 6.5
    endloop
  endfacet
  facet normal 0 0 1
    outer loop
      vertex -21.7 -6.43 6.5
      vertex -21.8109 -8.08727 6.5
      vertex -21.7 -8.08 6.5
    endloop
  endfacet
  facet normal -0 0 1
    outer loop
      vertex -22.0263 -6.45139 6.5
      vertex -21.8109 -8.08727 6.5
      vertex -21.7 -6.43 6.5
    endloop
  endfacet
  facet normal 0 0 1
    outer loop
      vertex -21.8109 -8.08727 6.5
      vertex -22.0263 -6.45139 6.5
      vertex -21.92 -8.10896 6.5
    endloop
  endfacet
  facet normal -0 0 1
    outer loop
      vertex -22.347 -6.51519 6.5
      vertex -21.92 -8.10896 6.5
      vertex -22.0263 -6.45139 6.5
    endloop
  endfacet
  facet normal 0 0 1
    outer loop
      vertex -21.92 -8.10896 6.5
      vertex -22.347 -6.51519 6.5
      vertex -22.0253 -8.1447 6.5
    endloop
  endfacet
  facet normal -0 0 1
    outer loop
      vertex -22.6567 -6.6203 6.5
      vertex -22.0253 -8.1447 6.5
      vertex -22.347 -6.51519 6.5
    endloop
  endfacet
  facet normal 0 0 1
    outer loop
      vertex -22.0253 -8.1447 6.5
      vertex -22.6567 -6.6203 6.5
      vertex -22.125 -8.19388 6.5
    endloop
  endfacet
  facet normal -0 0 1
    outer loop
      vertex -22.95 -6.76494 6.5
      vertex -22.125 -8.19388 6.5
      vertex -22.6567 -6.6203 6.5
    endloop
  endfacet
  facet normal 0 0 1
    outer loop
      vertex -22.125 -8.19388 6.5
      vertex -22.95 -6.76494 6.5
      vertex -22.2174 -8.25565 6.5
    endloop
  endfacet
  facet normal -0 0 1
    outer loop
      vertex -23.2219 -6.94662 6.5
      vertex -22.2174 -8.25565 6.5
      vertex -22.95 -6.76494 6.5
    endloop
  endfacet
  facet normal 0 0 1
    outer loop
      vertex -22.2174 -8.25565 6.5
      vertex -23.2219 -6.94662 6.5
      vertex -22.301 -8.32896 6.5
    endloop
  endfacet
  facet normal -0 0 1
    outer loop
      vertex -23.4678 -7.16223 6.5
      vertex -22.301 -8.32896 6.5
      vertex -23.2219 -6.94662 6.5
    endloop
  endfacet
  facet normal 0 0 1
    outer loop
      vertex -22.301 -8.32896 6.5
      vertex -23.4678 -7.16223 6.5
      vertex -22.3743 -8.41255 6.5
    endloop
  endfacet
  facet normal 0 0 1
    outer loop
      vertex -22.3743 -8.41255 6.5
      vertex -23.6834 -7.4081 6.5
      vertex -22.4361 -8.505 6.5
    endloop
  endfacet
  facet normal -0 0 1
    outer loop
      vertex -23.6834 -7.4081 6.5
      vertex -22.3743 -8.41255 6.5
      vertex -23.4678 -7.16223 6.5
    endloop
  endfacet
  facet normal -0 0 1
    outer loop
      vertex -21.0257 -9.44745 6.5
      vertex -19.7166 -10.4519 6.5
      vertex -20.9639 -9.355 6.5
    endloop
  endfacet
  facet normal 0 0 1
    outer loop
      vertex -19.7166 -10.4519 6.5
      vertex -21.0257 -9.44745 6.5
      vertex -19.9322 -10.6978 6.5
    endloop
  endfacet
  facet normal -0 0 1
    outer loop
      vertex -21.099 -9.53104 6.5
      vertex -19.9322 -10.6978 6.5
      vertex -21.0257 -9.44745 6.5
    endloop
  endfacet
  facet normal 0 0 1
    outer loop
      vertex -19.9322 -10.6978 6.5
      vertex -21.099 -9.53104 6.5
      vertex -20.1781 -10.9134 6.5
    endloop
  endfacet
  facet normal -0 0 1
    outer loop
      vertex -21.1826 -9.60435 6.5
      vertex -20.1781 -10.9134 6.5
      vertex -21.099 -9.53104 6.5
    endloop
  endfacet
  facet normal 0 0 1
    outer loop
      vertex -20.1781 -10.9134 6.5
      vertex -21.1826 -9.60435 6.5
      vertex -20.45 -11.0951 6.5
    endloop
  endfacet
  facet normal -0 0 1
    outer loop
      vertex -21.275 -9.66612 6.5
      vertex -20.45 -11.0951 6.5
      vertex -21.1826 -9.60435 6.5
    endloop
  endfacet
  facet normal 0 0 1
    outer loop
      vertex -20.45 -11.0951 6.5
      vertex -21.275 -9.66612 6.5
      vertex -20.7433 -11.2397 6.5
    endloop
  endfacet
  facet normal -0 0 1
    outer loop
      vertex -21.3747 -9.7153 6.5
      vertex -20.7433 -11.2397 6.5
      vertex -21.275 -9.66612 6.5
    endloop
  endfacet
  facet normal 0 0 1
    outer loop
      vertex -20.7433 -11.2397 6.5
      vertex -21.3747 -9.7153 6.5
      vertex -21.053 -11.3448 6.5
    endloop
  endfacet
  facet normal -0 0 1
    outer loop
      vertex -21.48 -9.75104 6.5
      vertex -21.053 -11.3448 6.5
      vertex -21.3747 -9.7153 6.5
    endloop
  endfacet
  facet normal 0 0 1
    outer loop
      vertex -21.053 -11.3448 6.5
      vertex -21.48 -9.75104 6.5
      vertex -21.3737 -11.4086 6.5
    endloop
  endfacet
  facet normal -0 0 1
    outer loop
      vertex -21.5891 -9.77273 6.5
      vertex -21.3737 -11.4086 6.5
      vertex -21.48 -9.75104 6.5
    endloop
  endfacet
  facet normal -0 0 1
    outer loop
      vertex -21.7 -9.78 6.5
      vertex -21.3737 -11.4086 6.5
      vertex -21.5891 -9.77273 6.5
    endloop
  endfacet
  facet normal 0 0 1
    outer loop
      vertex -21.7 -9.78 6.5
      vertex -21.7 -11.43 6.5
      vertex -21.3737 -11.4086 6.5
    endloop
  endfacet
  facet normal 0 0 1
    outer loop
      vertex -21.8109 -9.77273 6.5
      vertex -21.7 -11.43 6.5
      vertex -21.7 -9.78 6.5
    endloop
  endfacet
  facet normal 0 0 1
    outer loop
      vertex -22.0263 -11.4086 6.5
      vertex -21.8109 -9.77273 6.5
      vertex -21.92 -9.75104 6.5
    endloop
  endfacet
  facet normal 0 0 1
    outer loop
      vertex -22.347 -11.3448 6.5
      vertex -21.92 -9.75104 6.5
      vertex -22.0253 -9.7153 6.5
    endloop
  endfacet
  facet normal 0 0 1
    outer loop
      vertex -21.8109 -9.77273 6.5
      vertex -22.0263 -11.4086 6.5
      vertex -21.7 -11.43 6.5
    endloop
  endfacet
  facet normal 0 0 1
    outer loop
      vertex -22.6567 -11.2397 6.5
      vertex -22.0253 -9.7153 6.5
      vertex -22.125 -9.66612 6.5
    endloop
  endfacet
  facet normal 0 0 1
    outer loop
      vertex -22.95 -11.0951 6.5
      vertex -22.125 -9.66612 6.5
      vertex -22.2174 -9.60435 6.5
    endloop
  endfacet
  facet normal 0 0 1
    outer loop
      vertex -23.2219 -10.9134 6.5
      vertex -22.2174 -9.60435 6.5
      vertex -22.301 -9.53104 6.5
    endloop
  endfacet
  facet normal 0 0 1
    outer loop
      vertex -21.92 -9.75104 6.5
      vertex -22.347 -11.3448 6.5
      vertex -22.0263 -11.4086 6.5
    endloop
  endfacet
  facet normal 0 0 1
    outer loop
      vertex -23.4678 -10.6978 6.5
      vertex -22.301 -9.53104 6.5
      vertex -22.3743 -9.44745 6.5
    endloop
  endfacet
  facet normal 0 0 1
    outer loop
      vertex -23.6834 -10.4519 6.5
      vertex -22.3743 -9.44745 6.5
      vertex -22.4361 -9.355 6.5
    endloop
  endfacet
  facet normal 0 0 1
    outer loop
      vertex -23.8651 -10.18 6.5
      vertex -22.4361 -9.355 6.5
      vertex -22.4853 -9.25528 6.5
    endloop
  endfacet
  facet normal 0 0 1
    outer loop
      vertex -24.0097 -9.88671 6.5
      vertex -22.4853 -9.25528 6.5
      vertex -22.521 -9.15 6.5
    endloop
  endfacet
  facet normal 0 0 1
    outer loop
      vertex -24.1148 -9.57705 6.5
      vertex -22.521 -9.15 6.5
      vertex -22.5427 -9.04095 6.5
    endloop
  endfacet
  facet normal 0 0 1
    outer loop
      vertex -22.0253 -9.7153 6.5
      vertex -22.6567 -11.2397 6.5
      vertex -22.347 -11.3448 6.5
    endloop
  endfacet
  facet normal 0 0 1
    outer loop
      vertex -24.1786 -9.25632 6.5
      vertex -22.5427 -9.04095 6.5
      vertex -22.55 -8.93 6.5
    endloop
  endfacet
  facet normal -0 0 1
    outer loop
      vertex -23.8651 -7.68 6.5
      vertex -22.4361 -8.505 6.5
      vertex -23.6834 -7.4081 6.5
    endloop
  endfacet
  facet normal 0 0 1
    outer loop
      vertex -22.4361 -8.505 6.5
      vertex -23.8651 -7.68 6.5
      vertex -22.4853 -8.60472 6.5
    endloop
  endfacet
  facet normal 0 0 1
    outer loop
      vertex -22.125 -9.66612 6.5
      vertex -22.95 -11.0951 6.5
      vertex -22.6567 -11.2397 6.5
    endloop
  endfacet
  facet normal -0 0 1
    outer loop
      vertex -24.0097 -7.97329 6.5
      vertex -22.4853 -8.60472 6.5
      vertex -23.8651 -7.68 6.5
    endloop
  endfacet
  facet normal 0 0 1
    outer loop
      vertex -22.2174 -9.60435 6.5
      vertex -23.2219 -10.9134 6.5
      vertex -22.95 -11.0951 6.5
    endloop
  endfacet
  facet normal 0 0 1
    outer loop
      vertex -22.4853 -8.60472 6.5
      vertex -24.0097 -7.97329 6.5
      vertex -22.521 -8.71 6.5
    endloop
  endfacet
  facet normal 0 0 1
    outer loop
      vertex -22.301 -9.53104 6.5
      vertex -23.4678 -10.6978 6.5
      vertex -23.2219 -10.9134 6.5
    endloop
  endfacet
  facet normal -0 0 1
    outer loop
      vertex -24.1148 -8.28295 6.5
      vertex -22.521 -8.71 6.5
      vertex -24.0097 -7.97329 6.5
    endloop
  endfacet
  facet normal 0 0 1
    outer loop
      vertex -22.3743 -9.44745 6.5
      vertex -23.6834 -10.4519 6.5
      vertex -23.4678 -10.6978 6.5
    endloop
  endfacet
  facet normal 0 0 1
    outer loop
      vertex -22.521 -8.71 6.5
      vertex -24.1148 -8.28295 6.5
      vertex -22.5427 -8.81905 6.5
    endloop
  endfacet
  facet normal 0 0 1
    outer loop
      vertex -22.4361 -9.355 6.5
      vertex -23.8651 -10.18 6.5
      vertex -23.6834 -10.4519 6.5
    endloop
  endfacet
  facet normal -0 0 1
    outer loop
      vertex -24.1786 -8.60369 6.5
      vertex -22.5427 -8.81905 6.5
      vertex -24.1148 -8.28295 6.5
    endloop
  endfacet
  facet normal 0 0 1
    outer loop
      vertex -22.4853 -9.25528 6.5
      vertex -24.0097 -9.88671 6.5
      vertex -23.8651 -10.18 6.5
    endloop
  endfacet
  facet normal 0 0 1
    outer loop
      vertex -22.5427 -8.81905 6.5
      vertex -24.1786 -8.60369 6.5
      vertex -22.55 -8.93 6.5
    endloop
  endfacet
  facet normal 0 0 1
    outer loop
      vertex -22.521 -9.15 6.5
      vertex -24.1148 -9.57705 6.5
      vertex -24.0097 -9.88671 6.5
    endloop
  endfacet
  facet normal 0 0 1
    outer loop
      vertex -24.2 -8.93 6.5
      vertex -22.55 -8.93 6.5
      vertex -24.1786 -8.60369 6.5
    endloop
  endfacet
  facet normal 0 0 1
    outer loop
      vertex -22.5427 -9.04095 6.5
      vertex -24.1786 -9.25632 6.5
      vertex -24.1148 -9.57705 6.5
    endloop
  endfacet
  facet normal 0 0 1
    outer loop
      vertex -22.55 -8.93 6.5
      vertex -24.2 -8.93 6.5
      vertex -24.1786 -9.25632 6.5
    endloop
  endfacet
  facet normal -0.831438 0.555617 0
    outer loop
      vertex -23.8651 -7.68 2
      vertex -23.6834 -7.4081 6.5
      vertex -23.6834 -7.4081 2
    endloop
  endfacet
  facet normal -0.831438 0.555617 0
    outer loop
      vertex -23.6834 -7.4081 6.5
      vertex -23.8651 -7.68 2
      vertex -23.8651 -7.68 6.5
    endloop
  endfacet
  facet normal -0.194992 -0.980805 0
    outer loop
      vertex -21.5891 -8.08727 2
      vertex -21.48 -8.10896 6.5
      vertex -21.5891 -8.08727 6.5
    endloop
  endfacet
  facet normal -0.194992 -0.980805 -0
    outer loop
      vertex -21.48 -8.10896 6.5
      vertex -21.5891 -8.08727 2
      vertex -21.48 -8.10896 2
    endloop
  endfacet
  facet normal -0.98077 -0.195165 0
    outer loop
      vertex -20.8573 -8.81905 2
      vertex -20.879 -8.71 6.5
      vertex -20.879 -8.71 2
    endloop
  endfacet
  facet normal -0.98077 -0.195165 0
    outer loop
      vertex -20.879 -8.71 6.5
      vertex -20.8573 -8.81905 2
      vertex -20.8573 -8.81905 6.5
    endloop
  endfacet
  facet normal -0.997842 -0.0656534 0
    outer loop
      vertex -20.85 -8.93 2
      vertex -20.8573 -8.81905 6.5
      vertex -20.8573 -8.81905 2
    endloop
  endfacet
  facet normal -0.997842 -0.0656534 0
    outer loop
      vertex -20.8573 -8.81905 6.5
      vertex -20.85 -8.93 2
      vertex -20.85 -8.93 6.5
    endloop
  endfacet
  facet normal -0.947033 -0.321135 0
    outer loop
      vertex -20.879 -8.71 2
      vertex -20.9147 -8.60472 6.5
      vertex -20.9147 -8.60472 2
    endloop
  endfacet
  facet normal -0.947033 -0.321135 0
    outer loop
      vertex -20.9147 -8.60472 6.5
      vertex -20.879 -8.71 2
      vertex -20.879 -8.71 6.5
    endloop
  endfacet
  facet normal -0.831358 -0.555737 0
    outer loop
      vertex -20.9639 -8.505 2
      vertex -21.0257 -8.41255 6.5
      vertex -21.0257 -8.41255 2
    endloop
  endfacet
  facet normal -0.831358 -0.555737 0
    outer loop
      vertex -21.0257 -8.41255 6.5
      vertex -20.9639 -8.505 2
      vertex -20.9639 -8.505 6.5
    endloop
  endfacet
  facet normal -0.321403 -0.946943 0
    outer loop
      vertex -21.48 -8.10896 2
      vertex -21.3747 -8.1447 6.5
      vertex -21.48 -8.10896 6.5
    endloop
  endfacet
  facet normal -0.321403 -0.946943 -0
    outer loop
      vertex -21.3747 -8.1447 6.5
      vertex -21.48 -8.10896 2
      vertex -21.3747 -8.1447 2
    endloop
  endfacet
  facet normal 0.98077 0.195165 0
    outer loop
      vertex -22.521 -9.15 6.5
      vertex -22.5427 -9.04095 2
      vertex -22.5427 -9.04095 6.5
    endloop
  endfacet
  facet normal 0.98077 0.195165 0
    outer loop
      vertex -22.5427 -9.04095 2
      vertex -22.521 -9.15 6.5
      vertex -22.521 -9.15 2
    endloop
  endfacet
  facet normal -0.997842 0.0656534 0
    outer loop
      vertex -20.8573 -9.04095 2
      vertex -20.85 -8.93 6.5
      vertex -20.85 -8.93 2
    endloop
  endfacet
  facet normal -0.997842 0.0656534 0
    outer loop
      vertex -20.85 -8.93 6.5
      vertex -20.8573 -9.04095 2
      vertex -20.8573 -9.04095 6.5
    endloop
  endfacet
  facet normal 0.997842 0.0656534 0
    outer loop
      vertex -22.5427 -9.04095 6.5
      vertex -22.55 -8.93 2
      vertex -22.55 -8.93 6.5
    endloop
  endfacet
  facet normal 0.997842 0.0656534 0
    outer loop
      vertex -22.55 -8.93 2
      vertex -22.5427 -9.04095 6.5
      vertex -22.5427 -9.04095 2
    endloop
  endfacet
  facet normal 0.321403 0.946943 -0
    outer loop
      vertex -21.92 -9.75104 2
      vertex -22.0253 -9.7153 6.5
      vertex -21.92 -9.75104 6.5
    endloop
  endfacet
  facet normal 0.321403 0.946943 0
    outer loop
      vertex -22.0253 -9.7153 6.5
      vertex -21.92 -9.75104 2
      vertex -22.0253 -9.7153 2
    endloop
  endfacet
  facet normal -0.896789 -0.442459 0
    outer loop
      vertex -20.9147 -8.60472 2
      vertex -20.9639 -8.505 6.5
      vertex -20.9639 -8.505 2
    endloop
  endfacet
  facet normal -0.896789 -0.442459 0
    outer loop
      vertex -20.9639 -8.505 6.5
      vertex -20.9147 -8.60472 2
      vertex -20.9147 -8.60472 6.5
    endloop
  endfacet
  facet normal -0.751869 -0.659313 0
    outer loop
      vertex -21.0257 -8.41255 2
      vertex -21.099 -8.32896 6.5
      vertex -21.099 -8.32896 2
    endloop
  endfacet
  facet normal -0.751869 -0.659313 0
    outer loop
      vertex -21.099 -8.32896 6.5
      vertex -21.0257 -8.41255 2
      vertex -21.0257 -8.41255 6.5
    endloop
  endfacet
  facet normal -0.947033 0.321135 0
    outer loop
      vertex -20.9147 -9.25528 2
      vertex -20.879 -9.15 6.5
      vertex -20.879 -9.15 2
    endloop
  endfacet
  facet normal -0.947033 0.321135 0
    outer loop
      vertex -20.879 -9.15 6.5
      vertex -20.9147 -9.25528 2
      vertex -20.9147 -9.25528 6.5
    endloop
  endfacet
  facet normal 0.751869 0.659313 0
    outer loop
      vertex -22.301 -9.53104 6.5
      vertex -22.3743 -9.44745 2
      vertex -22.3743 -9.44745 6.5
    endloop
  endfacet
  facet normal 0.751869 0.659313 0
    outer loop
      vertex -22.3743 -9.44745 2
      vertex -22.301 -9.53104 6.5
      vertex -22.301 -9.53104 2
    endloop
  endfacet
  facet normal -0.98077 0.195165 0
    outer loop
      vertex -20.879 -9.15 2
      vertex -20.8573 -9.04095 6.5
      vertex -20.8573 -9.04095 2
    endloop
  endfacet
  facet normal -0.98077 0.195165 0
    outer loop
      vertex -20.8573 -9.04095 6.5
      vertex -20.879 -9.15 2
      vertex -20.879 -9.15 6.5
    endloop
  endfacet
  facet normal -0.0654141 0.997858 0
    outer loop
      vertex -21.5891 -9.77273 2
      vertex -21.7 -9.78 6.5
      vertex -21.5891 -9.77273 6.5
    endloop
  endfacet
  facet normal -0.0654141 0.997858 0
    outer loop
      vertex -21.7 -9.78 6.5
      vertex -21.5891 -9.77273 2
      vertex -21.7 -9.78 2
    endloop
  endfacet
  facet normal 0.947033 0.321135 0
    outer loop
      vertex -22.4853 -9.25528 6.5
      vertex -22.521 -9.15 2
      vertex -22.521 -9.15 6.5
    endloop
  endfacet
  facet normal 0.947033 0.321135 0
    outer loop
      vertex -22.521 -9.15 2
      vertex -22.4853 -9.25528 6.5
      vertex -22.4853 -9.25528 2
    endloop
  endfacet
  facet normal -0.831358 0.555737 0
    outer loop
      vertex -21.0257 -9.44745 2
      vertex -20.9639 -9.355 6.5
      vertex -20.9639 -9.355 2
    endloop
  endfacet
  facet normal -0.831358 0.555737 0
    outer loop
      vertex -20.9639 -9.355 6.5
      vertex -21.0257 -9.44745 2
      vertex -21.0257 -9.44745 6.5
    endloop
  endfacet
  facet normal -0.442386 -0.896825 0
    outer loop
      vertex -21.3747 -8.1447 2
      vertex -21.275 -8.19388 6.5
      vertex -21.3747 -8.1447 6.5
    endloop
  endfacet
  facet normal -0.442386 -0.896825 -0
    outer loop
      vertex -21.275 -8.19388 6.5
      vertex -21.3747 -8.1447 2
      vertex -21.275 -8.19388 2
    endloop
  endfacet
  facet normal 0.442386 -0.896825 0
    outer loop
      vertex -22.125 -8.19388 2
      vertex -22.0253 -8.1447 6.5
      vertex -22.125 -8.19388 6.5
    endloop
  endfacet
  facet normal 0.442386 -0.896825 0
    outer loop
      vertex -22.0253 -8.1447 6.5
      vertex -22.125 -8.19388 2
      vertex -22.0253 -8.1447 2
    endloop
  endfacet
  facet normal -0.442386 0.896825 0
    outer loop
      vertex -21.275 -9.66612 2
      vertex -21.3747 -9.7153 6.5
      vertex -21.275 -9.66612 6.5
    endloop
  endfacet
  facet normal -0.442386 0.896825 0
    outer loop
      vertex -21.3747 -9.7153 6.5
      vertex -21.275 -9.66612 2
      vertex -21.3747 -9.7153 2
    endloop
  endfacet
  facet normal -0.321403 0.946943 0
    outer loop
      vertex -21.3747 -9.7153 2
      vertex -21.48 -9.75104 6.5
      vertex -21.3747 -9.7153 6.5
    endloop
  endfacet
  facet normal -0.321403 0.946943 0
    outer loop
      vertex -21.48 -9.75104 6.5
      vertex -21.3747 -9.7153 2
      vertex -21.48 -9.75104 2
    endloop
  endfacet
  facet normal 0.194992 0.980805 -0
    outer loop
      vertex -21.8109 -9.77273 2
      vertex -21.92 -9.75104 6.5
      vertex -21.8109 -9.77273 6.5
    endloop
  endfacet
  facet normal 0.194992 0.980805 0
    outer loop
      vertex -21.92 -9.75104 6.5
      vertex -21.8109 -9.77273 2
      vertex -21.92 -9.75104 2
    endloop
  endfacet
  facet normal 0.947033 -0.321135 0
    outer loop
      vertex -22.521 -8.71 6.5
      vertex -22.4853 -8.60472 2
      vertex -22.4853 -8.60472 6.5
    endloop
  endfacet
  facet normal 0.947033 -0.321135 0
    outer loop
      vertex -22.4853 -8.60472 2
      vertex -22.521 -8.71 6.5
      vertex -22.521 -8.71 2
    endloop
  endfacet
  facet normal 0.194992 -0.980805 0
    outer loop
      vertex -21.92 -8.10896 2
      vertex -21.8109 -8.08727 6.5
      vertex -21.92 -8.10896 6.5
    endloop
  endfacet
  facet normal 0.194992 -0.980805 0
    outer loop
      vertex -21.8109 -8.08727 6.5
      vertex -21.92 -8.10896 2
      vertex -21.8109 -8.08727 2
    endloop
  endfacet
  facet normal 0.555759 -0.831344 0
    outer loop
      vertex -22.2174 -8.25565 2
      vertex -22.125 -8.19388 6.5
      vertex -22.2174 -8.25565 6.5
    endloop
  endfacet
  facet normal 0.555759 -0.831344 0
    outer loop
      vertex -22.125 -8.19388 6.5
      vertex -22.2174 -8.25565 2
      vertex -22.125 -8.19388 2
    endloop
  endfacet
  facet normal -0.555759 0.831344 0
    outer loop
      vertex -21.1826 -9.60435 2
      vertex -21.275 -9.66612 6.5
      vertex -21.1826 -9.60435 6.5
    endloop
  endfacet
  facet normal -0.555759 0.831344 0
    outer loop
      vertex -21.275 -9.66612 6.5
      vertex -21.1826 -9.60435 2
      vertex -21.275 -9.66612 2
    endloop
  endfacet
  facet normal -0.194992 0.980805 0
    outer loop
      vertex -21.48 -9.75104 2
      vertex -21.5891 -9.77273 6.5
      vertex -21.48 -9.75104 6.5
    endloop
  endfacet
  facet normal -0.194992 0.980805 0
    outer loop
      vertex -21.5891 -9.77273 6.5
      vertex -21.48 -9.75104 2
      vertex -21.5891 -9.77273 2
    endloop
  endfacet
  facet normal 0.896789 -0.442459 0
    outer loop
      vertex -22.4853 -8.60472 6.5
      vertex -22.4361 -8.505 2
      vertex -22.4361 -8.505 6.5
    endloop
  endfacet
  facet normal 0.896789 -0.442459 0
    outer loop
      vertex -22.4361 -8.505 2
      vertex -22.4853 -8.60472 6.5
      vertex -22.4853 -8.60472 2
    endloop
  endfacet
  facet normal 0.831358 -0.555737 0
    outer loop
      vertex -22.4361 -8.505 6.5
      vertex -22.3743 -8.41255 2
      vertex -22.3743 -8.41255 6.5
    endloop
  endfacet
  facet normal 0.831358 -0.555737 0
    outer loop
      vertex -22.3743 -8.41255 2
      vertex -22.4361 -8.505 6.5
      vertex -22.4361 -8.505 2
    endloop
  endfacet
  facet normal 0.0654141 0.997858 -0
    outer loop
      vertex -21.7 -9.78 2
      vertex -21.8109 -9.77273 6.5
      vertex -21.7 -9.78 6.5
    endloop
  endfacet
  facet normal 0.0654141 0.997858 0
    outer loop
      vertex -21.8109 -9.77273 6.5
      vertex -21.7 -9.78 2
      vertex -21.8109 -9.77273 2
    endloop
  endfacet
  facet normal 0.659319 -0.751863 0
    outer loop
      vertex -22.301 -8.32896 2
      vertex -22.2174 -8.25565 6.5
      vertex -22.301 -8.32896 6.5
    endloop
  endfacet
  facet normal 0.659319 -0.751863 0
    outer loop
      vertex -22.2174 -8.25565 6.5
      vertex -22.301 -8.32896 2
      vertex -22.2174 -8.25565 2
    endloop
  endfacet
  facet normal 0.659319 0.751863 -0
    outer loop
      vertex -22.2174 -9.60435 2
      vertex -22.301 -9.53104 6.5
      vertex -22.2174 -9.60435 6.5
    endloop
  endfacet
  facet normal 0.659319 0.751863 0
    outer loop
      vertex -22.301 -9.53104 6.5
      vertex -22.2174 -9.60435 2
      vertex -22.301 -9.53104 2
    endloop
  endfacet
  facet normal 0.751869 -0.659313 0
    outer loop
      vertex -22.3743 -8.41255 6.5
      vertex -22.301 -8.32896 2
      vertex -22.301 -8.32896 6.5
    endloop
  endfacet
  facet normal 0.751869 -0.659313 0
    outer loop
      vertex -22.301 -8.32896 2
      vertex -22.3743 -8.41255 6.5
      vertex -22.3743 -8.41255 2
    endloop
  endfacet
  facet normal -0.751869 0.659313 0
    outer loop
      vertex -21.099 -9.53104 2
      vertex -21.0257 -9.44745 6.5
      vertex -21.0257 -9.44745 2
    endloop
  endfacet
  facet normal -0.751869 0.659313 0
    outer loop
      vertex -21.0257 -9.44745 6.5
      vertex -21.099 -9.53104 2
      vertex -21.099 -9.53104 6.5
    endloop
  endfacet
  facet normal -0.896789 0.442459 0
    outer loop
      vertex -20.9639 -9.355 2
      vertex -20.9147 -9.25528 6.5
      vertex -20.9147 -9.25528 2
    endloop
  endfacet
  facet normal -0.896789 0.442459 0
    outer loop
      vertex -20.9147 -9.25528 6.5
      vertex -20.9639 -9.355 2
      vertex -20.9639 -9.355 6.5
    endloop
  endfacet
  facet normal 0.555759 0.831344 -0
    outer loop
      vertex -22.125 -9.66612 2
      vertex -22.2174 -9.60435 6.5
      vertex -22.125 -9.66612 6.5
    endloop
  endfacet
  facet normal 0.555759 0.831344 0
    outer loop
      vertex -22.2174 -9.60435 6.5
      vertex -22.125 -9.66612 2
      vertex -22.2174 -9.60435 2
    endloop
  endfacet
  facet normal 0.98077 -0.195165 0
    outer loop
      vertex -22.5427 -8.81905 6.5
      vertex -22.521 -8.71 2
      vertex -22.521 -8.71 6.5
    endloop
  endfacet
  facet normal 0.98077 -0.195165 0
    outer loop
      vertex -22.521 -8.71 2
      vertex -22.5427 -8.81905 6.5
      vertex -22.5427 -8.81905 2
    endloop
  endfacet
  facet normal -0.0654141 -0.997858 0
    outer loop
      vertex -21.7 -8.08 2
      vertex -21.5891 -8.08727 6.5
      vertex -21.7 -8.08 6.5
    endloop
  endfacet
  facet normal -0.0654141 -0.997858 -0
    outer loop
      vertex -21.5891 -8.08727 6.5
      vertex -21.7 -8.08 2
      vertex -21.5891 -8.08727 2
    endloop
  endfacet
  facet normal -0.555759 -0.831344 0
    outer loop
      vertex -21.275 -8.19388 2
      vertex -21.1826 -8.25565 6.5
      vertex -21.275 -8.19388 6.5
    endloop
  endfacet
  facet normal -0.555759 -0.831344 -0
    outer loop
      vertex -21.1826 -8.25565 6.5
      vertex -21.275 -8.19388 2
      vertex -21.1826 -8.25565 2
    endloop
  endfacet
  facet normal 0.321403 -0.946943 0
    outer loop
      vertex -22.0253 -8.1447 2
      vertex -21.92 -8.10896 6.5
      vertex -22.0253 -8.1447 6.5
    endloop
  endfacet
  facet normal 0.321403 -0.946943 0
    outer loop
      vertex -21.92 -8.10896 6.5
      vertex -22.0253 -8.1447 2
      vertex -21.92 -8.10896 2
    endloop
  endfacet
  facet normal 0.0654141 -0.997858 0
    outer loop
      vertex -21.8109 -8.08727 2
      vertex -21.7 -8.08 6.5
      vertex -21.8109 -8.08727 6.5
    endloop
  endfacet
  facet normal 0.0654141 -0.997858 0
    outer loop
      vertex -21.7 -8.08 6.5
      vertex -21.8109 -8.08727 2
      vertex -21.7 -8.08 2
    endloop
  endfacet
  facet normal 0.997842 -0.0656534 0
    outer loop
      vertex -22.55 -8.93 6.5
      vertex -22.5427 -8.81905 2
      vertex -22.5427 -8.81905 6.5
    endloop
  endfacet
  facet normal 0.997842 -0.0656534 0
    outer loop
      vertex -22.5427 -8.81905 2
      vertex -22.55 -8.93 6.5
      vertex -22.55 -8.93 2
    endloop
  endfacet
  facet normal -0.659319 -0.751863 0
    outer loop
      vertex -21.1826 -8.25565 2
      vertex -21.099 -8.32896 6.5
      vertex -21.1826 -8.25565 6.5
    endloop
  endfacet
  facet normal -0.659319 -0.751863 -0
    outer loop
      vertex -21.099 -8.32896 6.5
      vertex -21.1826 -8.25565 2
      vertex -21.099 -8.32896 2
    endloop
  endfacet
  facet normal 0.896789 0.442459 0
    outer loop
      vertex -22.4361 -9.355 6.5
      vertex -22.4853 -9.25528 2
      vertex -22.4853 -9.25528 6.5
    endloop
  endfacet
  facet normal 0.896789 0.442459 0
    outer loop
      vertex -22.4853 -9.25528 2
      vertex -22.4361 -9.355 6.5
      vertex -22.4361 -9.355 2
    endloop
  endfacet
  facet normal 0.442386 0.896825 -0
    outer loop
      vertex -22.0253 -9.7153 2
      vertex -22.125 -9.66612 6.5
      vertex -22.0253 -9.7153 6.5
    endloop
  endfacet
  facet normal 0.442386 0.896825 0
    outer loop
      vertex -22.125 -9.66612 6.5
      vertex -22.0253 -9.7153 2
      vertex -22.125 -9.66612 2
    endloop
  endfacet
  facet normal -0.659319 0.751863 0
    outer loop
      vertex -21.099 -9.53104 2
      vertex -21.1826 -9.60435 6.5
      vertex -21.099 -9.53104 6.5
    endloop
  endfacet
  facet normal -0.659319 0.751863 0
    outer loop
      vertex -21.1826 -9.60435 6.5
      vertex -21.099 -9.53104 2
      vertex -21.1826 -9.60435 2
    endloop
  endfacet
  facet normal 0.831358 0.555737 0
    outer loop
      vertex -22.3743 -9.44745 6.5
      vertex -22.4361 -9.355 2
      vertex -22.4361 -9.355 6.5
    endloop
  endfacet
  facet normal 0.831358 0.555737 0
    outer loop
      vertex -22.4361 -9.355 2
      vertex -22.3743 -9.44745 6.5
      vertex -22.3743 -9.44745 2
    endloop
  endfacet
  facet normal -0.32136 0.946957 0
    outer loop
      vertex -22.347 11.3448 2
      vertex -22.6567 11.2397 6.5
      vertex -22.347 11.3448 6.5
    endloop
  endfacet
  facet normal -0.32136 0.946957 0
    outer loop
      vertex -22.6567 11.2397 6.5
      vertex -22.347 11.3448 2
      vertex -22.6567 11.2397 2
    endloop
  endfacet
  facet normal 0.980784 0.195099 0
    outer loop
      vertex -19.2214 9.25632 6.5
      vertex -19.2852 9.57705 2
      vertex -19.2852 9.57705 6.5
    endloop
  endfacet
  facet normal 0.980784 0.195099 0
    outer loop
      vertex -19.2852 9.57705 2
      vertex -19.2214 9.25632 6.5
      vertex -19.2214 9.25632 2
    endloop
  endfacet
  facet normal 0.997857 0.0654392 0
    outer loop
      vertex -19.2 8.93 6.5
      vertex -19.2214 9.25632 2
      vertex -19.2214 9.25632 6.5
    endloop
  endfacet
  facet normal 0.997857 0.0654392 0
    outer loop
      vertex -19.2214 9.25632 2
      vertex -19.2 8.93 6.5
      vertex -19.2 8.93 2
    endloop
  endfacet
  facet normal -0.980784 0.195099 0
    outer loop
      vertex -24.1786 9.25632 2
      vertex -24.1148 9.57705 6.5
      vertex -24.1148 9.57705 2
    endloop
  endfacet
  facet normal -0.980784 0.195099 0
    outer loop
      vertex -24.1148 9.57705 6.5
      vertex -24.1786 9.25632 2
      vertex -24.1786 9.25632 6.5
    endloop
  endfacet
  facet normal 0.0654432 0.997856 -0
    outer loop
      vertex -21.3737 11.4086 2
      vertex -21.7 11.43 6.5
      vertex -21.3737 11.4086 6.5
    endloop
  endfacet
  facet normal 0.0654432 0.997856 0
    outer loop
      vertex -21.7 11.43 6.5
      vertex -21.3737 11.4086 2
      vertex -21.7 11.43 2
    endloop
  endfacet
  facet normal -0.896915 0.442204 0
    outer loop
      vertex -24.0097 9.88671 2
      vertex -23.8651 10.18 6.5
      vertex -23.8651 10.18 2
    endloop
  endfacet
  facet normal -0.896915 0.442204 0
    outer loop
      vertex -23.8651 10.18 6.5
      vertex -24.0097 9.88671 2
      vertex -24.0097 9.88671 6.5
    endloop
  endfacet
  facet normal 0.831438 0.555617 0
    outer loop
      vertex -19.5349 10.18 6.5
      vertex -19.7166 10.4519 2
      vertex -19.7166 10.4519 6.5
    endloop
  endfacet
  facet normal 0.831438 0.555617 0
    outer loop
      vertex -19.7166 10.4519 2
      vertex -19.5349 10.18 6.5
      vertex -19.5349 10.18 2
    endloop
  endfacet
  facet normal 0.659262 0.751913 -0
    outer loop
      vertex -19.9322 10.6978 2
      vertex -20.1781 10.9134 6.5
      vertex -19.9322 10.6978 6.5
    endloop
  endfacet
  facet normal 0.659262 0.751913 0
    outer loop
      vertex -20.1781 10.9134 6.5
      vertex -19.9322 10.6978 2
      vertex -20.1781 10.9134 2
    endloop
  endfacet
  facet normal -0.44229 -0.896872 0
    outer loop
      vertex -22.95 6.76494 2
      vertex -22.6567 6.6203 6.5
      vertex -22.95 6.76494 6.5
    endloop
  endfacet
  facet normal -0.44229 -0.896872 -0
    outer loop
      vertex -22.6567 6.6203 6.5
      vertex -22.95 6.76494 2
      vertex -22.6567 6.6203 2
    endloop
  endfacet
  facet normal 0.997856 -0.0654412 0
    outer loop
      vertex -19.2214 8.60369 6.5
      vertex -19.2 8.93 2
      vertex -19.2 8.93 6.5
    endloop
  endfacet
  facet normal 0.997856 -0.0654412 0
    outer loop
      vertex -19.2 8.93 2
      vertex -19.2214 8.60369 6.5
      vertex -19.2214 8.60369 2
    endloop
  endfacet
  facet normal 0.751913 0.659262 0
    outer loop
      vertex -19.7166 10.4519 6.5
      vertex -19.9322 10.6978 2
      vertex -19.9322 10.6978 6.5
    endloop
  endfacet
  facet normal 0.751913 0.659262 0
    outer loop
      vertex -19.9322 10.6978 2
      vertex -19.7166 10.4519 6.5
      vertex -19.7166 10.4519 2
    endloop
  endfacet
  facet normal 0.32136 0.946957 -0
    outer loop
      vertex -20.7433 11.2397 2
      vertex -21.053 11.3448 6.5
      vertex -20.7433 11.2397 6.5
    endloop
  endfacet
  facet normal 0.32136 0.946957 0
    outer loop
      vertex -21.053 11.3448 6.5
      vertex -20.7433 11.2397 2
      vertex -21.053 11.3448 2
    endloop
  endfacet
  facet normal -0.555575 -0.831466 0
    outer loop
      vertex -23.2219 6.94662 2
      vertex -22.95 6.76494 6.5
      vertex -23.2219 6.94662 6.5
    endloop
  endfacet
  facet normal -0.555575 -0.831466 -0
    outer loop
      vertex -22.95 6.76494 6.5
      vertex -23.2219 6.94662 2
      vertex -22.95 6.76494 2
    endloop
  endfacet
  facet normal -0.831438 -0.555617 0
    outer loop
      vertex -23.6834 7.4081 2
      vertex -23.8651 7.68 6.5
      vertex -23.8651 7.68 2
    endloop
  endfacet
  facet normal -0.831438 -0.555617 0
    outer loop
      vertex -23.8651 7.68 6.5
      vertex -23.6834 7.4081 2
      vertex -23.6834 7.4081 6.5
    endloop
  endfacet
  facet normal 0.0654128 -0.997858 0
    outer loop
      vertex -21.7 6.43 2
      vertex -21.3737 6.45139 6.5
      vertex -21.7 6.43 6.5
    endloop
  endfacet
  facet normal 0.0654128 -0.997858 0
    outer loop
      vertex -21.3737 6.45139 6.5
      vertex -21.7 6.43 2
      vertex -21.3737 6.45139 2
    endloop
  endfacet
  facet normal 0.321387 -0.946948 0
    outer loop
      vertex -21.053 6.51519 2
      vertex -20.7433 6.6203 6.5
      vertex -21.053 6.51519 6.5
    endloop
  endfacet
  facet normal 0.321387 -0.946948 0
    outer loop
      vertex -20.7433 6.6203 6.5
      vertex -21.053 6.51519 2
      vertex -20.7433 6.6203 2
    endloop
  endfacet
  facet normal -0.0654128 -0.997858 0
    outer loop
      vertex -22.0263 6.45139 2
      vertex -21.7 6.43 6.5
      vertex -22.0263 6.45139 6.5
    endloop
  endfacet
  facet normal -0.0654128 -0.997858 -0
    outer loop
      vertex -21.7 6.43 6.5
      vertex -22.0263 6.45139 2
      vertex -21.7 6.43 2
    endloop
  endfacet
  facet normal 0.44229 -0.896872 0
    outer loop
      vertex -20.7433 6.6203 2
      vertex -20.45 6.76494 6.5
      vertex -20.7433 6.6203 6.5
    endloop
  endfacet
  facet normal 0.44229 -0.896872 0
    outer loop
      vertex -20.45 6.76494 6.5
      vertex -20.7433 6.6203 2
      vertex -20.45 6.76494 2
    endloop
  endfacet
  facet normal -0.751913 0.659262 0
    outer loop
      vertex -23.6834 10.4519 2
      vertex -23.4678 10.6978 6.5
      vertex -23.4678 10.6978 2
    endloop
  endfacet
  facet normal -0.751913 0.659262 0
    outer loop
      vertex -23.4678 10.6978 6.5
      vertex -23.6834 10.4519 2
      vertex -23.6834 10.4519 6.5
    endloop
  endfacet
  facet normal 0.442191 0.896921 -0
    outer loop
      vertex -20.45 11.0951 2
      vertex -20.7433 11.2397 6.5
      vertex -20.45 11.0951 6.5
    endloop
  endfacet
  facet normal 0.442191 0.896921 0
    outer loop
      vertex -20.7433 11.2397 6.5
      vertex -20.45 11.0951 2
      vertex -20.7433 11.2397 2
    endloop
  endfacet
  facet normal -0.442191 0.896921 0
    outer loop
      vertex -22.6567 11.2397 2
      vertex -22.95 11.0951 6.5
      vertex -22.6567 11.2397 6.5
    endloop
  endfacet
  facet normal -0.442191 0.896921 0
    outer loop
      vertex -22.95 11.0951 6.5
      vertex -22.6567 11.2397 2
      vertex -22.95 11.0951 2
    endloop
  endfacet
  facet normal 0.751873 -0.659307 0
    outer loop
      vertex -19.9322 7.16223 6.5
      vertex -19.7166 7.4081 2
      vertex -19.7166 7.4081 6.5
    endloop
  endfacet
  facet normal 0.751873 -0.659307 0
    outer loop
      vertex -19.7166 7.4081 2
      vertex -19.9322 7.16223 6.5
      vertex -19.9322 7.16223 2
    endloop
  endfacet
  facet normal -0.195116 -0.98078 0
    outer loop
      vertex -22.347 6.51519 2
      vertex -22.0263 6.45139 6.5
      vertex -22.347 6.51519 6.5
    endloop
  endfacet
  facet normal -0.195116 -0.98078 -0
    outer loop
      vertex -22.0263 6.45139 6.5
      vertex -22.347 6.51519 2
      vertex -22.0263 6.45139 2
    endloop
  endfacet
  facet normal 0.831438 -0.555617 0
    outer loop
      vertex -19.7166 7.4081 6.5
      vertex -19.5349 7.68 2
      vertex -19.5349 7.68 6.5
    endloop
  endfacet
  facet normal 0.831438 -0.555617 0
    outer loop
      vertex -19.5349 7.68 2
      vertex -19.7166 7.4081 6.5
      vertex -19.7166 7.4081 2
    endloop
  endfacet
  facet normal -0.659279 -0.751898 0
    outer loop
      vertex -23.4678 7.16223 2
      vertex -23.2219 6.94662 6.5
      vertex -23.4678 7.16223 6.5
    endloop
  endfacet
  facet normal -0.659279 -0.751898 -0
    outer loop
      vertex -23.2219 6.94662 6.5
      vertex -23.4678 7.16223 2
      vertex -23.2219 6.94662 2
    endloop
  endfacet
  facet normal 0.195116 -0.98078 0
    outer loop
      vertex -21.3737 6.45139 2
      vertex -21.053 6.51519 6.5
      vertex -21.3737 6.45139 6.5
    endloop
  endfacet
  facet normal 0.195116 -0.98078 0
    outer loop
      vertex -21.053 6.51519 6.5
      vertex -21.3737 6.45139 2
      vertex -21.053 6.51519 2
    endloop
  endfacet
  facet normal 0.896915 -0.442204 0
    outer loop
      vertex -19.5349 7.68 6.5
      vertex -19.3903 7.97329 2
      vertex -19.3903 7.97329 6.5
    endloop
  endfacet
  facet normal 0.896915 -0.442204 0
    outer loop
      vertex -19.3903 7.97329 2
      vertex -19.5349 7.68 6.5
      vertex -19.5349 7.68 2
    endloop
  endfacet
  facet normal -0.980785 -0.195093 0
    outer loop
      vertex -24.1148 8.28295 2
      vertex -24.1786 8.60369 6.5
      vertex -24.1786 8.60369 2
    endloop
  endfacet
  facet normal -0.980785 -0.195093 0
    outer loop
      vertex -24.1786 8.60369 6.5
      vertex -24.1148 8.28295 2
      vertex -24.1148 8.28295 6.5
    endloop
  endfacet
  facet normal 0.946944 -0.321397 0
    outer loop
      vertex -19.3903 7.97329 6.5
      vertex -19.2852 8.28295 2
      vertex -19.2852 8.28295 6.5
    endloop
  endfacet
  facet normal 0.946944 -0.321397 0
    outer loop
      vertex -19.2852 8.28295 2
      vertex -19.3903 7.97329 6.5
      vertex -19.3903 7.97329 2
    endloop
  endfacet
  facet normal -0.946944 0.321397 0
    outer loop
      vertex -24.1148 9.57705 2
      vertex -24.0097 9.88671 6.5
      vertex -24.0097 9.88671 2
    endloop
  endfacet
  facet normal -0.946944 0.321397 0
    outer loop
      vertex -24.0097 9.88671 6.5
      vertex -24.1148 9.57705 2
      vertex -24.1148 9.57705 6.5
    endloop
  endfacet
  facet normal -0.0654432 0.997856 0
    outer loop
      vertex -21.7 11.43 2
      vertex -22.0263 11.4086 6.5
      vertex -21.7 11.43 6.5
    endloop
  endfacet
  facet normal -0.0654432 0.997856 0
    outer loop
      vertex -22.0263 11.4086 6.5
      vertex -21.7 11.43 2
      vertex -22.0263 11.4086 2
    endloop
  endfacet
  facet normal -0.896915 -0.442204 0
    outer loop
      vertex -23.8651 7.68 2
      vertex -24.0097 7.97329 6.5
      vertex -24.0097 7.97329 2
    endloop
  endfacet
  facet normal -0.896915 -0.442204 0
    outer loop
      vertex -24.0097 7.97329 6.5
      vertex -23.8651 7.68 2
      vertex -23.8651 7.68 6.5
    endloop
  endfacet
  facet normal 0.555617 0.831438 -0
    outer loop
      vertex -20.1781 10.9134 2
      vertex -20.45 11.0951 6.5
      vertex -20.1781 10.9134 6.5
    endloop
  endfacet
  facet normal 0.555617 0.831438 0
    outer loop
      vertex -20.45 11.0951 6.5
      vertex -20.1781 10.9134 2
      vertex -20.45 11.0951 2
    endloop
  endfacet
  facet normal -0.659262 0.751913 0
    outer loop
      vertex -23.2219 10.9134 2
      vertex -23.4678 10.6978 6.5
      vertex -23.2219 10.9134 6.5
    endloop
  endfacet
  facet normal -0.659262 0.751913 0
    outer loop
      vertex -23.4678 10.6978 6.5
      vertex -23.2219 10.9134 2
      vertex -23.4678 10.6978 2
    endloop
  endfacet
  facet normal -0.555617 0.831438 0
    outer loop
      vertex -22.95 11.0951 2
      vertex -23.2219 10.9134 6.5
      vertex -22.95 11.0951 6.5
    endloop
  endfacet
  facet normal -0.555617 0.831438 0
    outer loop
      vertex -23.2219 10.9134 6.5
      vertex -22.95 11.0951 2
      vertex -23.2219 10.9134 2
    endloop
  endfacet
  facet normal 0.195116 0.98078 -0
    outer loop
      vertex -21.053 11.3448 2
      vertex -21.3737 11.4086 6.5
      vertex -21.053 11.3448 6.5
    endloop
  endfacet
  facet normal 0.195116 0.98078 0
    outer loop
      vertex -21.3737 11.4086 6.5
      vertex -21.053 11.3448 2
      vertex -21.3737 11.4086 2
    endloop
  endfacet
  facet normal 0.980785 -0.195093 0
    outer loop
      vertex -19.2852 8.28295 6.5
      vertex -19.2214 8.60369 2
      vertex -19.2214 8.60369 6.5
    endloop
  endfacet
  facet normal 0.980785 -0.195093 0
    outer loop
      vertex -19.2214 8.60369 2
      vertex -19.2852 8.28295 6.5
      vertex -19.2852 8.28295 2
    endloop
  endfacet
  facet normal 0.659279 -0.751898 0
    outer loop
      vertex -20.1781 6.94662 2
      vertex -19.9322 7.16223 6.5
      vertex -20.1781 6.94662 6.5
    endloop
  endfacet
  facet normal 0.659279 -0.751898 0
    outer loop
      vertex -19.9322 7.16223 6.5
      vertex -20.1781 6.94662 2
      vertex -19.9322 7.16223 2
    endloop
  endfacet
  facet normal -0.997856 -0.0654412 0
    outer loop
      vertex -24.1786 8.60369 2
      vertex -24.2 8.93 6.5
      vertex -24.2 8.93 2
    endloop
  endfacet
  facet normal -0.997856 -0.0654412 0
    outer loop
      vertex -24.2 8.93 6.5
      vertex -24.1786 8.60369 2
      vertex -24.1786 8.60369 6.5
    endloop
  endfacet
  facet normal 0.896915 0.442204 0
    outer loop
      vertex -19.3903 9.88671 6.5
      vertex -19.5349 10.18 2
      vertex -19.5349 10.18 6.5
    endloop
  endfacet
  facet normal 0.896915 0.442204 0
    outer loop
      vertex -19.5349 10.18 2
      vertex -19.3903 9.88671 6.5
      vertex -19.3903 9.88671 2
    endloop
  endfacet
  facet normal 0.555575 -0.831466 0
    outer loop
      vertex -20.45 6.76494 2
      vertex -20.1781 6.94662 6.5
      vertex -20.45 6.76494 6.5
    endloop
  endfacet
  facet normal 0.555575 -0.831466 0
    outer loop
      vertex -20.1781 6.94662 6.5
      vertex -20.45 6.76494 2
      vertex -20.1781 6.94662 2
    endloop
  endfacet
  facet normal 0.946944 0.321397 0
    outer loop
      vertex -19.2852 9.57705 6.5
      vertex -19.3903 9.88671 2
      vertex -19.3903 9.88671 6.5
    endloop
  endfacet
  facet normal 0.946944 0.321397 0
    outer loop
      vertex -19.3903 9.88671 2
      vertex -19.2852 9.57705 6.5
      vertex -19.2852 9.57705 2
    endloop
  endfacet
  facet normal -0.195116 0.98078 0
    outer loop
      vertex -22.0263 11.4086 2
      vertex -22.347 11.3448 6.5
      vertex -22.0263 11.4086 6.5
    endloop
  endfacet
  facet normal -0.195116 0.98078 0
    outer loop
      vertex -22.347 11.3448 6.5
      vertex -22.0263 11.4086 2
      vertex -22.347 11.3448 2
    endloop
  endfacet
  facet normal -0.997857 0.0654392 0
    outer loop
      vertex -24.2 8.93 2
      vertex -24.1786 9.25632 6.5
      vertex -24.1786 9.25632 2
    endloop
  endfacet
  facet normal -0.997857 0.0654392 0
    outer loop
      vertex -24.1786 9.25632 6.5
      vertex -24.2 8.93 2
      vertex -24.2 8.93 6.5
    endloop
  endfacet
  facet normal -0.321387 -0.946948 0
    outer loop
      vertex -22.6567 6.6203 2
      vertex -22.347 6.51519 6.5
      vertex -22.6567 6.6203 6.5
    endloop
  endfacet
  facet normal -0.321387 -0.946948 -0
    outer loop
      vertex -22.347 6.51519 6.5
      vertex -22.6567 6.6203 2
      vertex -22.347 6.51519 2
    endloop
  endfacet
  facet normal -0.946944 -0.321397 0
    outer loop
      vertex -24.0097 7.97329 2
      vertex -24.1148 8.28295 6.5
      vertex -24.1148 8.28295 2
    endloop
  endfacet
  facet normal -0.946944 -0.321397 0
    outer loop
      vertex -24.1148 8.28295 6.5
      vertex -24.0097 7.97329 2
      vertex -24.0097 7.97329 6.5
    endloop
  endfacet
  facet normal -0.751873 -0.659307 0
    outer loop
      vertex -23.4678 7.16223 2
      vertex -23.6834 7.4081 6.5
      vertex -23.6834 7.4081 2
    endloop
  endfacet
  facet normal -0.751873 -0.659307 0
    outer loop
      vertex -23.6834 7.4081 6.5
      vertex -23.4678 7.16223 2
      vertex -23.4678 7.16223 6.5
    endloop
  endfacet
  facet normal 0 0 1
    outer loop
      vertex -20.85 8.93 6.5
      vertex -19.2 8.93 6.5
      vertex -19.2214 9.25632 6.5
    endloop
  endfacet
  facet normal 0 0 1
    outer loop
      vertex -20.8573 9.04095 6.5
      vertex -19.2214 9.25632 6.5
      vertex -19.2852 9.57705 6.5
    endloop
  endfacet
  facet normal 0 0 1
    outer loop
      vertex -19.2 8.93 6.5
      vertex -20.85 8.93 6.5
      vertex -19.2214 8.60369 6.5
    endloop
  endfacet
  facet normal 0 0 1
    outer loop
      vertex -20.879 9.15 6.5
      vertex -19.2852 9.57705 6.5
      vertex -19.3903 9.88671 6.5
    endloop
  endfacet
  facet normal -0 0 1
    outer loop
      vertex -20.8573 8.81905 6.5
      vertex -19.2214 8.60369 6.5
      vertex -20.85 8.93 6.5
    endloop
  endfacet
  facet normal 0 0 1
    outer loop
      vertex -20.9147 9.25528 6.5
      vertex -19.3903 9.88671 6.5
      vertex -19.5349 10.18 6.5
    endloop
  endfacet
  facet normal 0 0 1
    outer loop
      vertex -19.2214 8.60369 6.5
      vertex -20.8573 8.81905 6.5
      vertex -19.2852 8.28295 6.5
    endloop
  endfacet
  facet normal 0 0 1
    outer loop
      vertex -20.9639 9.355 6.5
      vertex -19.5349 10.18 6.5
      vertex -19.7166 10.4519 6.5
    endloop
  endfacet
  facet normal -0 0 1
    outer loop
      vertex -20.879 8.71 6.5
      vertex -19.2852 8.28295 6.5
      vertex -20.8573 8.81905 6.5
    endloop
  endfacet
  facet normal 0 0 1
    outer loop
      vertex -21.0257 9.44745 6.5
      vertex -19.7166 10.4519 6.5
      vertex -19.9322 10.6978 6.5
    endloop
  endfacet
  facet normal 0 0 1
    outer loop
      vertex -19.2852 8.28295 6.5
      vertex -20.879 8.71 6.5
      vertex -19.3903 7.97329 6.5
    endloop
  endfacet
  facet normal 0 0 1
    outer loop
      vertex -21.099 9.53104 6.5
      vertex -19.9322 10.6978 6.5
      vertex -20.1781 10.9134 6.5
    endloop
  endfacet
  facet normal -0 0 1
    outer loop
      vertex -20.9147 8.60472 6.5
      vertex -19.3903 7.97329 6.5
      vertex -20.879 8.71 6.5
    endloop
  endfacet
  facet normal 0 0 1
    outer loop
      vertex -21.1826 9.60435 6.5
      vertex -20.1781 10.9134 6.5
      vertex -20.45 11.0951 6.5
    endloop
  endfacet
  facet normal 0 0 1
    outer loop
      vertex -19.3903 7.97329 6.5
      vertex -20.9147 8.60472 6.5
      vertex -19.5349 7.68 6.5
    endloop
  endfacet
  facet normal 0 0 1
    outer loop
      vertex -21.275 9.66612 6.5
      vertex -20.45 11.0951 6.5
      vertex -20.7433 11.2397 6.5
    endloop
  endfacet
  facet normal -0 0 1
    outer loop
      vertex -20.9639 8.505 6.5
      vertex -19.5349 7.68 6.5
      vertex -20.9147 8.60472 6.5
    endloop
  endfacet
  facet normal 0 0 1
    outer loop
      vertex -19.5349 7.68 6.5
      vertex -20.9639 8.505 6.5
      vertex -19.7166 7.4081 6.5
    endloop
  endfacet
  facet normal 0 0 1
    outer loop
      vertex -19.2214 9.25632 6.5
      vertex -20.8573 9.04095 6.5
      vertex -20.85 8.93 6.5
    endloop
  endfacet
  facet normal 0 0 1
    outer loop
      vertex -19.2852 9.57705 6.5
      vertex -20.879 9.15 6.5
      vertex -20.8573 9.04095 6.5
    endloop
  endfacet
  facet normal 0 0 1
    outer loop
      vertex -19.3903 9.88671 6.5
      vertex -20.9147 9.25528 6.5
      vertex -20.879 9.15 6.5
    endloop
  endfacet
  facet normal 0 0 1
    outer loop
      vertex -19.5349 10.18 6.5
      vertex -20.9639 9.355 6.5
      vertex -20.9147 9.25528 6.5
    endloop
  endfacet
  facet normal 0 0 1
    outer loop
      vertex -19.7166 10.4519 6.5
      vertex -21.0257 9.44745 6.5
      vertex -20.9639 9.355 6.5
    endloop
  endfacet
  facet normal 0 0 1
    outer loop
      vertex -21.3747 9.7153 6.5
      vertex -20.7433 11.2397 6.5
      vertex -21.053 11.3448 6.5
    endloop
  endfacet
  facet normal 0 0 1
    outer loop
      vertex -19.9322 10.6978 6.5
      vertex -21.099 9.53104 6.5
      vertex -21.0257 9.44745 6.5
    endloop
  endfacet
  facet normal 0 0 1
    outer loop
      vertex -20.1781 10.9134 6.5
      vertex -21.1826 9.60435 6.5
      vertex -21.099 9.53104 6.5
    endloop
  endfacet
  facet normal 0 0 1
    outer loop
      vertex -20.45 11.0951 6.5
      vertex -21.275 9.66612 6.5
      vertex -21.1826 9.60435 6.5
    endloop
  endfacet
  facet normal 0 0 1
    outer loop
      vertex -21.48 9.75104 6.5
      vertex -21.053 11.3448 6.5
      vertex -21.3737 11.4086 6.5
    endloop
  endfacet
  facet normal 0 0 1
    outer loop
      vertex -20.7433 11.2397 6.5
      vertex -21.3747 9.7153 6.5
      vertex -21.275 9.66612 6.5
    endloop
  endfacet
  facet normal 0 0 1
    outer loop
      vertex -21.053 11.3448 6.5
      vertex -21.48 9.75104 6.5
      vertex -21.3747 9.7153 6.5
    endloop
  endfacet
  facet normal 0 0 1
    outer loop
      vertex -21.3737 11.4086 6.5
      vertex -21.5891 9.77273 6.5
      vertex -21.48 9.75104 6.5
    endloop
  endfacet
  facet normal 0 0 1
    outer loop
      vertex -21.7 11.43 6.5
      vertex -21.5891 9.77273 6.5
      vertex -21.3737 11.4086 6.5
    endloop
  endfacet
  facet normal 0 0 1
    outer loop
      vertex -21.7 11.43 6.5
      vertex -21.7 9.78 6.5
      vertex -21.5891 9.77273 6.5
    endloop
  endfacet
  facet normal 0 0 1
    outer loop
      vertex -21.7 11.43 6.5
      vertex -21.8109 9.77273 6.5
      vertex -21.7 9.78 6.5
    endloop
  endfacet
  facet normal -0 0 1
    outer loop
      vertex -22.0263 11.4086 6.5
      vertex -21.8109 9.77273 6.5
      vertex -21.7 11.43 6.5
    endloop
  endfacet
  facet normal 0 0 1
    outer loop
      vertex -21.8109 9.77273 6.5
      vertex -22.0263 11.4086 6.5
      vertex -21.92 9.75104 6.5
    endloop
  endfacet
  facet normal -0 0 1
    outer loop
      vertex -22.347 11.3448 6.5
      vertex -21.92 9.75104 6.5
      vertex -22.0263 11.4086 6.5
    endloop
  endfacet
  facet normal 0 0 1
    outer loop
      vertex -21.92 9.75104 6.5
      vertex -22.347 11.3448 6.5
      vertex -22.0253 9.7153 6.5
    endloop
  endfacet
  facet normal -0 0 1
    outer loop
      vertex -22.6567 11.2397 6.5
      vertex -22.0253 9.7153 6.5
      vertex -22.347 11.3448 6.5
    endloop
  endfacet
  facet normal 0 0 1
    outer loop
      vertex -22.0253 9.7153 6.5
      vertex -22.6567 11.2397 6.5
      vertex -22.125 9.66612 6.5
    endloop
  endfacet
  facet normal -0 0 1
    outer loop
      vertex -22.95 11.0951 6.5
      vertex -22.125 9.66612 6.5
      vertex -22.6567 11.2397 6.5
    endloop
  endfacet
  facet normal 0 0 1
    outer loop
      vertex -22.125 9.66612 6.5
      vertex -22.95 11.0951 6.5
      vertex -22.2174 9.60435 6.5
    endloop
  endfacet
  facet normal -0 0 1
    outer loop
      vertex -23.2219 10.9134 6.5
      vertex -22.2174 9.60435 6.5
      vertex -22.95 11.0951 6.5
    endloop
  endfacet
  facet normal 0 0 1
    outer loop
      vertex -22.2174 9.60435 6.5
      vertex -23.2219 10.9134 6.5
      vertex -22.301 9.53104 6.5
    endloop
  endfacet
  facet normal -0 0 1
    outer loop
      vertex -23.4678 10.6978 6.5
      vertex -22.301 9.53104 6.5
      vertex -23.2219 10.9134 6.5
    endloop
  endfacet
  facet normal 0 0 1
    outer loop
      vertex -22.301 9.53104 6.5
      vertex -23.4678 10.6978 6.5
      vertex -22.3743 9.44745 6.5
    endloop
  endfacet
  facet normal 0 0 1
    outer loop
      vertex -22.3743 9.44745 6.5
      vertex -23.6834 10.4519 6.5
      vertex -22.4361 9.355 6.5
    endloop
  endfacet
  facet normal -0 0 1
    outer loop
      vertex -23.6834 10.4519 6.5
      vertex -22.3743 9.44745 6.5
      vertex -23.4678 10.6978 6.5
    endloop
  endfacet
  facet normal -0 0 1
    outer loop
      vertex -21.0257 8.41255 6.5
      vertex -19.7166 7.4081 6.5
      vertex -20.9639 8.505 6.5
    endloop
  endfacet
  facet normal 0 0 1
    outer loop
      vertex -19.7166 7.4081 6.5
      vertex -21.0257 8.41255 6.5
      vertex -19.9322 7.16223 6.5
    endloop
  endfacet
  facet normal -0 0 1
    outer loop
      vertex -21.099 8.32896 6.5
      vertex -19.9322 7.16223 6.5
      vertex -21.0257 8.41255 6.5
    endloop
  endfacet
  facet normal 0 0 1
    outer loop
      vertex -19.9322 7.16223 6.5
      vertex -21.099 8.32896 6.5
      vertex -20.1781 6.94662 6.5
    endloop
  endfacet
  facet normal -0 0 1
    outer loop
      vertex -21.1826 8.25565 6.5
      vertex -20.1781 6.94662 6.5
      vertex -21.099 8.32896 6.5
    endloop
  endfacet
  facet normal 0 0 1
    outer loop
      vertex -20.1781 6.94662 6.5
      vertex -21.1826 8.25565 6.5
      vertex -20.45 6.76494 6.5
    endloop
  endfacet
  facet normal -0 0 1
    outer loop
      vertex -21.275 8.19388 6.5
      vertex -20.45 6.76494 6.5
      vertex -21.1826 8.25565 6.5
    endloop
  endfacet
  facet normal 0 0 1
    outer loop
      vertex -20.45 6.76494 6.5
      vertex -21.275 8.19388 6.5
      vertex -20.7433 6.6203 6.5
    endloop
  endfacet
  facet normal -0 0 1
    outer loop
      vertex -21.3747 8.1447 6.5
      vertex -20.7433 6.6203 6.5
      vertex -21.275 8.19388 6.5
    endloop
  endfacet
  facet normal 0 0 1
    outer loop
      vertex -20.7433 6.6203 6.5
      vertex -21.3747 8.1447 6.5
      vertex -21.053 6.51519 6.5
    endloop
  endfacet
  facet normal -0 0 1
    outer loop
      vertex -21.48 8.10896 6.5
      vertex -21.053 6.51519 6.5
      vertex -21.3747 8.1447 6.5
    endloop
  endfacet
  facet normal 0 0 1
    outer loop
      vertex -21.053 6.51519 6.5
      vertex -21.48 8.10896 6.5
      vertex -21.3737 6.45139 6.5
    endloop
  endfacet
  facet normal -0 0 1
    outer loop
      vertex -21.5891 8.08727 6.5
      vertex -21.3737 6.45139 6.5
      vertex -21.48 8.10896 6.5
    endloop
  endfacet
  facet normal -0 0 1
    outer loop
      vertex -21.7 8.08 6.5
      vertex -21.3737 6.45139 6.5
      vertex -21.5891 8.08727 6.5
    endloop
  endfacet
  facet normal 0 0 1
    outer loop
      vertex -21.7 8.08 6.5
      vertex -21.7 6.43 6.5
      vertex -21.3737 6.45139 6.5
    endloop
  endfacet
  facet normal 0 0 1
    outer loop
      vertex -21.8109 8.08727 6.5
      vertex -21.7 6.43 6.5
      vertex -21.7 8.08 6.5
    endloop
  endfacet
  facet normal 0 0 1
    outer loop
      vertex -22.0263 6.45139 6.5
      vertex -21.8109 8.08727 6.5
      vertex -21.92 8.10896 6.5
    endloop
  endfacet
  facet normal 0 0 1
    outer loop
      vertex -22.347 6.51519 6.5
      vertex -21.92 8.10896 6.5
      vertex -22.0253 8.1447 6.5
    endloop
  endfacet
  facet normal 0 0 1
    outer loop
      vertex -21.8109 8.08727 6.5
      vertex -22.0263 6.45139 6.5
      vertex -21.7 6.43 6.5
    endloop
  endfacet
  facet normal 0 0 1
    outer loop
      vertex -22.6567 6.6203 6.5
      vertex -22.0253 8.1447 6.5
      vertex -22.125 8.19388 6.5
    endloop
  endfacet
  facet normal 0 0 1
    outer loop
      vertex -22.95 6.76494 6.5
      vertex -22.125 8.19388 6.5
      vertex -22.2174 8.25565 6.5
    endloop
  endfacet
  facet normal 0 0 1
    outer loop
      vertex -23.2219 6.94662 6.5
      vertex -22.2174 8.25565 6.5
      vertex -22.301 8.32896 6.5
    endloop
  endfacet
  facet normal 0 0 1
    outer loop
      vertex -21.92 8.10896 6.5
      vertex -22.347 6.51519 6.5
      vertex -22.0263 6.45139 6.5
    endloop
  endfacet
  facet normal 0 0 1
    outer loop
      vertex -23.4678 7.16223 6.5
      vertex -22.301 8.32896 6.5
      vertex -22.3743 8.41255 6.5
    endloop
  endfacet
  facet normal 0 0 1
    outer loop
      vertex -23.6834 7.4081 6.5
      vertex -22.3743 8.41255 6.5
      vertex -22.4361 8.505 6.5
    endloop
  endfacet
  facet normal 0 0 1
    outer loop
      vertex -23.8651 7.68 6.5
      vertex -22.4361 8.505 6.5
      vertex -22.4853 8.60472 6.5
    endloop
  endfacet
  facet normal 0 0 1
    outer loop
      vertex -24.0097 7.97329 6.5
      vertex -22.4853 8.60472 6.5
      vertex -22.521 8.71 6.5
    endloop
  endfacet
  facet normal 0 0 1
    outer loop
      vertex -24.1148 8.28295 6.5
      vertex -22.521 8.71 6.5
      vertex -22.5427 8.81905 6.5
    endloop
  endfacet
  facet normal 0 0 1
    outer loop
      vertex -22.0253 8.1447 6.5
      vertex -22.6567 6.6203 6.5
      vertex -22.347 6.51519 6.5
    endloop
  endfacet
  facet normal 0 0 1
    outer loop
      vertex -24.1786 8.60369 6.5
      vertex -22.5427 8.81905 6.5
      vertex -22.55 8.93 6.5
    endloop
  endfacet
  facet normal -0 0 1
    outer loop
      vertex -23.8651 10.18 6.5
      vertex -22.4361 9.355 6.5
      vertex -23.6834 10.4519 6.5
    endloop
  endfacet
  facet normal 0 0 1
    outer loop
      vertex -22.4361 9.355 6.5
      vertex -23.8651 10.18 6.5
      vertex -22.4853 9.25528 6.5
    endloop
  endfacet
  facet normal 0 0 1
    outer loop
      vertex -22.125 8.19388 6.5
      vertex -22.95 6.76494 6.5
      vertex -22.6567 6.6203 6.5
    endloop
  endfacet
  facet normal -0 0 1
    outer loop
      vertex -24.0097 9.88671 6.5
      vertex -22.4853 9.25528 6.5
      vertex -23.8651 10.18 6.5
    endloop
  endfacet
  facet normal 0 0 1
    outer loop
      vertex -22.2174 8.25565 6.5
      vertex -23.2219 6.94662 6.5
      vertex -22.95 6.76494 6.5
    endloop
  endfacet
  facet normal 0 0 1
    outer loop
      vertex -22.4853 9.25528 6.5
      vertex -24.0097 9.88671 6.5
      vertex -22.521 9.15 6.5
    endloop
  endfacet
  facet normal 0 0 1
    outer loop
      vertex -22.301 8.32896 6.5
      vertex -23.4678 7.16223 6.5
      vertex -23.2219 6.94662 6.5
    endloop
  endfacet
  facet normal -0 0 1
    outer loop
      vertex -24.1148 9.57705 6.5
      vertex -22.521 9.15 6.5
      vertex -24.0097 9.88671 6.5
    endloop
  endfacet
  facet normal 0 0 1
    outer loop
      vertex -22.3743 8.41255 6.5
      vertex -23.6834 7.4081 6.5
      vertex -23.4678 7.16223 6.5
    endloop
  endfacet
  facet normal 0 0 1
    outer loop
      vertex -22.521 9.15 6.5
      vertex -24.1148 9.57705 6.5
      vertex -22.5427 9.04095 6.5
    endloop
  endfacet
  facet normal 0 0 1
    outer loop
      vertex -22.4361 8.505 6.5
      vertex -23.8651 7.68 6.5
      vertex -23.6834 7.4081 6.5
    endloop
  endfacet
  facet normal -0 0 1
    outer loop
      vertex -24.1786 9.25632 6.5
      vertex -22.5427 9.04095 6.5
      vertex -24.1148 9.57705 6.5
    endloop
  endfacet
  facet normal 0 0 1
    outer loop
      vertex -22.4853 8.60472 6.5
      vertex -24.0097 7.97329 6.5
      vertex -23.8651 7.68 6.5
    endloop
  endfacet
  facet normal 0 0 1
    outer loop
      vertex -22.5427 9.04095 6.5
      vertex -24.1786 9.25632 6.5
      vertex -22.55 8.93 6.5
    endloop
  endfacet
  facet normal 0 0 1
    outer loop
      vertex -22.521 8.71 6.5
      vertex -24.1148 8.28295 6.5
      vertex -24.0097 7.97329 6.5
    endloop
  endfacet
  facet normal 0 0 1
    outer loop
      vertex -24.2 8.93 6.5
      vertex -22.55 8.93 6.5
      vertex -24.1786 9.25632 6.5
    endloop
  endfacet
  facet normal 0 0 1
    outer loop
      vertex -22.5427 8.81905 6.5
      vertex -24.1786 8.60369 6.5
      vertex -24.1148 8.28295 6.5
    endloop
  endfacet
  facet normal 0 0 1
    outer loop
      vertex -22.55 8.93 6.5
      vertex -24.2 8.93 6.5
      vertex -24.1786 8.60369 6.5
    endloop
  endfacet
  facet normal -0.831438 0.555617 0
    outer loop
      vertex -23.8651 10.18 2
      vertex -23.6834 10.4519 6.5
      vertex -23.6834 10.4519 2
    endloop
  endfacet
  facet normal -0.831438 0.555617 0
    outer loop
      vertex -23.6834 10.4519 6.5
      vertex -23.8651 10.18 2
      vertex -23.8651 10.18 6.5
    endloop
  endfacet
  facet normal -0.194992 -0.980805 0
    outer loop
      vertex -21.5891 9.77273 2
      vertex -21.48 9.75104 6.5
      vertex -21.5891 9.77273 6.5
    endloop
  endfacet
  facet normal -0.194992 -0.980805 -0
    outer loop
      vertex -21.48 9.75104 6.5
      vertex -21.5891 9.77273 2
      vertex -21.48 9.75104 2
    endloop
  endfacet
  facet normal -0.98077 -0.195165 0
    outer loop
      vertex -20.8573 9.04095 2
      vertex -20.879 9.15 6.5
      vertex -20.879 9.15 2
    endloop
  endfacet
  facet normal -0.98077 -0.195165 0
    outer loop
      vertex -20.879 9.15 6.5
      vertex -20.8573 9.04095 2
      vertex -20.8573 9.04095 6.5
    endloop
  endfacet
  facet normal -0.997842 -0.0656534 0
    outer loop
      vertex -20.85 8.93 2
      vertex -20.8573 9.04095 6.5
      vertex -20.8573 9.04095 2
    endloop
  endfacet
  facet normal -0.997842 -0.0656534 0
    outer loop
      vertex -20.8573 9.04095 6.5
      vertex -20.85 8.93 2
      vertex -20.85 8.93 6.5
    endloop
  endfacet
  facet normal -0.947033 -0.321135 0
    outer loop
      vertex -20.879 9.15 2
      vertex -20.9147 9.25528 6.5
      vertex -20.9147 9.25528 2
    endloop
  endfacet
  facet normal -0.947033 -0.321135 0
    outer loop
      vertex -20.9147 9.25528 6.5
      vertex -20.879 9.15 2
      vertex -20.879 9.15 6.5
    endloop
  endfacet
  facet normal -0.831358 -0.555737 0
    outer loop
      vertex -20.9639 9.355 2
      vertex -21.0257 9.44745 6.5
      vertex -21.0257 9.44745 2
    endloop
  endfacet
  facet normal -0.831358 -0.555737 0
    outer loop
      vertex -21.0257 9.44745 6.5
      vertex -20.9639 9.355 2
      vertex -20.9639 9.355 6.5
    endloop
  endfacet
  facet normal -0.321403 -0.946943 0
    outer loop
      vertex -21.48 9.75104 2
      vertex -21.3747 9.7153 6.5
      vertex -21.48 9.75104 6.5
    endloop
  endfacet
  facet normal -0.321403 -0.946943 -0
    outer loop
      vertex -21.3747 9.7153 6.5
      vertex -21.48 9.75104 2
      vertex -21.3747 9.7153 2
    endloop
  endfacet
  facet normal 0.98077 0.195165 0
    outer loop
      vertex -22.521 8.71 6.5
      vertex -22.5427 8.81905 2
      vertex -22.5427 8.81905 6.5
    endloop
  endfacet
  facet normal 0.98077 0.195165 0
    outer loop
      vertex -22.5427 8.81905 2
      vertex -22.521 8.71 6.5
      vertex -22.521 8.71 2
    endloop
  endfacet
  facet normal -0.997842 0.0656534 0
    outer loop
      vertex -20.8573 8.81905 2
      vertex -20.85 8.93 6.5
      vertex -20.85 8.93 2
    endloop
  endfacet
  facet normal -0.997842 0.0656534 0
    outer loop
      vertex -20.85 8.93 6.5
      vertex -20.8573 8.81905 2
      vertex -20.8573 8.81905 6.5
    endloop
  endfacet
  facet normal 0.997842 0.0656534 0
    outer loop
      vertex -22.5427 8.81905 6.5
      vertex -22.55 8.93 2
      vertex -22.55 8.93 6.5
    endloop
  endfacet
  facet normal 0.997842 0.0656534 0
    outer loop
      vertex -22.55 8.93 2
      vertex -22.5427 8.81905 6.5
      vertex -22.5427 8.81905 2
    endloop
  endfacet
  facet normal 0.321403 0.946943 -0
    outer loop
      vertex -21.92 8.10896 2
      vertex -22.0253 8.1447 6.5
      vertex -21.92 8.10896 6.5
    endloop
  endfacet
  facet normal 0.321403 0.946943 0
    outer loop
      vertex -22.0253 8.1447 6.5
      vertex -21.92 8.10896 2
      vertex -22.0253 8.1447 2
    endloop
  endfacet
  facet normal -0.896789 -0.442459 0
    outer loop
      vertex -20.9147 9.25528 2
      vertex -20.9639 9.355 6.5
      vertex -20.9639 9.355 2
    endloop
  endfacet
  facet normal -0.896789 -0.442459 0
    outer loop
      vertex -20.9639 9.355 6.5
      vertex -20.9147 9.25528 2
      vertex -20.9147 9.25528 6.5
    endloop
  endfacet
  facet normal -0.751869 -0.659313 0
    outer loop
      vertex -21.0257 9.44745 2
      vertex -21.099 9.53104 6.5
      vertex -21.099 9.53104 2
    endloop
  endfacet
  facet normal -0.751869 -0.659313 0
    outer loop
      vertex -21.099 9.53104 6.5
      vertex -21.0257 9.44745 2
      vertex -21.0257 9.44745 6.5
    endloop
  endfacet
  facet normal -0.947033 0.321135 0
    outer loop
      vertex -20.9147 8.60472 2
      vertex -20.879 8.71 6.5
      vertex -20.879 8.71 2
    endloop
  endfacet
  facet normal -0.947033 0.321135 0
    outer loop
      vertex -20.879 8.71 6.5
      vertex -20.9147 8.60472 2
      vertex -20.9147 8.60472 6.5
    endloop
  endfacet
  facet normal 0.751869 0.659313 0
    outer loop
      vertex -22.301 8.32896 6.5
      vertex -22.3743 8.41255 2
      vertex -22.3743 8.41255 6.5
    endloop
  endfacet
  facet normal 0.751869 0.659313 0
    outer loop
      vertex -22.3743 8.41255 2
      vertex -22.301 8.32896 6.5
      vertex -22.301 8.32896 2
    endloop
  endfacet
  facet normal -0.98077 0.195165 0
    outer loop
      vertex -20.879 8.71 2
      vertex -20.8573 8.81905 6.5
      vertex -20.8573 8.81905 2
    endloop
  endfacet
  facet normal -0.98077 0.195165 0
    outer loop
      vertex -20.8573 8.81905 6.5
      vertex -20.879 8.71 2
      vertex -20.879 8.71 6.5
    endloop
  endfacet
  facet normal -0.0654141 0.997858 0
    outer loop
      vertex -21.5891 8.08727 2
      vertex -21.7 8.08 6.5
      vertex -21.5891 8.08727 6.5
    endloop
  endfacet
  facet normal -0.0654141 0.997858 0
    outer loop
      vertex -21.7 8.08 6.5
      vertex -21.5891 8.08727 2
      vertex -21.7 8.08 2
    endloop
  endfacet
  facet normal 0.947033 0.321135 0
    outer loop
      vertex -22.4853 8.60472 6.5
      vertex -22.521 8.71 2
      vertex -22.521 8.71 6.5
    endloop
  endfacet
  facet normal 0.947033 0.321135 0
    outer loop
      vertex -22.521 8.71 2
      vertex -22.4853 8.60472 6.5
      vertex -22.4853 8.60472 2
    endloop
  endfacet
  facet normal -0.831358 0.555737 0
    outer loop
      vertex -21.0257 8.41255 2
      vertex -20.9639 8.505 6.5
      vertex -20.9639 8.505 2
    endloop
  endfacet
  facet normal -0.831358 0.555737 0
    outer loop
      vertex -20.9639 8.505 6.5
      vertex -21.0257 8.41255 2
      vertex -21.0257 8.41255 6.5
    endloop
  endfacet
  facet normal -0.442386 -0.896825 0
    outer loop
      vertex -21.3747 9.7153 2
      vertex -21.275 9.66612 6.5
      vertex -21.3747 9.7153 6.5
    endloop
  endfacet
  facet normal -0.442386 -0.896825 -0
    outer loop
      vertex -21.275 9.66612 6.5
      vertex -21.3747 9.7153 2
      vertex -21.275 9.66612 2
    endloop
  endfacet
  facet normal 0.442386 -0.896825 0
    outer loop
      vertex -22.125 9.66612 2
      vertex -22.0253 9.7153 6.5
      vertex -22.125 9.66612 6.5
    endloop
  endfacet
  facet normal 0.442386 -0.896825 0
    outer loop
      vertex -22.0253 9.7153 6.5
      vertex -22.125 9.66612 2
      vertex -22.0253 9.7153 2
    endloop
  endfacet
  facet normal -0.442386 0.896825 0
    outer loop
      vertex -21.275 8.19388 2
      vertex -21.3747 8.1447 6.5
      vertex -21.275 8.19388 6.5
    endloop
  endfacet
  facet normal -0.442386 0.896825 0
    outer loop
      vertex -21.3747 8.1447 6.5
      vertex -21.275 8.19388 2
      vertex -21.3747 8.1447 2
    endloop
  endfacet
  facet normal -0.321403 0.946943 0
    outer loop
      vertex -21.3747 8.1447 2
      vertex -21.48 8.10896 6.5
      vertex -21.3747 8.1447 6.5
    endloop
  endfacet
  facet normal -0.321403 0.946943 0
    outer loop
      vertex -21.48 8.10896 6.5
      vertex -21.3747 8.1447 2
      vertex -21.48 8.10896 2
    endloop
  endfacet
  facet normal 0.194992 0.980805 -0
    outer loop
      vertex -21.8109 8.08727 2
      vertex -21.92 8.10896 6.5
      vertex -21.8109 8.08727 6.5
    endloop
  endfacet
  facet normal 0.194992 0.980805 0
    outer loop
      vertex -21.92 8.10896 6.5
      vertex -21.8109 8.08727 2
      vertex -21.92 8.10896 2
    endloop
  endfacet
  facet normal 0.947033 -0.321135 0
    outer loop
      vertex -22.521 9.15 6.5
      vertex -22.4853 9.25528 2
      vertex -22.4853 9.25528 6.5
    endloop
  endfacet
  facet normal 0.947033 -0.321135 0
    outer loop
      vertex -22.4853 9.25528 2
      vertex -22.521 9.15 6.5
      vertex -22.521 9.15 2
    endloop
  endfacet
  facet normal 0.194992 -0.980805 0
    outer loop
      vertex -21.92 9.75104 2
      vertex -21.8109 9.77273 6.5
      vertex -21.92 9.75104 6.5
    endloop
  endfacet
  facet normal 0.194992 -0.980805 0
    outer loop
      vertex -21.8109 9.77273 6.5
      vertex -21.92 9.75104 2
      vertex -21.8109 9.77273 2
    endloop
  endfacet
  facet normal 0.555759 -0.831344 0
    outer loop
      vertex -22.2174 9.60435 2
      vertex -22.125 9.66612 6.5
      vertex -22.2174 9.60435 6.5
    endloop
  endfacet
  facet normal 0.555759 -0.831344 0
    outer loop
      vertex -22.125 9.66612 6.5
      vertex -22.2174 9.60435 2
      vertex -22.125 9.66612 2
    endloop
  endfacet
  facet normal -0.555759 0.831344 0
    outer loop
      vertex -21.1826 8.25565 2
      vertex -21.275 8.19388 6.5
      vertex -21.1826 8.25565 6.5
    endloop
  endfacet
  facet normal -0.555759 0.831344 0
    outer loop
      vertex -21.275 8.19388 6.5
      vertex -21.1826 8.25565 2
      vertex -21.275 8.19388 2
    endloop
  endfacet
  facet normal -0.194992 0.980805 0
    outer loop
      vertex -21.48 8.10896 2
      vertex -21.5891 8.08727 6.5
      vertex -21.48 8.10896 6.5
    endloop
  endfacet
  facet normal -0.194992 0.980805 0
    outer loop
      vertex -21.5891 8.08727 6.5
      vertex -21.48 8.10896 2
      vertex -21.5891 8.08727 2
    endloop
  endfacet
  facet normal 0.896789 -0.442459 0
    outer loop
      vertex -22.4853 9.25528 6.5
      vertex -22.4361 9.355 2
      vertex -22.4361 9.355 6.5
    endloop
  endfacet
  facet normal 0.896789 -0.442459 0
    outer loop
      vertex -22.4361 9.355 2
      vertex -22.4853 9.25528 6.5
      vertex -22.4853 9.25528 2
    endloop
  endfacet
  facet normal 0.831358 -0.555737 0
    outer loop
      vertex -22.4361 9.355 6.5
      vertex -22.3743 9.44745 2
      vertex -22.3743 9.44745 6.5
    endloop
  endfacet
  facet normal 0.831358 -0.555737 0
    outer loop
      vertex -22.3743 9.44745 2
      vertex -22.4361 9.355 6.5
      vertex -22.4361 9.355 2
    endloop
  endfacet
  facet normal 0.0654141 0.997858 -0
    outer loop
      vertex -21.7 8.08 2
      vertex -21.8109 8.08727 6.5
      vertex -21.7 8.08 6.5
    endloop
  endfacet
  facet normal 0.0654141 0.997858 0
    outer loop
      vertex -21.8109 8.08727 6.5
      vertex -21.7 8.08 2
      vertex -21.8109 8.08727 2
    endloop
  endfacet
  facet normal 0.659319 -0.751863 0
    outer loop
      vertex -22.301 9.53104 2
      vertex -22.2174 9.60435 6.5
      vertex -22.301 9.53104 6.5
    endloop
  endfacet
  facet normal 0.659319 -0.751863 0
    outer loop
      vertex -22.2174 9.60435 6.5
      vertex -22.301 9.53104 2
      vertex -22.2174 9.60435 2
    endloop
  endfacet
  facet normal 0.659319 0.751863 -0
    outer loop
      vertex -22.2174 8.25565 2
      vertex -22.301 8.32896 6.5
      vertex -22.2174 8.25565 6.5
    endloop
  endfacet
  facet normal 0.659319 0.751863 0
    outer loop
      vertex -22.301 8.32896 6.5
      vertex -22.2174 8.25565 2
      vertex -22.301 8.32896 2
    endloop
  endfacet
  facet normal 0.751869 -0.659313 0
    outer loop
      vertex -22.3743 9.44745 6.5
      vertex -22.301 9.53104 2
      vertex -22.301 9.53104 6.5
    endloop
  endfacet
  facet normal 0.751869 -0.659313 0
    outer loop
      vertex -22.301 9.53104 2
      vertex -22.3743 9.44745 6.5
      vertex -22.3743 9.44745 2
    endloop
  endfacet
  facet normal -0.751869 0.659313 0
    outer loop
      vertex -21.099 8.32896 2
      vertex -21.0257 8.41255 6.5
      vertex -21.0257 8.41255 2
    endloop
  endfacet
  facet normal -0.751869 0.659313 0
    outer loop
      vertex -21.0257 8.41255 6.5
      vertex -21.099 8.32896 2
      vertex -21.099 8.32896 6.5
    endloop
  endfacet
  facet normal -0.896789 0.442459 0
    outer loop
      vertex -20.9639 8.505 2
      vertex -20.9147 8.60472 6.5
      vertex -20.9147 8.60472 2
    endloop
  endfacet
  facet normal -0.896789 0.442459 0
    outer loop
      vertex -20.9147 8.60472 6.5
      vertex -20.9639 8.505 2
      vertex -20.9639 8.505 6.5
    endloop
  endfacet
  facet normal 0.555759 0.831344 -0
    outer loop
      vertex -22.125 8.19388 2
      vertex -22.2174 8.25565 6.5
      vertex -22.125 8.19388 6.5
    endloop
  endfacet
  facet normal 0.555759 0.831344 0
    outer loop
      vertex -22.2174 8.25565 6.5
      vertex -22.125 8.19388 2
      vertex -22.2174 8.25565 2
    endloop
  endfacet
  facet normal 0.98077 -0.195165 0
    outer loop
      vertex -22.5427 9.04095 6.5
      vertex -22.521 9.15 2
      vertex -22.521 9.15 6.5
    endloop
  endfacet
  facet normal 0.98077 -0.195165 0
    outer loop
      vertex -22.521 9.15 2
      vertex -22.5427 9.04095 6.5
      vertex -22.5427 9.04095 2
    endloop
  endfacet
  facet normal -0.0654141 -0.997858 0
    outer loop
      vertex -21.7 9.78 2
      vertex -21.5891 9.77273 6.5
      vertex -21.7 9.78 6.5
    endloop
  endfacet
  facet normal -0.0654141 -0.997858 -0
    outer loop
      vertex -21.5891 9.77273 6.5
      vertex -21.7 9.78 2
      vertex -21.5891 9.77273 2
    endloop
  endfacet
  facet normal -0.555759 -0.831344 0
    outer loop
      vertex -21.275 9.66612 2
      vertex -21.1826 9.60435 6.5
      vertex -21.275 9.66612 6.5
    endloop
  endfacet
  facet normal -0.555759 -0.831344 -0
    outer loop
      vertex -21.1826 9.60435 6.5
      vertex -21.275 9.66612 2
      vertex -21.1826 9.60435 2
    endloop
  endfacet
  facet normal 0.321403 -0.946943 0
    outer loop
      vertex -22.0253 9.7153 2
      vertex -21.92 9.75104 6.5
      vertex -22.0253 9.7153 6.5
    endloop
  endfacet
  facet normal 0.321403 -0.946943 0
    outer loop
      vertex -21.92 9.75104 6.5
      vertex -22.0253 9.7153 2
      vertex -21.92 9.75104 2
    endloop
  endfacet
  facet normal 0.0654141 -0.997858 0
    outer loop
      vertex -21.8109 9.77273 2
      vertex -21.7 9.78 6.5
      vertex -21.8109 9.77273 6.5
    endloop
  endfacet
  facet normal 0.0654141 -0.997858 0
    outer loop
      vertex -21.7 9.78 6.5
      vertex -21.8109 9.77273 2
      vertex -21.7 9.78 2
    endloop
  endfacet
  facet normal 0.997842 -0.0656534 0
    outer loop
      vertex -22.55 8.93 6.5
      vertex -22.5427 9.04095 2
      vertex -22.5427 9.04095 6.5
    endloop
  endfacet
  facet normal 0.997842 -0.0656534 0
    outer loop
      vertex -22.5427 9.04095 2
      vertex -22.55 8.93 6.5
      vertex -22.55 8.93 2
    endloop
  endfacet
  facet normal -0.659319 -0.751863 0
    outer loop
      vertex -21.1826 9.60435 2
      vertex -21.099 9.53104 6.5
      vertex -21.1826 9.60435 6.5
    endloop
  endfacet
  facet normal -0.659319 -0.751863 -0
    outer loop
      vertex -21.099 9.53104 6.5
      vertex -21.1826 9.60435 2
      vertex -21.099 9.53104 2
    endloop
  endfacet
  facet normal 0.896789 0.442459 0
    outer loop
      vertex -22.4361 8.505 6.5
      vertex -22.4853 8.60472 2
      vertex -22.4853 8.60472 6.5
    endloop
  endfacet
  facet normal 0.896789 0.442459 0
    outer loop
      vertex -22.4853 8.60472 2
      vertex -22.4361 8.505 6.5
      vertex -22.4361 8.505 2
    endloop
  endfacet
  facet normal 0.442386 0.896825 -0
    outer loop
      vertex -22.0253 8.1447 2
      vertex -22.125 8.19388 6.5
      vertex -22.0253 8.1447 6.5
    endloop
  endfacet
  facet normal 0.442386 0.896825 0
    outer loop
      vertex -22.125 8.19388 6.5
      vertex -22.0253 8.1447 2
      vertex -22.125 8.19388 2
    endloop
  endfacet
  facet normal -0.659319 0.751863 0
    outer loop
      vertex -21.099 8.32896 2
      vertex -21.1826 8.25565 6.5
      vertex -21.099 8.32896 6.5
    endloop
  endfacet
  facet normal -0.659319 0.751863 0
    outer loop
      vertex -21.1826 8.25565 6.5
      vertex -21.099 8.32896 2
      vertex -21.1826 8.25565 2
    endloop
  endfacet
  facet normal 0.831358 0.555737 0
    outer loop
      vertex -22.3743 8.41255 6.5
      vertex -22.4361 8.505 2
      vertex -22.4361 8.505 6.5
    endloop
  endfacet
  facet normal 0.831358 0.555737 0
    outer loop
      vertex -22.4361 8.505 2
      vertex -22.3743 8.41255 6.5
      vertex -22.3743 8.41255 2
    endloop
  endfacet
endsolid OpenSCAD_Model
