solid OpenSCAD_Model
  facet normal 0.32136 -0.946957 0
    outer loop
      vertex 26.747 -14.0148 -2.8
      vertex 27.0567 -13.9097 -7.62939e-07
      vertex 26.747 -14.0148 -7.62939e-07
    endloop
  endfacet
  facet normal 0.32136 -0.946957 0
    outer loop
      vertex 27.0567 -13.9097 -7.62939e-07
      vertex 26.747 -14.0148 -2.8
      vertex 27.0567 -13.9097 -2.8
    endloop
  endfacet
  facet normal 0.896921 -0.442191 0
    outer loop
      vertex 28.2651 -12.85 -7.62939e-07
      vertex 28.4097 -12.5567 -2.8
      vertex 28.4097 -12.5567 -7.62939e-07
    endloop
  endfacet
  facet normal 0.896921 -0.442191 0
    outer loop
      vertex 28.4097 -12.5567 -2.8
      vertex 28.2651 -12.85 -7.62939e-07
      vertex 28.2651 -12.85 -2.8
    endloop
  endfacet
  facet normal 0 -1 0
    outer loop
      vertex -26.1 -14.1 -2.8
      vertex 26.1 -14.1 -7.62939e-07
      vertex -26.1 -14.1 -7.62939e-07
    endloop
  endfacet
  facet normal 0 -1 -0
    outer loop
      vertex 26.1 -14.1 -7.62939e-07
      vertex -26.1 -14.1 -2.8
      vertex 26.1 -14.1 -2.8
    endloop
  endfacet
  facet normal 0.195116 -0.98078 0
    outer loop
      vertex 26.4263 -14.0786 -2.8
      vertex 26.747 -14.0148 -7.62939e-07
      vertex 26.4263 -14.0786 -7.62939e-07
    endloop
  endfacet
  facet normal 0.195116 -0.98078 0
    outer loop
      vertex 26.747 -14.0148 -7.62939e-07
      vertex 26.4263 -14.0786 -2.8
      vertex 26.747 -14.0148 -2.8
    endloop
  endfacet
  facet normal 0.0654432 0.997856 -0
    outer loop
      vertex 26.4263 14.0786 -2.8
      vertex 26.1 14.1 -7.62939e-07
      vertex 26.4263 14.0786 -7.62939e-07
    endloop
  endfacet
  facet normal 0.0654432 0.997856 0
    outer loop
      vertex 26.1 14.1 -7.62939e-07
      vertex 26.4263 14.0786 -2.8
      vertex 26.1 14.1 -2.8
    endloop
  endfacet
  facet normal 0.0654432 -0.997856 0
    outer loop
      vertex 26.1 -14.1 -2.8
      vertex 26.4263 -14.0786 -7.62939e-07
      vertex 26.1 -14.1 -7.62939e-07
    endloop
  endfacet
  facet normal 0.0654432 -0.997856 0
    outer loop
      vertex 26.4263 -14.0786 -7.62939e-07
      vertex 26.1 -14.1 -2.8
      vertex 26.4263 -14.0786 -2.8
    endloop
  endfacet
  facet normal -0.0654432 -0.997856 0
    outer loop
      vertex -26.4263 -14.0786 -2.8
      vertex -26.1 -14.1 -7.62939e-07
      vertex -26.4263 -14.0786 -7.62939e-07
    endloop
  endfacet
  facet normal -0.0654432 -0.997856 -0
    outer loop
      vertex -26.1 -14.1 -7.62939e-07
      vertex -26.4263 -14.0786 -2.8
      vertex -26.1 -14.1 -2.8
    endloop
  endfacet
  facet normal -0.32136 -0.946957 0
    outer loop
      vertex -27.0567 -13.9097 -2.8
      vertex -26.747 -14.0148 -7.62939e-07
      vertex -27.0567 -13.9097 -7.62939e-07
    endloop
  endfacet
  facet normal -0.32136 -0.946957 -0
    outer loop
      vertex -26.747 -14.0148 -7.62939e-07
      vertex -27.0567 -13.9097 -2.8
      vertex -26.747 -14.0148 -2.8
    endloop
  endfacet
  facet normal 0.831438 -0.555617 0
    outer loop
      vertex 28.0834 -13.1219 -7.62939e-07
      vertex 28.2651 -12.85 -2.8
      vertex 28.2651 -12.85 -7.62939e-07
    endloop
  endfacet
  facet normal 0.831438 -0.555617 0
    outer loop
      vertex 28.2651 -12.85 -2.8
      vertex 28.0834 -13.1219 -7.62939e-07
      vertex 28.0834 -13.1219 -2.8
    endloop
  endfacet
  facet normal -0.659262 0.751913 0
    outer loop
      vertex -27.6219 13.5834 -2.8
      vertex -27.8678 13.3678 -7.62939e-07
      vertex -27.6219 13.5834 -7.62939e-07
    endloop
  endfacet
  facet normal -0.659262 0.751913 0
    outer loop
      vertex -27.8678 13.3678 -7.62939e-07
      vertex -27.6219 13.5834 -2.8
      vertex -27.8678 13.3678 -2.8
    endloop
  endfacet
  facet normal -0.896921 0.442191 0
    outer loop
      vertex -28.4097 12.5567 -2.8
      vertex -28.2651 12.85 -7.62939e-07
      vertex -28.2651 12.85 -2.8
    endloop
  endfacet
  facet normal -0.896921 0.442191 0
    outer loop
      vertex -28.2651 12.85 -7.62939e-07
      vertex -28.4097 12.5567 -2.8
      vertex -28.4097 12.5567 -7.62939e-07
    endloop
  endfacet
  facet normal -0.555617 0.831438 0
    outer loop
      vertex -27.35 13.7651 -2.8
      vertex -27.6219 13.5834 -7.62939e-07
      vertex -27.35 13.7651 -7.62939e-07
    endloop
  endfacet
  facet normal -0.555617 0.831438 0
    outer loop
      vertex -27.6219 13.5834 -7.62939e-07
      vertex -27.35 13.7651 -2.8
      vertex -27.6219 13.5834 -2.8
    endloop
  endfacet
  facet normal -0.442191 0.896921 0
    outer loop
      vertex -27.0567 13.9097 -2.8
      vertex -27.35 13.7651 -7.62939e-07
      vertex -27.0567 13.9097 -7.62939e-07
    endloop
  endfacet
  facet normal -0.442191 0.896921 0
    outer loop
      vertex -27.35 13.7651 -7.62939e-07
      vertex -27.0567 13.9097 -2.8
      vertex -27.35 13.7651 -2.8
    endloop
  endfacet
  facet normal 1 0 0
    outer loop
      vertex 28.6 11.6 -7.62939e-07
      vertex 28.6 9.15 -1.61
      vertex 28.6 11.6 -2.8
    endloop
  endfacet
  facet normal 1 0 0
    outer loop
      vertex 28.6 11.6 -7.62939e-07
      vertex 28.6 -9.15 -1.61
      vertex 28.6 9.15 -1.61
    endloop
  endfacet
  facet normal 1 -0 0
    outer loop
      vertex 28.6 -11.6 -7.62939e-07
      vertex 28.6 -9.15 -1.61
      vertex 28.6 11.6 -7.62939e-07
    endloop
  endfacet
  facet normal 1 0 0
    outer loop
      vertex 28.6 -11.6 -2.8
      vertex 28.6 -9.15 -1.61
      vertex 28.6 -11.6 -7.62939e-07
    endloop
  endfacet
  facet normal 1 0 0
    outer loop
      vertex 28.6 -9.15 -1.61
      vertex 28.6 -11.6 -2.8
      vertex 28.6 -9.15 -2.8
    endloop
  endfacet
  facet normal 1 0 0
    outer loop
      vertex 28.6 11.6 -2.8
      vertex 28.6 9.15 -1.61
      vertex 28.6 9.15 -2.8
    endloop
  endfacet
  facet normal -1 0 0
    outer loop
      vertex -28.6 -11.6 -2.8
      vertex -28.6 11.6 -7.62939e-07
      vertex -28.6 11.6 -2.8
    endloop
  endfacet
  facet normal -1 -0 0
    outer loop
      vertex -28.6 11.6 -7.62939e-07
      vertex -28.6 -11.6 -2.8
      vertex -28.6 -11.6 -7.62939e-07
    endloop
  endfacet
  facet normal -0.0654432 0.997856 0
    outer loop
      vertex -26.1 14.1 -2.8
      vertex -26.4263 14.0786 -7.62939e-07
      vertex -26.1 14.1 -7.62939e-07
    endloop
  endfacet
  facet normal -0.0654432 0.997856 0
    outer loop
      vertex -26.4263 14.0786 -7.62939e-07
      vertex -26.1 14.1 -2.8
      vertex -26.4263 14.0786 -2.8
    endloop
  endfacet
  facet normal 0.32136 0.946957 -0
    outer loop
      vertex 27.0567 13.9097 -2.8
      vertex 26.747 14.0148 -7.62939e-07
      vertex 27.0567 13.9097 -7.62939e-07
    endloop
  endfacet
  facet normal 0.32136 0.946957 0
    outer loop
      vertex 26.747 14.0148 -7.62939e-07
      vertex 27.0567 13.9097 -2.8
      vertex 26.747 14.0148 -2.8
    endloop
  endfacet
  facet normal -0.946957 0.32136 0
    outer loop
      vertex -28.5148 12.247 -2.8
      vertex -28.4097 12.5567 -7.62939e-07
      vertex -28.4097 12.5567 -2.8
    endloop
  endfacet
  facet normal -0.946957 0.32136 0
    outer loop
      vertex -28.4097 12.5567 -7.62939e-07
      vertex -28.5148 12.247 -2.8
      vertex -28.5148 12.247 -7.62939e-07
    endloop
  endfacet
  facet normal -0.195116 -0.98078 0
    outer loop
      vertex -26.747 -14.0148 -2.8
      vertex -26.4263 -14.0786 -7.62939e-07
      vertex -26.747 -14.0148 -7.62939e-07
    endloop
  endfacet
  facet normal -0.195116 -0.98078 -0
    outer loop
      vertex -26.4263 -14.0786 -7.62939e-07
      vertex -26.747 -14.0148 -2.8
      vertex -26.4263 -14.0786 -2.8
    endloop
  endfacet
  facet normal -0.751913 0.659262 0
    outer loop
      vertex -28.0834 13.1219 -2.8
      vertex -27.8678 13.3678 -7.62939e-07
      vertex -27.8678 13.3678 -2.8
    endloop
  endfacet
  facet normal -0.751913 0.659262 0
    outer loop
      vertex -27.8678 13.3678 -7.62939e-07
      vertex -28.0834 13.1219 -2.8
      vertex -28.0834 13.1219 -7.62939e-07
    endloop
  endfacet
  facet normal 0.98078 -0.195116 0
    outer loop
      vertex 28.5148 -12.247 -7.62939e-07
      vertex 28.5786 -11.9263 -2.8
      vertex 28.5786 -11.9263 -7.62939e-07
    endloop
  endfacet
  facet normal 0.98078 -0.195116 0
    outer loop
      vertex 28.5786 -11.9263 -2.8
      vertex 28.5148 -12.247 -7.62939e-07
      vertex 28.5148 -12.247 -2.8
    endloop
  endfacet
  facet normal -0.442191 -0.896921 0
    outer loop
      vertex -27.35 -13.7651 -2.8
      vertex -27.0567 -13.9097 -7.62939e-07
      vertex -27.35 -13.7651 -7.62939e-07
    endloop
  endfacet
  facet normal -0.442191 -0.896921 -0
    outer loop
      vertex -27.0567 -13.9097 -7.62939e-07
      vertex -27.35 -13.7651 -2.8
      vertex -27.0567 -13.9097 -2.8
    endloop
  endfacet
  facet normal 0 1 -0
    outer loop
      vertex 26.1 14.1 -2.8
      vertex -26.1 14.1 -7.62939e-07
      vertex 26.1 14.1 -7.62939e-07
    endloop
  endfacet
  facet normal 0 1 0
    outer loop
      vertex -26.1 14.1 -7.62939e-07
      vertex 26.1 14.1 -2.8
      vertex -26.1 14.1 -2.8
    endloop
  endfacet
  facet normal 0.831438 0.555617 0
    outer loop
      vertex 28.2651 12.85 -7.62939e-07
      vertex 28.0834 13.1219 -2.8
      vertex 28.0834 13.1219 -7.62939e-07
    endloop
  endfacet
  facet normal 0.831438 0.555617 0
    outer loop
      vertex 28.0834 13.1219 -2.8
      vertex 28.2651 12.85 -7.62939e-07
      vertex 28.2651 12.85 -2.8
    endloop
  endfacet
  facet normal -0.32136 0.946957 0
    outer loop
      vertex -26.747 14.0148 -2.8
      vertex -27.0567 13.9097 -7.62939e-07
      vertex -26.747 14.0148 -7.62939e-07
    endloop
  endfacet
  facet normal -0.32136 0.946957 0
    outer loop
      vertex -27.0567 13.9097 -7.62939e-07
      vertex -26.747 14.0148 -2.8
      vertex -27.0567 13.9097 -2.8
    endloop
  endfacet
  facet normal -0.831438 0.555617 0
    outer loop
      vertex -28.2651 12.85 -2.8
      vertex -28.0834 13.1219 -7.62939e-07
      vertex -28.0834 13.1219 -2.8
    endloop
  endfacet
  facet normal -0.831438 0.555617 0
    outer loop
      vertex -28.0834 13.1219 -7.62939e-07
      vertex -28.2651 12.85 -2.8
      vertex -28.2651 12.85 -7.62939e-07
    endloop
  endfacet
  facet normal -0.997856 0.0654432 0
    outer loop
      vertex -28.6 11.6 -2.8
      vertex -28.5786 11.9263 -7.62939e-07
      vertex -28.5786 11.9263 -2.8
    endloop
  endfacet
  facet normal -0.997856 0.0654432 0
    outer loop
      vertex -28.5786 11.9263 -7.62939e-07
      vertex -28.6 11.6 -2.8
      vertex -28.6 11.6 -7.62939e-07
    endloop
  endfacet
  facet normal -0.555617 -0.831438 0
    outer loop
      vertex -27.6219 -13.5834 -2.8
      vertex -27.35 -13.7651 -7.62939e-07
      vertex -27.6219 -13.5834 -7.62939e-07
    endloop
  endfacet
  facet normal -0.555617 -0.831438 -0
    outer loop
      vertex -27.35 -13.7651 -7.62939e-07
      vertex -27.6219 -13.5834 -2.8
      vertex -27.35 -13.7651 -2.8
    endloop
  endfacet
  facet normal 0.946957 -0.32136 0
    outer loop
      vertex 28.4097 -12.5567 -7.62939e-07
      vertex 28.5148 -12.247 -2.8
      vertex 28.5148 -12.247 -7.62939e-07
    endloop
  endfacet
  facet normal 0.946957 -0.32136 0
    outer loop
      vertex 28.5148 -12.247 -2.8
      vertex 28.4097 -12.5567 -7.62939e-07
      vertex 28.4097 -12.5567 -2.8
    endloop
  endfacet
  facet normal -0.195116 0.98078 0
    outer loop
      vertex -26.4263 14.0786 -2.8
      vertex -26.747 14.0148 -7.62939e-07
      vertex -26.4263 14.0786 -7.62939e-07
    endloop
  endfacet
  facet normal -0.195116 0.98078 0
    outer loop
      vertex -26.747 14.0148 -7.62939e-07
      vertex -26.4263 14.0786 -2.8
      vertex -26.747 14.0148 -2.8
    endloop
  endfacet
  facet normal 0.555617 -0.831438 0
    outer loop
      vertex 27.35 -13.7651 -2.8
      vertex 27.6219 -13.5834 -7.62939e-07
      vertex 27.35 -13.7651 -7.62939e-07
    endloop
  endfacet
  facet normal 0.555617 -0.831438 0
    outer loop
      vertex 27.6219 -13.5834 -7.62939e-07
      vertex 27.35 -13.7651 -2.8
      vertex 27.6219 -13.5834 -2.8
    endloop
  endfacet
  facet normal 0.555617 0.831438 -0
    outer loop
      vertex 27.6219 13.5834 -2.8
      vertex 27.35 13.7651 -7.62939e-07
      vertex 27.6219 13.5834 -7.62939e-07
    endloop
  endfacet
  facet normal 0.555617 0.831438 0
    outer loop
      vertex 27.35 13.7651 -7.62939e-07
      vertex 27.6219 13.5834 -2.8
      vertex 27.35 13.7651 -2.8
    endloop
  endfacet
  facet normal 0.442191 0.896921 -0
    outer loop
      vertex 27.35 13.7651 -2.8
      vertex 27.0567 13.9097 -7.62939e-07
      vertex 27.35 13.7651 -7.62939e-07
    endloop
  endfacet
  facet normal 0.442191 0.896921 0
    outer loop
      vertex 27.0567 13.9097 -7.62939e-07
      vertex 27.35 13.7651 -2.8
      vertex 27.0567 13.9097 -2.8
    endloop
  endfacet
  facet normal 0.896921 0.442191 0
    outer loop
      vertex 28.4097 12.5567 -7.62939e-07
      vertex 28.2651 12.85 -2.8
      vertex 28.2651 12.85 -7.62939e-07
    endloop
  endfacet
  facet normal 0.896921 0.442191 0
    outer loop
      vertex 28.2651 12.85 -2.8
      vertex 28.4097 12.5567 -7.62939e-07
      vertex 28.4097 12.5567 -2.8
    endloop
  endfacet
  facet normal 0.195116 0.98078 -0
    outer loop
      vertex 26.747 14.0148 -2.8
      vertex 26.4263 14.0786 -7.62939e-07
      vertex 26.747 14.0148 -7.62939e-07
    endloop
  endfacet
  facet normal 0.195116 0.98078 0
    outer loop
      vertex 26.4263 14.0786 -7.62939e-07
      vertex 26.747 14.0148 -2.8
      vertex 26.4263 14.0786 -2.8
    endloop
  endfacet
  facet normal -0 0 1
    outer loop
      vertex 27.8 11.8 -7.62939e-07
      vertex 28.6 11.6 -7.62939e-07
      vertex 28.5786 11.9263 -7.62939e-07
    endloop
  endfacet
  facet normal 0 0 1
    outer loop
      vertex 28.6 11.6 -7.62939e-07
      vertex 27.8 11.8 -7.62939e-07
      vertex 28.6 -11.6 -7.62939e-07
    endloop
  endfacet
  facet normal -0 0 1
    outer loop
      vertex 27.7872 11.9958 -7.62939e-07
      vertex 28.5786 11.9263 -7.62939e-07
      vertex 28.5148 12.247 -7.62939e-07
    endloop
  endfacet
  facet normal 0 0 1
    outer loop
      vertex 27.8 -11.8 -7.62939e-07
      vertex 28.6 -11.6 -7.62939e-07
      vertex 27.8 11.8 -7.62939e-07
    endloop
  endfacet
  facet normal 0 0 1
    outer loop
      vertex 27.7489 12.1882 -7.62939e-07
      vertex 28.5148 12.247 -7.62939e-07
      vertex 28.4097 12.5567 -7.62939e-07
    endloop
  endfacet
  facet normal 0 0 1
    outer loop
      vertex 28.6 -11.6 -7.62939e-07
      vertex 27.8 -11.8 -7.62939e-07
      vertex 28.5786 -11.9263 -7.62939e-07
    endloop
  endfacet
  facet normal 0 0 1
    outer loop
      vertex 27.6858 12.374 -7.62939e-07
      vertex 28.4097 12.5567 -7.62939e-07
      vertex 28.2651 12.85 -7.62939e-07
    endloop
  endfacet
  facet normal 0 0 1
    outer loop
      vertex 27.7872 -11.9958 -7.62939e-07
      vertex 28.5786 -11.9263 -7.62939e-07
      vertex 27.8 -11.8 -7.62939e-07
    endloop
  endfacet
  facet normal 0 0 1
    outer loop
      vertex 27.599 12.55 -7.62939e-07
      vertex 28.2651 12.85 -7.62939e-07
      vertex 28.0834 13.1219 -7.62939e-07
    endloop
  endfacet
  facet normal 0 0 1
    outer loop
      vertex 28.5786 -11.9263 -7.62939e-07
      vertex 27.7872 -11.9958 -7.62939e-07
      vertex 28.5148 -12.247 -7.62939e-07
    endloop
  endfacet
  facet normal 0 0 1
    outer loop
      vertex 27.49 12.7131 -7.62939e-07
      vertex 28.0834 13.1219 -7.62939e-07
      vertex 27.8678 13.3678 -7.62939e-07
    endloop
  endfacet
  facet normal -0 0 1
    outer loop
      vertex 27.7489 -12.1882 -7.62939e-07
      vertex 28.5148 -12.247 -7.62939e-07
      vertex 27.7872 -11.9958 -7.62939e-07
    endloop
  endfacet
  facet normal 0 0 1
    outer loop
      vertex 28.5148 -12.247 -7.62939e-07
      vertex 27.7489 -12.1882 -7.62939e-07
      vertex 28.4097 -12.5567 -7.62939e-07
    endloop
  endfacet
  facet normal 0 0 1
    outer loop
      vertex 28.5786 11.9263 -7.62939e-07
      vertex 27.7872 11.9958 -7.62939e-07
      vertex 27.8 11.8 -7.62939e-07
    endloop
  endfacet
  facet normal 0 0 1
    outer loop
      vertex 28.5148 12.247 -7.62939e-07
      vertex 27.7489 12.1882 -7.62939e-07
      vertex 27.7872 11.9958 -7.62939e-07
    endloop
  endfacet
  facet normal 0 0 1
    outer loop
      vertex 28.4097 12.5567 -7.62939e-07
      vertex 27.6858 12.374 -7.62939e-07
      vertex 27.7489 12.1882 -7.62939e-07
    endloop
  endfacet
  facet normal 0 0 1
    outer loop
      vertex 27.2131 12.99 -7.62939e-07
      vertex 27.8678 13.3678 -7.62939e-07
      vertex 27.6219 13.5834 -7.62939e-07
    endloop
  endfacet
  facet normal 0 0 1
    outer loop
      vertex 28.2651 12.85 -7.62939e-07
      vertex 27.599 12.55 -7.62939e-07
      vertex 27.6858 12.374 -7.62939e-07
    endloop
  endfacet
  facet normal 0 0 1
    outer loop
      vertex 28.0834 13.1219 -7.62939e-07
      vertex 27.49 12.7131 -7.62939e-07
      vertex 27.599 12.55 -7.62939e-07
    endloop
  endfacet
  facet normal 0 0 1
    outer loop
      vertex 27.8678 13.3678 -7.62939e-07
      vertex 27.3606 12.8606 -7.62939e-07
      vertex 27.49 12.7131 -7.62939e-07
    endloop
  endfacet
  facet normal 0 0 1
    outer loop
      vertex 27.05 13.099 -7.62939e-07
      vertex 27.6219 13.5834 -7.62939e-07
      vertex 27.35 13.7651 -7.62939e-07
    endloop
  endfacet
  facet normal 0 0 1
    outer loop
      vertex 27.8678 13.3678 -7.62939e-07
      vertex 27.2131 12.99 -7.62939e-07
      vertex 27.3606 12.8606 -7.62939e-07
    endloop
  endfacet
  facet normal 0 0 1
    outer loop
      vertex 26.874 13.1858 -7.62939e-07
      vertex 27.35 13.7651 -7.62939e-07
      vertex 27.0567 13.9097 -7.62939e-07
    endloop
  endfacet
  facet normal 0 0 1
    outer loop
      vertex 27.6219 13.5834 -7.62939e-07
      vertex 27.05 13.099 -7.62939e-07
      vertex 27.2131 12.99 -7.62939e-07
    endloop
  endfacet
  facet normal 0 0 1
    outer loop
      vertex 27.35 13.7651 -7.62939e-07
      vertex 26.874 13.1858 -7.62939e-07
      vertex 27.05 13.099 -7.62939e-07
    endloop
  endfacet
  facet normal 0 0 1
    outer loop
      vertex 26.6882 13.2489 -7.62939e-07
      vertex 27.0567 13.9097 -7.62939e-07
      vertex 26.747 14.0148 -7.62939e-07
    endloop
  endfacet
  facet normal 0 0 1
    outer loop
      vertex 27.0567 13.9097 -7.62939e-07
      vertex 26.6882 13.2489 -7.62939e-07
      vertex 26.874 13.1858 -7.62939e-07
    endloop
  endfacet
  facet normal 0 0 1
    outer loop
      vertex 26.747 14.0148 -7.62939e-07
      vertex 26.4958 13.2872 -7.62939e-07
      vertex 26.6882 13.2489 -7.62939e-07
    endloop
  endfacet
  facet normal 0 0 1
    outer loop
      vertex 26.4263 14.0786 -7.62939e-07
      vertex 26.4958 13.2872 -7.62939e-07
      vertex 26.747 14.0148 -7.62939e-07
    endloop
  endfacet
  facet normal 0 0 1
    outer loop
      vertex 26.4263 14.0786 -7.62939e-07
      vertex 26.3 13.3 -7.62939e-07
      vertex 26.4958 13.2872 -7.62939e-07
    endloop
  endfacet
  facet normal 0 0 1
    outer loop
      vertex 26.1 14.1 -7.62939e-07
      vertex 26.3 13.3 -7.62939e-07
      vertex 26.4263 14.0786 -7.62939e-07
    endloop
  endfacet
  facet normal -0 0 1
    outer loop
      vertex -26.1 14.1 -7.62939e-07
      vertex 26.3 13.3 -7.62939e-07
      vertex 26.1 14.1 -7.62939e-07
    endloop
  endfacet
  facet normal 0 0 1
    outer loop
      vertex -26.1 14.1 -7.62939e-07
      vertex -26.3 13.3 -7.62939e-07
      vertex 26.3 13.3 -7.62939e-07
    endloop
  endfacet
  facet normal -0 0 1
    outer loop
      vertex -26.4263 14.0786 -7.62939e-07
      vertex -26.3 13.3 -7.62939e-07
      vertex -26.1 14.1 -7.62939e-07
    endloop
  endfacet
  facet normal 0 0 1
    outer loop
      vertex -26.4263 14.0786 -7.62939e-07
      vertex -26.4958 13.2872 -7.62939e-07
      vertex -26.3 13.3 -7.62939e-07
    endloop
  endfacet
  facet normal -0 0 1
    outer loop
      vertex -26.747 14.0148 -7.62939e-07
      vertex -26.4958 13.2872 -7.62939e-07
      vertex -26.4263 14.0786 -7.62939e-07
    endloop
  endfacet
  facet normal 0 0 1
    outer loop
      vertex -26.4958 13.2872 -7.62939e-07
      vertex -26.747 14.0148 -7.62939e-07
      vertex -26.6882 13.2489 -7.62939e-07
    endloop
  endfacet
  facet normal -0 0 1
    outer loop
      vertex -27.0567 13.9097 -7.62939e-07
      vertex -26.6882 13.2489 -7.62939e-07
      vertex -26.747 14.0148 -7.62939e-07
    endloop
  endfacet
  facet normal 0 0 1
    outer loop
      vertex -26.6882 13.2489 -7.62939e-07
      vertex -27.0567 13.9097 -7.62939e-07
      vertex -26.874 13.1858 -7.62939e-07
    endloop
  endfacet
  facet normal -0 0 1
    outer loop
      vertex -27.35 13.7651 -7.62939e-07
      vertex -26.874 13.1858 -7.62939e-07
      vertex -27.0567 13.9097 -7.62939e-07
    endloop
  endfacet
  facet normal 0 0 1
    outer loop
      vertex -26.874 13.1858 -7.62939e-07
      vertex -27.35 13.7651 -7.62939e-07
      vertex -27.05 13.099 -7.62939e-07
    endloop
  endfacet
  facet normal -0 0 1
    outer loop
      vertex -27.6219 13.5834 -7.62939e-07
      vertex -27.05 13.099 -7.62939e-07
      vertex -27.35 13.7651 -7.62939e-07
    endloop
  endfacet
  facet normal 0 0 1
    outer loop
      vertex -27.05 13.099 -7.62939e-07
      vertex -27.6219 13.5834 -7.62939e-07
      vertex -27.2131 12.99 -7.62939e-07
    endloop
  endfacet
  facet normal -0 0 1
    outer loop
      vertex -27.8678 13.3678 -7.62939e-07
      vertex -27.2131 12.99 -7.62939e-07
      vertex -27.6219 13.5834 -7.62939e-07
    endloop
  endfacet
  facet normal 0 0 1
    outer loop
      vertex -27.2131 12.99 -7.62939e-07
      vertex -27.8678 13.3678 -7.62939e-07
      vertex -27.3606 12.8606 -7.62939e-07
    endloop
  endfacet
  facet normal 0 0 1
    outer loop
      vertex -27.3606 12.8606 -7.62939e-07
      vertex -27.8678 13.3678 -7.62939e-07
      vertex -27.49 12.7131 -7.62939e-07
    endloop
  endfacet
  facet normal -0 0 1
    outer loop
      vertex -28.0834 13.1219 -7.62939e-07
      vertex -27.49 12.7131 -7.62939e-07
      vertex -27.8678 13.3678 -7.62939e-07
    endloop
  endfacet
  facet normal 0 0 1
    outer loop
      vertex -27.49 12.7131 -7.62939e-07
      vertex -28.0834 13.1219 -7.62939e-07
      vertex -27.599 12.55 -7.62939e-07
    endloop
  endfacet
  facet normal -0 0 1
    outer loop
      vertex -28.2651 12.85 -7.62939e-07
      vertex -27.599 12.55 -7.62939e-07
      vertex -28.0834 13.1219 -7.62939e-07
    endloop
  endfacet
  facet normal 0 0 1
    outer loop
      vertex -27.6858 12.374 -7.62939e-07
      vertex -28.4097 12.5567 -7.62939e-07
      vertex -27.7489 12.1882 -7.62939e-07
    endloop
  endfacet
  facet normal -0 0 1
    outer loop
      vertex -28.4097 12.5567 -7.62939e-07
      vertex -27.6858 12.374 -7.62939e-07
      vertex -28.2651 12.85 -7.62939e-07
    endloop
  endfacet
  facet normal 0 0 1
    outer loop
      vertex -27.599 12.55 -7.62939e-07
      vertex -28.2651 12.85 -7.62939e-07
      vertex -27.6858 12.374 -7.62939e-07
    endloop
  endfacet
  facet normal -0 0 1
    outer loop
      vertex 27.6858 -12.374 -7.62939e-07
      vertex 28.4097 -12.5567 -7.62939e-07
      vertex 27.7489 -12.1882 -7.62939e-07
    endloop
  endfacet
  facet normal 0 0 1
    outer loop
      vertex 28.4097 -12.5567 -7.62939e-07
      vertex 27.6858 -12.374 -7.62939e-07
      vertex 28.2651 -12.85 -7.62939e-07
    endloop
  endfacet
  facet normal -0 0 1
    outer loop
      vertex 27.599 -12.55 -7.62939e-07
      vertex 28.2651 -12.85 -7.62939e-07
      vertex 27.6858 -12.374 -7.62939e-07
    endloop
  endfacet
  facet normal 0 0 1
    outer loop
      vertex 28.2651 -12.85 -7.62939e-07
      vertex 27.599 -12.55 -7.62939e-07
      vertex 28.0834 -13.1219 -7.62939e-07
    endloop
  endfacet
  facet normal -0 0 1
    outer loop
      vertex 27.49 -12.7131 -7.62939e-07
      vertex 28.0834 -13.1219 -7.62939e-07
      vertex 27.599 -12.55 -7.62939e-07
    endloop
  endfacet
  facet normal 0 0 1
    outer loop
      vertex 28.0834 -13.1219 -7.62939e-07
      vertex 27.49 -12.7131 -7.62939e-07
      vertex 27.8678 -13.3678 -7.62939e-07
    endloop
  endfacet
  facet normal -0 0 1
    outer loop
      vertex 27.3606 -12.8606 -7.62939e-07
      vertex 27.8678 -13.3678 -7.62939e-07
      vertex 27.49 -12.7131 -7.62939e-07
    endloop
  endfacet
  facet normal -0 0 1
    outer loop
      vertex 27.2131 -12.99 -7.62939e-07
      vertex 27.8678 -13.3678 -7.62939e-07
      vertex 27.3606 -12.8606 -7.62939e-07
    endloop
  endfacet
  facet normal 0 0 1
    outer loop
      vertex 27.8678 -13.3678 -7.62939e-07
      vertex 27.2131 -12.99 -7.62939e-07
      vertex 27.6219 -13.5834 -7.62939e-07
    endloop
  endfacet
  facet normal -0 0 1
    outer loop
      vertex 27.05 -13.099 -7.62939e-07
      vertex 27.6219 -13.5834 -7.62939e-07
      vertex 27.2131 -12.99 -7.62939e-07
    endloop
  endfacet
  facet normal 0 0 1
    outer loop
      vertex 27.6219 -13.5834 -7.62939e-07
      vertex 27.05 -13.099 -7.62939e-07
      vertex 27.35 -13.7651 -7.62939e-07
    endloop
  endfacet
  facet normal -0 0 1
    outer loop
      vertex 26.874 -13.1858 -7.62939e-07
      vertex 27.35 -13.7651 -7.62939e-07
      vertex 27.05 -13.099 -7.62939e-07
    endloop
  endfacet
  facet normal 0 0 1
    outer loop
      vertex 27.35 -13.7651 -7.62939e-07
      vertex 26.874 -13.1858 -7.62939e-07
      vertex 27.0567 -13.9097 -7.62939e-07
    endloop
  endfacet
  facet normal -0 0 1
    outer loop
      vertex 26.6882 -13.2489 -7.62939e-07
      vertex 27.0567 -13.9097 -7.62939e-07
      vertex 26.874 -13.1858 -7.62939e-07
    endloop
  endfacet
  facet normal 0 0 1
    outer loop
      vertex 27.0567 -13.9097 -7.62939e-07
      vertex 26.6882 -13.2489 -7.62939e-07
      vertex 26.747 -14.0148 -7.62939e-07
    endloop
  endfacet
  facet normal -0 0 1
    outer loop
      vertex 26.4958 -13.2872 -7.62939e-07
      vertex 26.747 -14.0148 -7.62939e-07
      vertex 26.6882 -13.2489 -7.62939e-07
    endloop
  endfacet
  facet normal 0 0 1
    outer loop
      vertex 26.4958 -13.2872 -7.62939e-07
      vertex 26.4263 -14.0786 -7.62939e-07
      vertex 26.747 -14.0148 -7.62939e-07
    endloop
  endfacet
  facet normal -0 0 1
    outer loop
      vertex 26.3 -13.3 -7.62939e-07
      vertex 26.4263 -14.0786 -7.62939e-07
      vertex 26.4958 -13.2872 -7.62939e-07
    endloop
  endfacet
  facet normal 0 0 1
    outer loop
      vertex 26.3 -13.3 -7.62939e-07
      vertex 26.1 -14.1 -7.62939e-07
      vertex 26.4263 -14.0786 -7.62939e-07
    endloop
  endfacet
  facet normal 0 0 1
    outer loop
      vertex 26.3 -13.3 -7.62939e-07
      vertex -26.1 -14.1 -7.62939e-07
      vertex 26.1 -14.1 -7.62939e-07
    endloop
  endfacet
  facet normal -0 0 1
    outer loop
      vertex -26.3 -13.3 -7.62939e-07
      vertex -26.1 -14.1 -7.62939e-07
      vertex 26.3 -13.3 -7.62939e-07
    endloop
  endfacet
  facet normal 0 0 1
    outer loop
      vertex -26.3 -13.3 -7.62939e-07
      vertex -26.4263 -14.0786 -7.62939e-07
      vertex -26.1 -14.1 -7.62939e-07
    endloop
  endfacet
  facet normal 0 0 1
    outer loop
      vertex -26.4958 -13.2872 -7.62939e-07
      vertex -26.4263 -14.0786 -7.62939e-07
      vertex -26.3 -13.3 -7.62939e-07
    endloop
  endfacet
  facet normal 0 0 1
    outer loop
      vertex -26.747 -14.0148 -7.62939e-07
      vertex -26.4958 -13.2872 -7.62939e-07
      vertex -26.6882 -13.2489 -7.62939e-07
    endloop
  endfacet
  facet normal 0 0 1
    outer loop
      vertex -26.4958 -13.2872 -7.62939e-07
      vertex -26.747 -14.0148 -7.62939e-07
      vertex -26.4263 -14.0786 -7.62939e-07
    endloop
  endfacet
  facet normal 0 0 1
    outer loop
      vertex -27.0567 -13.9097 -7.62939e-07
      vertex -26.6882 -13.2489 -7.62939e-07
      vertex -26.874 -13.1858 -7.62939e-07
    endloop
  endfacet
  facet normal 0 0 1
    outer loop
      vertex -27.35 -13.7651 -7.62939e-07
      vertex -26.874 -13.1858 -7.62939e-07
      vertex -27.05 -13.099 -7.62939e-07
    endloop
  endfacet
  facet normal 0 0 1
    outer loop
      vertex -26.6882 -13.2489 -7.62939e-07
      vertex -27.0567 -13.9097 -7.62939e-07
      vertex -26.747 -14.0148 -7.62939e-07
    endloop
  endfacet
  facet normal 0 0 1
    outer loop
      vertex -27.6219 -13.5834 -7.62939e-07
      vertex -27.05 -13.099 -7.62939e-07
      vertex -27.2131 -12.99 -7.62939e-07
    endloop
  endfacet
  facet normal 0 0 1
    outer loop
      vertex -26.874 -13.1858 -7.62939e-07
      vertex -27.35 -13.7651 -7.62939e-07
      vertex -27.0567 -13.9097 -7.62939e-07
    endloop
  endfacet
  facet normal 0 0 1
    outer loop
      vertex -27.8678 -13.3678 -7.62939e-07
      vertex -27.2131 -12.99 -7.62939e-07
      vertex -27.3606 -12.8606 -7.62939e-07
    endloop
  endfacet
  facet normal 0 0 1
    outer loop
      vertex -27.8678 -13.3678 -7.62939e-07
      vertex -27.3606 -12.8606 -7.62939e-07
      vertex -27.49 -12.7131 -7.62939e-07
    endloop
  endfacet
  facet normal 0 0 1
    outer loop
      vertex -28.0834 -13.1219 -7.62939e-07
      vertex -27.49 -12.7131 -7.62939e-07
      vertex -27.599 -12.55 -7.62939e-07
    endloop
  endfacet
  facet normal 0 0 1
    outer loop
      vertex -27.05 -13.099 -7.62939e-07
      vertex -27.6219 -13.5834 -7.62939e-07
      vertex -27.35 -13.7651 -7.62939e-07
    endloop
  endfacet
  facet normal 0 0 1
    outer loop
      vertex -28.2651 -12.85 -7.62939e-07
      vertex -27.599 -12.55 -7.62939e-07
      vertex -27.6858 -12.374 -7.62939e-07
    endloop
  endfacet
  facet normal 0 0 1
    outer loop
      vertex -28.4097 -12.5567 -7.62939e-07
      vertex -27.6858 -12.374 -7.62939e-07
      vertex -27.7489 -12.1882 -7.62939e-07
    endloop
  endfacet
  facet normal 0 0 1
    outer loop
      vertex -28.5148 -12.247 -7.62939e-07
      vertex -27.7489 -12.1882 -7.62939e-07
      vertex -27.7872 -11.9958 -7.62939e-07
    endloop
  endfacet
  facet normal 0 0 1
    outer loop
      vertex -27.2131 -12.99 -7.62939e-07
      vertex -27.8678 -13.3678 -7.62939e-07
      vertex -27.6219 -13.5834 -7.62939e-07
    endloop
  endfacet
  facet normal -0 0 1
    outer loop
      vertex -28.5786 -11.9263 -7.62939e-07
      vertex -27.7872 -11.9958 -7.62939e-07
      vertex -27.8 -11.8 -7.62939e-07
    endloop
  endfacet
  facet normal 0 0 1
    outer loop
      vertex -27.8 11.8 -7.62939e-07
      vertex -28.6 11.6 -7.62939e-07
      vertex -27.8 -11.8 -7.62939e-07
    endloop
  endfacet
  facet normal -0 0 1
    outer loop
      vertex -28.5148 12.247 -7.62939e-07
      vertex -27.7489 12.1882 -7.62939e-07
      vertex -28.4097 12.5567 -7.62939e-07
    endloop
  endfacet
  facet normal -0 0 1
    outer loop
      vertex -28.6 -11.6 -7.62939e-07
      vertex -27.8 -11.8 -7.62939e-07
      vertex -28.6 11.6 -7.62939e-07
    endloop
  endfacet
  facet normal 0 0 1
    outer loop
      vertex -27.7489 12.1882 -7.62939e-07
      vertex -28.5148 12.247 -7.62939e-07
      vertex -27.7872 11.9958 -7.62939e-07
    endloop
  endfacet
  facet normal 0 -0 1
    outer loop
      vertex -28.5786 -11.9263 -7.62939e-07
      vertex -27.8 -11.8 -7.62939e-07
      vertex -28.6 -11.6 -7.62939e-07
    endloop
  endfacet
  facet normal 0 0 1
    outer loop
      vertex -28.5786 11.9263 -7.62939e-07
      vertex -27.7872 11.9958 -7.62939e-07
      vertex -28.5148 12.247 -7.62939e-07
    endloop
  endfacet
  facet normal 0 0 1
    outer loop
      vertex -27.49 -12.7131 -7.62939e-07
      vertex -28.0834 -13.1219 -7.62939e-07
      vertex -27.8678 -13.3678 -7.62939e-07
    endloop
  endfacet
  facet normal 0 0 1
    outer loop
      vertex -27.7872 11.9958 -7.62939e-07
      vertex -28.5786 11.9263 -7.62939e-07
      vertex -27.8 11.8 -7.62939e-07
    endloop
  endfacet
  facet normal 0 0 1
    outer loop
      vertex -27.599 -12.55 -7.62939e-07
      vertex -28.2651 -12.85 -7.62939e-07
      vertex -28.0834 -13.1219 -7.62939e-07
    endloop
  endfacet
  facet normal 0 0 1
    outer loop
      vertex -27.8 11.8 -7.62939e-07
      vertex -28.5786 11.9263 -7.62939e-07
      vertex -28.6 11.6 -7.62939e-07
    endloop
  endfacet
  facet normal 0 0 1
    outer loop
      vertex -27.6858 -12.374 -7.62939e-07
      vertex -28.4097 -12.5567 -7.62939e-07
      vertex -28.2651 -12.85 -7.62939e-07
    endloop
  endfacet
  facet normal 0 0 1
    outer loop
      vertex -27.7489 -12.1882 -7.62939e-07
      vertex -28.5148 -12.247 -7.62939e-07
      vertex -28.4097 -12.5567 -7.62939e-07
    endloop
  endfacet
  facet normal 0 0 1
    outer loop
      vertex -27.7872 -11.9958 -7.62939e-07
      vertex -28.5786 -11.9263 -7.62939e-07
      vertex -28.5148 -12.247 -7.62939e-07
    endloop
  endfacet
  facet normal 0.997856 0.0654432 0
    outer loop
      vertex 28.6 11.6 -7.62939e-07
      vertex 28.5786 11.9263 -2.8
      vertex 28.5786 11.9263 -7.62939e-07
    endloop
  endfacet
  facet normal 0.997856 0.0654432 0
    outer loop
      vertex 28.5786 11.9263 -2.8
      vertex 28.6 11.6 -7.62939e-07
      vertex 28.6 11.6 -2.8
    endloop
  endfacet
  facet normal 0.659262 -0.751913 0
    outer loop
      vertex 27.6219 -13.5834 -2.8
      vertex 27.8678 -13.3678 -7.62939e-07
      vertex 27.6219 -13.5834 -7.62939e-07
    endloop
  endfacet
  facet normal 0.659262 -0.751913 0
    outer loop
      vertex 27.8678 -13.3678 -7.62939e-07
      vertex 27.6219 -13.5834 -2.8
      vertex 27.8678 -13.3678 -2.8
    endloop
  endfacet
  facet normal -0.98078 0.195116 0
    outer loop
      vertex -28.5786 11.9263 -2.8
      vertex -28.5148 12.247 -7.62939e-07
      vertex -28.5148 12.247 -2.8
    endloop
  endfacet
  facet normal -0.98078 0.195116 0
    outer loop
      vertex -28.5148 12.247 -7.62939e-07
      vertex -28.5786 11.9263 -2.8
      vertex -28.5786 11.9263 -7.62939e-07
    endloop
  endfacet
  facet normal 0.751913 0.659262 0
    outer loop
      vertex 28.0834 13.1219 -7.62939e-07
      vertex 27.8678 13.3678 -2.8
      vertex 27.8678 13.3678 -7.62939e-07
    endloop
  endfacet
  facet normal 0.751913 0.659262 0
    outer loop
      vertex 27.8678 13.3678 -2.8
      vertex 28.0834 13.1219 -7.62939e-07
      vertex 28.0834 13.1219 -2.8
    endloop
  endfacet
  facet normal -0.98078 -0.195116 0
    outer loop
      vertex -28.5148 -12.247 -2.8
      vertex -28.5786 -11.9263 -7.62939e-07
      vertex -28.5786 -11.9263 -2.8
    endloop
  endfacet
  facet normal -0.98078 -0.195116 0
    outer loop
      vertex -28.5786 -11.9263 -7.62939e-07
      vertex -28.5148 -12.247 -2.8
      vertex -28.5148 -12.247 -7.62939e-07
    endloop
  endfacet
  facet normal -0.997856 -0.0654432 0
    outer loop
      vertex -28.5786 -11.9263 -2.8
      vertex -28.6 -11.6 -7.62939e-07
      vertex -28.6 -11.6 -2.8
    endloop
  endfacet
  facet normal -0.997856 -0.0654432 0
    outer loop
      vertex -28.6 -11.6 -7.62939e-07
      vertex -28.5786 -11.9263 -2.8
      vertex -28.5786 -11.9263 -7.62939e-07
    endloop
  endfacet
  facet normal -0.659262 -0.751913 0
    outer loop
      vertex -27.8678 -13.3678 -2.8
      vertex -27.6219 -13.5834 -7.62939e-07
      vertex -27.8678 -13.3678 -7.62939e-07
    endloop
  endfacet
  facet normal -0.659262 -0.751913 -0
    outer loop
      vertex -27.6219 -13.5834 -7.62939e-07
      vertex -27.8678 -13.3678 -2.8
      vertex -27.6219 -13.5834 -2.8
    endloop
  endfacet
  facet normal 0.659262 0.751913 -0
    outer loop
      vertex 27.8678 13.3678 -2.8
      vertex 27.6219 13.5834 -7.62939e-07
      vertex 27.8678 13.3678 -7.62939e-07
    endloop
  endfacet
  facet normal 0.659262 0.751913 0
    outer loop
      vertex 27.6219 13.5834 -7.62939e-07
      vertex 27.8678 13.3678 -2.8
      vertex 27.6219 13.5834 -2.8
    endloop
  endfacet
  facet normal 0.751913 -0.659262 0
    outer loop
      vertex 27.8678 -13.3678 -7.62939e-07
      vertex 28.0834 -13.1219 -2.8
      vertex 28.0834 -13.1219 -7.62939e-07
    endloop
  endfacet
  facet normal 0.751913 -0.659262 0
    outer loop
      vertex 28.0834 -13.1219 -2.8
      vertex 27.8678 -13.3678 -7.62939e-07
      vertex 27.8678 -13.3678 -2.8
    endloop
  endfacet
  facet normal 0.98078 0.195116 0
    outer loop
      vertex 28.5786 11.9263 -7.62939e-07
      vertex 28.5148 12.247 -2.8
      vertex 28.5148 12.247 -7.62939e-07
    endloop
  endfacet
  facet normal 0.98078 0.195116 0
    outer loop
      vertex 28.5148 12.247 -2.8
      vertex 28.5786 11.9263 -7.62939e-07
      vertex 28.5786 11.9263 -2.8
    endloop
  endfacet
  facet normal -0 0 -1
    outer loop
      vertex 28.5786 -11.9263 -2.8
      vertex 27.7872 -11.9958 -2.8
      vertex 27.8 -11.8 -2.8
    endloop
  endfacet
  facet normal 0 0 -1
    outer loop
      vertex 28.0834 -13.1219 -2.8
      vertex 27.7489 -12.1882 -2.8
      vertex 27.7872 -11.9958 -2.8
    endloop
  endfacet
  facet normal 0 0 -1
    outer loop
      vertex 28.0834 -13.1219 -2.8
      vertex 27.6858 -12.374 -2.8
      vertex 27.7489 -12.1882 -2.8
    endloop
  endfacet
  facet normal 0 0 -1
    outer loop
      vertex 27.2131 -12.99 -2.8
      vertex 27.8678 -13.3678 -2.8
      vertex 27.6219 -13.5834 -2.8
    endloop
  endfacet
  facet normal 0 0 -1
    outer loop
      vertex 28.0834 -13.1219 -2.8
      vertex 27.599 -12.55 -2.8
      vertex 27.6858 -12.374 -2.8
    endloop
  endfacet
  facet normal 0 0 -1
    outer loop
      vertex 28.0834 -13.1219 -2.8
      vertex 27.49 -12.7131 -2.8
      vertex 27.599 -12.55 -2.8
    endloop
  endfacet
  facet normal 0 0 -1
    outer loop
      vertex 27.8678 -13.3678 -2.8
      vertex 27.3606 -12.8606 -2.8
      vertex 27.49 -12.7131 -2.8
    endloop
  endfacet
  facet normal 0 0 -1
    outer loop
      vertex 27.05 -13.099 -2.8
      vertex 27.6219 -13.5834 -2.8
      vertex 27.35 -13.7651 -2.8
    endloop
  endfacet
  facet normal 0 0 -1
    outer loop
      vertex 27.8678 -13.3678 -2.8
      vertex 27.2131 -12.99 -2.8
      vertex 27.3606 -12.8606 -2.8
    endloop
  endfacet
  facet normal 0 0 -1
    outer loop
      vertex 26.874 -13.1858 -2.8
      vertex 27.35 -13.7651 -2.8
      vertex 27.0567 -13.9097 -2.8
    endloop
  endfacet
  facet normal 0 0 -1
    outer loop
      vertex 27.6219 -13.5834 -2.8
      vertex 27.05 -13.099 -2.8
      vertex 27.2131 -12.99 -2.8
    endloop
  endfacet
  facet normal 0 0 -1
    outer loop
      vertex 27.35 -13.7651 -2.8
      vertex 26.874 -13.1858 -2.8
      vertex 27.05 -13.099 -2.8
    endloop
  endfacet
  facet normal 0 0 -1
    outer loop
      vertex 26.6882 -13.2489 -2.8
      vertex 27.0567 -13.9097 -2.8
      vertex 26.747 -14.0148 -2.8
    endloop
  endfacet
  facet normal 0 0 -1
    outer loop
      vertex 27.0567 -13.9097 -2.8
      vertex 26.6882 -13.2489 -2.8
      vertex 26.874 -13.1858 -2.8
    endloop
  endfacet
  facet normal 0 0 -1
    outer loop
      vertex 26.747 -14.0148 -2.8
      vertex 26.4958 -13.2872 -2.8
      vertex 26.6882 -13.2489 -2.8
    endloop
  endfacet
  facet normal 0 0 -1
    outer loop
      vertex 26.4263 -14.0786 -2.8
      vertex 26.4958 -13.2872 -2.8
      vertex 26.747 -14.0148 -2.8
    endloop
  endfacet
  facet normal 0 0 -1
    outer loop
      vertex 26.4263 -14.0786 -2.8
      vertex 26.3 -13.3 -2.8
      vertex 26.4958 -13.2872 -2.8
    endloop
  endfacet
  facet normal 0 0 -1
    outer loop
      vertex 26.1 -14.1 -2.8
      vertex 26.3 -13.3 -2.8
      vertex 26.4263 -14.0786 -2.8
    endloop
  endfacet
  facet normal 0 0 -1
    outer loop
      vertex -26.1 -14.1 -2.8
      vertex 26.3 -13.3 -2.8
      vertex 26.1 -14.1 -2.8
    endloop
  endfacet
  facet normal 0 0 -1
    outer loop
      vertex -26.1 -14.1 -2.8
      vertex -26.3 -13.3 -2.8
      vertex 26.3 -13.3 -2.8
    endloop
  endfacet
  facet normal 0 0 -1
    outer loop
      vertex -26.4263 -14.0786 -2.8
      vertex -26.3 -13.3 -2.8
      vertex -26.1 -14.1 -2.8
    endloop
  endfacet
  facet normal 0 0 -1
    outer loop
      vertex -26.4263 -14.0786 -2.8
      vertex -26.4958 -13.2872 -2.8
      vertex -26.3 -13.3 -2.8
    endloop
  endfacet
  facet normal 0 0 -1
    outer loop
      vertex -26.747 -14.0148 -2.8
      vertex -26.4958 -13.2872 -2.8
      vertex -26.4263 -14.0786 -2.8
    endloop
  endfacet
  facet normal -0 0 -1
    outer loop
      vertex -26.4958 -13.2872 -2.8
      vertex -26.747 -14.0148 -2.8
      vertex -26.6882 -13.2489 -2.8
    endloop
  endfacet
  facet normal 0 0 -1
    outer loop
      vertex -27.0567 -13.9097 -2.8
      vertex -26.6882 -13.2489 -2.8
      vertex -26.747 -14.0148 -2.8
    endloop
  endfacet
  facet normal -0 0 -1
    outer loop
      vertex -26.6882 -13.2489 -2.8
      vertex -27.0567 -13.9097 -2.8
      vertex -26.874 -13.1858 -2.8
    endloop
  endfacet
  facet normal 0 0 -1
    outer loop
      vertex -27.35 -13.7651 -2.8
      vertex -26.874 -13.1858 -2.8
      vertex -27.0567 -13.9097 -2.8
    endloop
  endfacet
  facet normal -0 0 -1
    outer loop
      vertex -26.874 -13.1858 -2.8
      vertex -27.35 -13.7651 -2.8
      vertex -27.05 -13.099 -2.8
    endloop
  endfacet
  facet normal 0 0 -1
    outer loop
      vertex -27.6219 -13.5834 -2.8
      vertex -27.05 -13.099 -2.8
      vertex -27.35 -13.7651 -2.8
    endloop
  endfacet
  facet normal -0 0 -1
    outer loop
      vertex -27.05 -13.099 -2.8
      vertex -27.6219 -13.5834 -2.8
      vertex -27.2131 -12.99 -2.8
    endloop
  endfacet
  facet normal 0 0 -1
    outer loop
      vertex -27.8678 -13.3678 -2.8
      vertex -27.2131 -12.99 -2.8
      vertex -27.6219 -13.5834 -2.8
    endloop
  endfacet
  facet normal -0 0 -1
    outer loop
      vertex -27.2131 -12.99 -2.8
      vertex -27.8678 -13.3678 -2.8
      vertex -27.3606 -12.8606 -2.8
    endloop
  endfacet
  facet normal -0 0 -1
    outer loop
      vertex -27.3606 -12.8606 -2.8
      vertex -27.8678 -13.3678 -2.8
      vertex -27.49 -12.7131 -2.8
    endloop
  endfacet
  facet normal 0 0 -1
    outer loop
      vertex -28.0834 -13.1219 -2.8
      vertex -27.49 -12.7131 -2.8
      vertex -27.8678 -13.3678 -2.8
    endloop
  endfacet
  facet normal -0 0 -1
    outer loop
      vertex -27.49 -12.7131 -2.8
      vertex -28.0834 -13.1219 -2.8
      vertex -27.599 -12.55 -2.8
    endloop
  endfacet
  facet normal 0 0 -1
    outer loop
      vertex -28.2651 -12.85 -2.8
      vertex -27.599 -12.55 -2.8
      vertex -28.0834 -13.1219 -2.8
    endloop
  endfacet
  facet normal -0 0 -1
    outer loop
      vertex -27.6858 -12.374 -2.8
      vertex -28.4097 -12.5567 -2.8
      vertex -27.7489 -12.1882 -2.8
    endloop
  endfacet
  facet normal 0 0 -1
    outer loop
      vertex -28.4097 -12.5567 -2.8
      vertex -27.6858 -12.374 -2.8
      vertex -28.2651 -12.85 -2.8
    endloop
  endfacet
  facet normal -0 0 -1
    outer loop
      vertex -27.599 -12.55 -2.8
      vertex -28.2651 -12.85 -2.8
      vertex -27.6858 -12.374 -2.8
    endloop
  endfacet
  facet normal 0 0 -1
    outer loop
      vertex 27.8 -11.8 -2.8
      vertex 28.6 -11.6 -2.8
      vertex 28.5786 -11.9263 -2.8
    endloop
  endfacet
  facet normal 0 0 -1
    outer loop
      vertex 27.7872 -11.9958 -2.8
      vertex 28.5786 -11.9263 -2.8
      vertex 28.5148 -12.247 -2.8
    endloop
  endfacet
  facet normal 0 0 -1
    outer loop
      vertex 27.7872 -11.9958 -2.8
      vertex 28.5148 -12.247 -2.8
      vertex 28.4097 -12.5567 -2.8
    endloop
  endfacet
  facet normal 0 0 -1
    outer loop
      vertex 27.7872 -11.9958 -2.8
      vertex 28.4097 -12.5567 -2.8
      vertex 28.2651 -12.85 -2.8
    endloop
  endfacet
  facet normal 0 0 -1
    outer loop
      vertex 27.7872 -11.9958 -2.8
      vertex 28.2651 -12.85 -2.8
      vertex 28.0834 -13.1219 -2.8
    endloop
  endfacet
  facet normal 0 0 -1
    outer loop
      vertex 27.49 -12.7131 -2.8
      vertex 28.0834 -13.1219 -2.8
      vertex 27.8678 -13.3678 -2.8
    endloop
  endfacet
  facet normal 0 0 -1
    outer loop
      vertex 27.8 -9.15 -2.8
      vertex 28.6 -11.6 -2.8
      vertex 27.8 -11.8 -2.8
    endloop
  endfacet
  facet normal 0 0 -1
    outer loop
      vertex 28.6 -11.6 -2.8
      vertex 27.8 -9.15 -2.8
      vertex 28.6 -9.15 -2.8
    endloop
  endfacet
  facet normal 0 0 -1
    outer loop
      vertex 27.8 9.15 -2.8
      vertex 28.6 11.6 -2.8
      vertex 28.6 9.15 -2.8
    endloop
  endfacet
  facet normal 0 0 -1
    outer loop
      vertex 28.6 11.6 -2.8
      vertex 27.8 11.8 -2.8
      vertex 28.5786 11.9263 -2.8
    endloop
  endfacet
  facet normal 0 0 -1
    outer loop
      vertex 27.7872 11.9958 -2.8
      vertex 28.5786 11.9263 -2.8
      vertex 27.8 11.8 -2.8
    endloop
  endfacet
  facet normal 0 0 -1
    outer loop
      vertex 28.5786 11.9263 -2.8
      vertex 27.7872 11.9958 -2.8
      vertex 28.5148 12.247 -2.8
    endloop
  endfacet
  facet normal 0 0 -1
    outer loop
      vertex 27.7489 12.1882 -2.8
      vertex 28.5148 12.247 -2.8
      vertex 27.7872 11.9958 -2.8
    endloop
  endfacet
  facet normal -0 0 -1
    outer loop
      vertex 28.5148 12.247 -2.8
      vertex 27.7489 12.1882 -2.8
      vertex 28.4097 12.5567 -2.8
    endloop
  endfacet
  facet normal -0 0 -1
    outer loop
      vertex 28.6 11.6 -2.8
      vertex 27.8 9.15 -2.8
      vertex 27.8 11.8 -2.8
    endloop
  endfacet
  facet normal 0 0 -1
    outer loop
      vertex 27.6858 12.374 -2.8
      vertex 28.4097 12.5567 -2.8
      vertex 27.7489 12.1882 -2.8
    endloop
  endfacet
  facet normal -0 0 -1
    outer loop
      vertex 28.4097 12.5567 -2.8
      vertex 27.6858 12.374 -2.8
      vertex 28.2651 12.85 -2.8
    endloop
  endfacet
  facet normal 0 0 -1
    outer loop
      vertex 27.599 12.55 -2.8
      vertex 28.2651 12.85 -2.8
      vertex 27.6858 12.374 -2.8
    endloop
  endfacet
  facet normal -0 0 -1
    outer loop
      vertex 28.2651 12.85 -2.8
      vertex 27.599 12.55 -2.8
      vertex 28.0834 13.1219 -2.8
    endloop
  endfacet
  facet normal 0 0 -1
    outer loop
      vertex 27.49 12.7131 -2.8
      vertex 28.0834 13.1219 -2.8
      vertex 27.599 12.55 -2.8
    endloop
  endfacet
  facet normal -0 0 -1
    outer loop
      vertex 28.0834 13.1219 -2.8
      vertex 27.49 12.7131 -2.8
      vertex 27.8678 13.3678 -2.8
    endloop
  endfacet
  facet normal 0 0 -1
    outer loop
      vertex 27.3606 12.8606 -2.8
      vertex 27.8678 13.3678 -2.8
      vertex 27.49 12.7131 -2.8
    endloop
  endfacet
  facet normal 0 0 -1
    outer loop
      vertex 27.2131 12.99 -2.8
      vertex 27.8678 13.3678 -2.8
      vertex 27.3606 12.8606 -2.8
    endloop
  endfacet
  facet normal -0 0 -1
    outer loop
      vertex 27.8678 13.3678 -2.8
      vertex 27.2131 12.99 -2.8
      vertex 27.6219 13.5834 -2.8
    endloop
  endfacet
  facet normal 0 0 -1
    outer loop
      vertex 27.05 13.099 -2.8
      vertex 27.6219 13.5834 -2.8
      vertex 27.2131 12.99 -2.8
    endloop
  endfacet
  facet normal -0 0 -1
    outer loop
      vertex 27.6219 13.5834 -2.8
      vertex 27.05 13.099 -2.8
      vertex 27.35 13.7651 -2.8
    endloop
  endfacet
  facet normal 0 0 -1
    outer loop
      vertex 26.874 13.1858 -2.8
      vertex 27.35 13.7651 -2.8
      vertex 27.05 13.099 -2.8
    endloop
  endfacet
  facet normal -0 0 -1
    outer loop
      vertex 27.35 13.7651 -2.8
      vertex 26.874 13.1858 -2.8
      vertex 27.0567 13.9097 -2.8
    endloop
  endfacet
  facet normal 0 0 -1
    outer loop
      vertex 26.6882 13.2489 -2.8
      vertex 27.0567 13.9097 -2.8
      vertex 26.874 13.1858 -2.8
    endloop
  endfacet
  facet normal -0 0 -1
    outer loop
      vertex 27.0567 13.9097 -2.8
      vertex 26.6882 13.2489 -2.8
      vertex 26.747 14.0148 -2.8
    endloop
  endfacet
  facet normal 0 0 -1
    outer loop
      vertex 26.4958 13.2872 -2.8
      vertex 26.747 14.0148 -2.8
      vertex 26.6882 13.2489 -2.8
    endloop
  endfacet
  facet normal 0 0 -1
    outer loop
      vertex 26.4958 13.2872 -2.8
      vertex 26.4263 14.0786 -2.8
      vertex 26.747 14.0148 -2.8
    endloop
  endfacet
  facet normal 0 0 -1
    outer loop
      vertex 26.3 13.3 -2.8
      vertex 26.4263 14.0786 -2.8
      vertex 26.4958 13.2872 -2.8
    endloop
  endfacet
  facet normal 0 0 -1
    outer loop
      vertex 26.3 13.3 -2.8
      vertex 26.1 14.1 -2.8
      vertex 26.4263 14.0786 -2.8
    endloop
  endfacet
  facet normal 0 0 -1
    outer loop
      vertex 26.3 13.3 -2.8
      vertex -26.1 14.1 -2.8
      vertex 26.1 14.1 -2.8
    endloop
  endfacet
  facet normal 0 0 -1
    outer loop
      vertex -26.3 13.3 -2.8
      vertex -26.1 14.1 -2.8
      vertex 26.3 13.3 -2.8
    endloop
  endfacet
  facet normal 0 0 -1
    outer loop
      vertex -26.3 13.3 -2.8
      vertex -26.4263 14.0786 -2.8
      vertex -26.1 14.1 -2.8
    endloop
  endfacet
  facet normal 0 0 -1
    outer loop
      vertex -26.4958 13.2872 -2.8
      vertex -26.4263 14.0786 -2.8
      vertex -26.3 13.3 -2.8
    endloop
  endfacet
  facet normal 0 0 -1
    outer loop
      vertex -26.747 14.0148 -2.8
      vertex -26.4958 13.2872 -2.8
      vertex -26.6882 13.2489 -2.8
    endloop
  endfacet
  facet normal 0 0 -1
    outer loop
      vertex -26.4958 13.2872 -2.8
      vertex -26.747 14.0148 -2.8
      vertex -26.4263 14.0786 -2.8
    endloop
  endfacet
  facet normal 0 0 -1
    outer loop
      vertex -27.0567 13.9097 -2.8
      vertex -26.6882 13.2489 -2.8
      vertex -26.874 13.1858 -2.8
    endloop
  endfacet
  facet normal 0 0 -1
    outer loop
      vertex -27.35 13.7651 -2.8
      vertex -26.874 13.1858 -2.8
      vertex -27.05 13.099 -2.8
    endloop
  endfacet
  facet normal 0 0 -1
    outer loop
      vertex -26.6882 13.2489 -2.8
      vertex -27.0567 13.9097 -2.8
      vertex -26.747 14.0148 -2.8
    endloop
  endfacet
  facet normal 0 0 -1
    outer loop
      vertex -27.6219 13.5834 -2.8
      vertex -27.05 13.099 -2.8
      vertex -27.2131 12.99 -2.8
    endloop
  endfacet
  facet normal 0 0 -1
    outer loop
      vertex -26.874 13.1858 -2.8
      vertex -27.35 13.7651 -2.8
      vertex -27.0567 13.9097 -2.8
    endloop
  endfacet
  facet normal 0 0 -1
    outer loop
      vertex -27.8678 13.3678 -2.8
      vertex -27.2131 12.99 -2.8
      vertex -27.3606 12.8606 -2.8
    endloop
  endfacet
  facet normal 0 0 -1
    outer loop
      vertex -27.8678 13.3678 -2.8
      vertex -27.3606 12.8606 -2.8
      vertex -27.49 12.7131 -2.8
    endloop
  endfacet
  facet normal 0 0 -1
    outer loop
      vertex -28.0834 13.1219 -2.8
      vertex -27.49 12.7131 -2.8
      vertex -27.599 12.55 -2.8
    endloop
  endfacet
  facet normal 0 0 -1
    outer loop
      vertex -27.05 13.099 -2.8
      vertex -27.6219 13.5834 -2.8
      vertex -27.35 13.7651 -2.8
    endloop
  endfacet
  facet normal 0 0 -1
    outer loop
      vertex -28.2651 12.85 -2.8
      vertex -27.599 12.55 -2.8
      vertex -27.6858 12.374 -2.8
    endloop
  endfacet
  facet normal 0 0 -1
    outer loop
      vertex -28.4097 12.5567 -2.8
      vertex -27.6858 12.374 -2.8
      vertex -27.7489 12.1882 -2.8
    endloop
  endfacet
  facet normal 0 0 -1
    outer loop
      vertex -28.5148 12.247 -2.8
      vertex -27.7489 12.1882 -2.8
      vertex -27.7872 11.9958 -2.8
    endloop
  endfacet
  facet normal 0 0 -1
    outer loop
      vertex -27.2131 12.99 -2.8
      vertex -27.8678 13.3678 -2.8
      vertex -27.6219 13.5834 -2.8
    endloop
  endfacet
  facet normal 0 0 -1
    outer loop
      vertex -28.5786 11.9263 -2.8
      vertex -27.7872 11.9958 -2.8
      vertex -27.8 11.8 -2.8
    endloop
  endfacet
  facet normal 0 0 -1
    outer loop
      vertex -27.8 -11.8 -2.8
      vertex -28.6 -11.6 -2.8
      vertex -27.8 11.8 -2.8
    endloop
  endfacet
  facet normal 0 0 -1
    outer loop
      vertex -28.5148 -12.247 -2.8
      vertex -27.7489 -12.1882 -2.8
      vertex -28.4097 -12.5567 -2.8
    endloop
  endfacet
  facet normal 0 0 -1
    outer loop
      vertex -28.6 11.6 -2.8
      vertex -27.8 11.8 -2.8
      vertex -28.6 -11.6 -2.8
    endloop
  endfacet
  facet normal -0 0 -1
    outer loop
      vertex -27.7489 -12.1882 -2.8
      vertex -28.5148 -12.247 -2.8
      vertex -27.7872 -11.9958 -2.8
    endloop
  endfacet
  facet normal 0 -0 -1
    outer loop
      vertex -28.5786 11.9263 -2.8
      vertex -27.8 11.8 -2.8
      vertex -28.6 11.6 -2.8
    endloop
  endfacet
  facet normal 0 0 -1
    outer loop
      vertex -28.5786 -11.9263 -2.8
      vertex -27.7872 -11.9958 -2.8
      vertex -28.5148 -12.247 -2.8
    endloop
  endfacet
  facet normal 0 0 -1
    outer loop
      vertex -27.49 12.7131 -2.8
      vertex -28.0834 13.1219 -2.8
      vertex -27.8678 13.3678 -2.8
    endloop
  endfacet
  facet normal 0 0 -1
    outer loop
      vertex -27.7872 -11.9958 -2.8
      vertex -28.5786 -11.9263 -2.8
      vertex -27.8 -11.8 -2.8
    endloop
  endfacet
  facet normal 0 0 -1
    outer loop
      vertex -27.599 12.55 -2.8
      vertex -28.2651 12.85 -2.8
      vertex -28.0834 13.1219 -2.8
    endloop
  endfacet
  facet normal -0 0 -1
    outer loop
      vertex -27.8 -11.8 -2.8
      vertex -28.5786 -11.9263 -2.8
      vertex -28.6 -11.6 -2.8
    endloop
  endfacet
  facet normal 0 0 -1
    outer loop
      vertex -27.6858 12.374 -2.8
      vertex -28.4097 12.5567 -2.8
      vertex -28.2651 12.85 -2.8
    endloop
  endfacet
  facet normal 0 0 -1
    outer loop
      vertex -27.7489 12.1882 -2.8
      vertex -28.5148 12.247 -2.8
      vertex -28.4097 12.5567 -2.8
    endloop
  endfacet
  facet normal -0 0 -1
    outer loop
      vertex -27.7872 11.9958 -2.8
      vertex -28.5786 11.9263 -2.8
      vertex -28.5148 12.247 -2.8
    endloop
  endfacet
  facet normal -0.896921 -0.442191 0
    outer loop
      vertex -28.2651 -12.85 -2.8
      vertex -28.4097 -12.5567 -7.62939e-07
      vertex -28.4097 -12.5567 -2.8
    endloop
  endfacet
  facet normal -0.896921 -0.442191 0
    outer loop
      vertex -28.4097 -12.5567 -7.62939e-07
      vertex -28.2651 -12.85 -2.8
      vertex -28.2651 -12.85 -7.62939e-07
    endloop
  endfacet
  facet normal -0.831438 -0.555617 0
    outer loop
      vertex -28.0834 -13.1219 -2.8
      vertex -28.2651 -12.85 -7.62939e-07
      vertex -28.2651 -12.85 -2.8
    endloop
  endfacet
  facet normal -0.831438 -0.555617 0
    outer loop
      vertex -28.2651 -12.85 -7.62939e-07
      vertex -28.0834 -13.1219 -2.8
      vertex -28.0834 -13.1219 -7.62939e-07
    endloop
  endfacet
  facet normal -0.751913 -0.659262 0
    outer loop
      vertex -27.8678 -13.3678 -2.8
      vertex -28.0834 -13.1219 -7.62939e-07
      vertex -28.0834 -13.1219 -2.8
    endloop
  endfacet
  facet normal -0.751913 -0.659262 0
    outer loop
      vertex -28.0834 -13.1219 -7.62939e-07
      vertex -27.8678 -13.3678 -2.8
      vertex -27.8678 -13.3678 -7.62939e-07
    endloop
  endfacet
  facet normal -0.946957 -0.32136 0
    outer loop
      vertex -28.4097 -12.5567 -2.8
      vertex -28.5148 -12.247 -7.62939e-07
      vertex -28.5148 -12.247 -2.8
    endloop
  endfacet
  facet normal -0.946957 -0.32136 0
    outer loop
      vertex -28.5148 -12.247 -7.62939e-07
      vertex -28.4097 -12.5567 -2.8
      vertex -28.4097 -12.5567 -7.62939e-07
    endloop
  endfacet
  facet normal 0.946957 0.32136 0
    outer loop
      vertex 28.5148 12.247 -7.62939e-07
      vertex 28.4097 12.5567 -2.8
      vertex 28.4097 12.5567 -7.62939e-07
    endloop
  endfacet
  facet normal 0.946957 0.32136 0
    outer loop
      vertex 28.4097 12.5567 -2.8
      vertex 28.5148 12.247 -7.62939e-07
      vertex 28.5148 12.247 -2.8
    endloop
  endfacet
  facet normal 0.997856 -0.0654432 0
    outer loop
      vertex 28.5786 -11.9263 -7.62939e-07
      vertex 28.6 -11.6 -2.8
      vertex 28.6 -11.6 -7.62939e-07
    endloop
  endfacet
  facet normal 0.997856 -0.0654432 0
    outer loop
      vertex 28.6 -11.6 -2.8
      vertex 28.5786 -11.9263 -7.62939e-07
      vertex 28.5786 -11.9263 -2.8
    endloop
  endfacet
  facet normal 0.442191 -0.896921 0
    outer loop
      vertex 27.0567 -13.9097 -2.8
      vertex 27.35 -13.7651 -7.62939e-07
      vertex 27.0567 -13.9097 -7.62939e-07
    endloop
  endfacet
  facet normal 0.442191 -0.896921 0
    outer loop
      vertex 27.35 -13.7651 -7.62939e-07
      vertex 27.0567 -13.9097 -2.8
      vertex 27.35 -13.7651 -2.8
    endloop
  endfacet
  facet normal -0.980757 0.195234 0
    outer loop
      vertex 27.7489 -12.1882 -2.8
      vertex 27.7872 -11.9958 -7.62939e-07
      vertex 27.7872 -11.9958 -2.8
    endloop
  endfacet
  facet normal -0.980757 0.195234 0
    outer loop
      vertex 27.7872 -11.9958 -7.62939e-07
      vertex 27.7489 -12.1882 -2.8
      vertex 27.7489 -12.1882 -7.62939e-07
    endloop
  endfacet
  facet normal -0.0652336 0.99787 0
    outer loop
      vertex 26.4958 -13.2872 -2.8
      vertex 26.3 -13.3 -7.62939e-07
      vertex 26.4958 -13.2872 -7.62939e-07
    endloop
  endfacet
  facet normal -0.0652336 0.99787 0
    outer loop
      vertex 26.3 -13.3 -7.62939e-07
      vertex 26.4958 -13.2872 -2.8
      vertex 26.3 -13.3 -2.8
    endloop
  endfacet
  facet normal 0.751724 0.659478 0
    outer loop
      vertex -27.3606 -12.8606 -7.62939e-07
      vertex -27.49 -12.7131 -2.8
      vertex -27.49 -12.7131 -7.62939e-07
    endloop
  endfacet
  facet normal 0.751724 0.659478 0
    outer loop
      vertex -27.49 -12.7131 -2.8
      vertex -27.3606 -12.8606 -7.62939e-07
      vertex -27.3606 -12.8606 -2.8
    endloop
  endfacet
  facet normal -0.89686 -0.442315 0
    outer loop
      vertex 27.6858 12.374 -2.8
      vertex 27.599 12.55 -7.62939e-07
      vertex 27.599 12.55 -2.8
    endloop
  endfacet
  facet normal -0.89686 -0.442315 0
    outer loop
      vertex 27.599 12.55 -7.62939e-07
      vertex 27.6858 12.374 -2.8
      vertex 27.6858 12.374 -7.62939e-07
    endloop
  endfacet
  facet normal 1 -0 0
    outer loop
      vertex -27.8 -11.8 -7.62939e-07
      vertex -27.8 11.8 -2.8
      vertex -27.8 11.8 -7.62939e-07
    endloop
  endfacet
  facet normal 1 0 0
    outer loop
      vertex -27.8 11.8 -2.8
      vertex -27.8 -11.8 -7.62939e-07
      vertex -27.8 -11.8 -2.8
    endloop
  endfacet
  facet normal 0.195234 0.980757 -0
    outer loop
      vertex -26.4958 -13.2872 -2.8
      vertex -26.6882 -13.2489 -7.62939e-07
      vertex -26.4958 -13.2872 -7.62939e-07
    endloop
  endfacet
  facet normal 0.195234 0.980757 0
    outer loop
      vertex -26.6882 -13.2489 -7.62939e-07
      vertex -26.4958 -13.2872 -2.8
      vertex -26.6882 -13.2489 -2.8
    endloop
  endfacet
  facet normal -0.659478 -0.751724 0
    outer loop
      vertex 27.2131 12.99 -2.8
      vertex 27.3606 12.8606 -7.62939e-07
      vertex 27.2131 12.99 -7.62939e-07
    endloop
  endfacet
  facet normal -0.659478 -0.751724 -0
    outer loop
      vertex 27.3606 12.8606 -7.62939e-07
      vertex 27.2131 12.99 -2.8
      vertex 27.3606 12.8606 -2.8
    endloop
  endfacet
  facet normal -0.99787 0.0652336 0
    outer loop
      vertex 27.7872 -11.9958 -2.8
      vertex 27.8 -11.8 -7.62939e-07
      vertex 27.8 -11.8 -2.8
    endloop
  endfacet
  facet normal -0.99787 0.0652336 0
    outer loop
      vertex 27.8 -11.8 -7.62939e-07
      vertex 27.7872 -11.9958 -2.8
      vertex 27.7872 -11.9958 -7.62939e-07
    endloop
  endfacet
  facet normal 0.659478 -0.751724 0
    outer loop
      vertex -27.3606 12.8606 -2.8
      vertex -27.2131 12.99 -7.62939e-07
      vertex -27.3606 12.8606 -7.62939e-07
    endloop
  endfacet
  facet normal 0.659478 -0.751724 0
    outer loop
      vertex -27.2131 12.99 -7.62939e-07
      vertex -27.3606 12.8606 -2.8
      vertex -27.2131 12.99 -2.8
    endloop
  endfacet
  facet normal 0 1 -0
    outer loop
      vertex 26.3 -13.3 -2.8
      vertex -26.3 -13.3 -7.62939e-07
      vertex 26.3 -13.3 -7.62939e-07
    endloop
  endfacet
  facet normal 0 1 0
    outer loop
      vertex -26.3 -13.3 -7.62939e-07
      vertex 26.3 -13.3 -2.8
      vertex -26.3 -13.3 -2.8
    endloop
  endfacet
  facet normal -0.751724 -0.659478 0
    outer loop
      vertex 27.49 12.7131 -2.8
      vertex 27.3606 12.8606 -7.62939e-07
      vertex 27.3606 12.8606 -2.8
    endloop
  endfacet
  facet normal -0.751724 -0.659478 0
    outer loop
      vertex 27.3606 12.8606 -7.62939e-07
      vertex 27.49 12.7131 -2.8
      vertex 27.49 12.7131 -7.62939e-07
    endloop
  endfacet
  facet normal 0.946885 -0.321574 0
    outer loop
      vertex -27.7489 12.1882 -7.62939e-07
      vertex -27.6858 12.374 -2.8
      vertex -27.6858 12.374 -7.62939e-07
    endloop
  endfacet
  facet normal 0.946885 -0.321574 0
    outer loop
      vertex -27.6858 12.374 -2.8
      vertex -27.7489 12.1882 -7.62939e-07
      vertex -27.7489 12.1882 -2.8
    endloop
  endfacet
  facet normal 0 -1 0
    outer loop
      vertex -26.3 13.3 -2.8
      vertex 26.3 13.3 -7.62939e-07
      vertex -26.3 13.3 -7.62939e-07
    endloop
  endfacet
  facet normal 0 -1 -0
    outer loop
      vertex 26.3 13.3 -7.62939e-07
      vertex -26.3 13.3 -2.8
      vertex 26.3 13.3 -2.8
    endloop
  endfacet
  facet normal 0.0652336 0.99787 -0
    outer loop
      vertex -26.3 -13.3 -2.8
      vertex -26.4958 -13.2872 -7.62939e-07
      vertex -26.3 -13.3 -7.62939e-07
    endloop
  endfacet
  facet normal 0.0652336 0.99787 0
    outer loop
      vertex -26.4958 -13.2872 -7.62939e-07
      vertex -26.3 -13.3 -2.8
      vertex -26.4958 -13.2872 -2.8
    endloop
  endfacet
  facet normal 0.946885 0.321574 0
    outer loop
      vertex -27.6858 -12.374 -7.62939e-07
      vertex -27.7489 -12.1882 -2.8
      vertex -27.7489 -12.1882 -7.62939e-07
    endloop
  endfacet
  facet normal 0.946885 0.321574 0
    outer loop
      vertex -27.7489 -12.1882 -2.8
      vertex -27.6858 -12.374 -7.62939e-07
      vertex -27.6858 -12.374 -2.8
    endloop
  endfacet
  facet normal -0.555641 -0.831422 0
    outer loop
      vertex 27.05 13.099 -2.8
      vertex 27.2131 12.99 -7.62939e-07
      vertex 27.05 13.099 -7.62939e-07
    endloop
  endfacet
  facet normal -0.555641 -0.831422 -0
    outer loop
      vertex 27.2131 12.99 -7.62939e-07
      vertex 27.05 13.099 -2.8
      vertex 27.2131 12.99 -2.8
    endloop
  endfacet
  facet normal 0.99787 0.0652336 0
    outer loop
      vertex -27.7872 -11.9958 -7.62939e-07
      vertex -27.8 -11.8 -2.8
      vertex -27.8 -11.8 -7.62939e-07
    endloop
  endfacet
  facet normal 0.99787 0.0652336 0
    outer loop
      vertex -27.8 -11.8 -2.8
      vertex -27.7872 -11.9958 -7.62939e-07
      vertex -27.7872 -11.9958 -2.8
    endloop
  endfacet
  facet normal 0.0652336 -0.99787 0
    outer loop
      vertex -26.4958 13.2872 -2.8
      vertex -26.3 13.3 -7.62939e-07
      vertex -26.4958 13.2872 -7.62939e-07
    endloop
  endfacet
  facet normal 0.0652336 -0.99787 0
    outer loop
      vertex -26.3 13.3 -7.62939e-07
      vertex -26.4958 13.2872 -2.8
      vertex -26.3 13.3 -2.8
    endloop
  endfacet
  facet normal 0.321574 0.946885 -0
    outer loop
      vertex -26.6882 -13.2489 -2.8
      vertex -26.874 -13.1858 -7.62939e-07
      vertex -26.6882 -13.2489 -7.62939e-07
    endloop
  endfacet
  facet normal 0.321574 0.946885 0
    outer loop
      vertex -26.874 -13.1858 -7.62939e-07
      vertex -26.6882 -13.2489 -2.8
      vertex -26.874 -13.1858 -2.8
    endloop
  endfacet
  facet normal 0.195234 -0.980757 0
    outer loop
      vertex -26.6882 13.2489 -2.8
      vertex -26.4958 13.2872 -7.62939e-07
      vertex -26.6882 13.2489 -7.62939e-07
    endloop
  endfacet
  facet normal 0.195234 -0.980757 0
    outer loop
      vertex -26.4958 13.2872 -7.62939e-07
      vertex -26.6882 13.2489 -2.8
      vertex -26.4958 13.2872 -2.8
    endloop
  endfacet
  facet normal -0.751724 0.659478 0
    outer loop
      vertex 27.3606 -12.8606 -2.8
      vertex 27.49 -12.7131 -7.62939e-07
      vertex 27.49 -12.7131 -2.8
    endloop
  endfacet
  facet normal -0.751724 0.659478 0
    outer loop
      vertex 27.49 -12.7131 -7.62939e-07
      vertex 27.3606 -12.8606 -2.8
      vertex 27.3606 -12.8606 -7.62939e-07
    endloop
  endfacet
  facet normal 0.831422 -0.555641 0
    outer loop
      vertex -27.599 12.55 -7.62939e-07
      vertex -27.49 12.7131 -2.8
      vertex -27.49 12.7131 -7.62939e-07
    endloop
  endfacet
  facet normal 0.831422 -0.555641 0
    outer loop
      vertex -27.49 12.7131 -2.8
      vertex -27.599 12.55 -7.62939e-07
      vertex -27.599 12.55 -2.8
    endloop
  endfacet
  facet normal -0.555641 0.831422 0
    outer loop
      vertex 27.2131 -12.99 -2.8
      vertex 27.05 -13.099 -7.62939e-07
      vertex 27.2131 -12.99 -7.62939e-07
    endloop
  endfacet
  facet normal -0.555641 0.831422 0
    outer loop
      vertex 27.05 -13.099 -7.62939e-07
      vertex 27.2131 -12.99 -2.8
      vertex 27.05 -13.099 -2.8
    endloop
  endfacet
  facet normal -0.659478 0.751724 0
    outer loop
      vertex 27.3606 -12.8606 -2.8
      vertex 27.2131 -12.99 -7.62939e-07
      vertex 27.3606 -12.8606 -7.62939e-07
    endloop
  endfacet
  facet normal -0.659478 0.751724 0
    outer loop
      vertex 27.2131 -12.99 -7.62939e-07
      vertex 27.3606 -12.8606 -2.8
      vertex 27.2131 -12.99 -2.8
    endloop
  endfacet
  facet normal -0.99787 -0.0652336 0
    outer loop
      vertex 27.8 11.8 -2.8
      vertex 27.7872 11.9958 -7.62939e-07
      vertex 27.7872 11.9958 -2.8
    endloop
  endfacet
  facet normal -0.99787 -0.0652336 0
    outer loop
      vertex 27.7872 11.9958 -7.62939e-07
      vertex 27.8 11.8 -2.8
      vertex 27.8 11.8 -7.62939e-07
    endloop
  endfacet
  facet normal 0.99787 -0.0652336 0
    outer loop
      vertex -27.8 11.8 -7.62939e-07
      vertex -27.7872 11.9958 -2.8
      vertex -27.7872 11.9958 -7.62939e-07
    endloop
  endfacet
  facet normal 0.99787 -0.0652336 0
    outer loop
      vertex -27.7872 11.9958 -2.8
      vertex -27.8 11.8 -7.62939e-07
      vertex -27.8 11.8 -2.8
    endloop
  endfacet
  facet normal -0.321574 -0.946885 0
    outer loop
      vertex 26.6882 13.2489 -2.8
      vertex 26.874 13.1858 -7.62939e-07
      vertex 26.6882 13.2489 -7.62939e-07
    endloop
  endfacet
  facet normal -0.321574 -0.946885 -0
    outer loop
      vertex 26.874 13.1858 -7.62939e-07
      vertex 26.6882 13.2489 -2.8
      vertex 26.874 13.1858 -2.8
    endloop
  endfacet
  facet normal -0.442315 -0.89686 0
    outer loop
      vertex 26.874 13.1858 -2.8
      vertex 27.05 13.099 -7.62939e-07
      vertex 26.874 13.1858 -7.62939e-07
    endloop
  endfacet
  facet normal -0.442315 -0.89686 -0
    outer loop
      vertex 27.05 13.099 -7.62939e-07
      vertex 26.874 13.1858 -2.8
      vertex 27.05 13.099 -2.8
    endloop
  endfacet
  facet normal 0.980757 -0.195234 0
    outer loop
      vertex -27.7872 11.9958 -7.62939e-07
      vertex -27.7489 12.1882 -2.8
      vertex -27.7489 12.1882 -7.62939e-07
    endloop
  endfacet
  facet normal 0.980757 -0.195234 0
    outer loop
      vertex -27.7489 12.1882 -2.8
      vertex -27.7872 11.9958 -7.62939e-07
      vertex -27.7872 11.9958 -2.8
    endloop
  endfacet
  facet normal 0.555641 -0.831422 0
    outer loop
      vertex -27.2131 12.99 -2.8
      vertex -27.05 13.099 -7.62939e-07
      vertex -27.2131 12.99 -7.62939e-07
    endloop
  endfacet
  facet normal 0.555641 -0.831422 0
    outer loop
      vertex -27.05 13.099 -7.62939e-07
      vertex -27.2131 12.99 -2.8
      vertex -27.05 13.099 -2.8
    endloop
  endfacet
  facet normal 0.555641 0.831422 -0
    outer loop
      vertex -27.05 -13.099 -2.8
      vertex -27.2131 -12.99 -7.62939e-07
      vertex -27.05 -13.099 -7.62939e-07
    endloop
  endfacet
  facet normal 0.555641 0.831422 0
    outer loop
      vertex -27.2131 -12.99 -7.62939e-07
      vertex -27.05 -13.099 -2.8
      vertex -27.2131 -12.99 -2.8
    endloop
  endfacet
  facet normal -0.0652336 -0.99787 0
    outer loop
      vertex 26.3 13.3 -2.8
      vertex 26.4958 13.2872 -7.62939e-07
      vertex 26.3 13.3 -7.62939e-07
    endloop
  endfacet
  facet normal -0.0652336 -0.99787 -0
    outer loop
      vertex 26.4958 13.2872 -7.62939e-07
      vertex 26.3 13.3 -2.8
      vertex 26.4958 13.2872 -2.8
    endloop
  endfacet
  facet normal 0.89686 -0.442315 0
    outer loop
      vertex -27.6858 12.374 -7.62939e-07
      vertex -27.599 12.55 -2.8
      vertex -27.599 12.55 -7.62939e-07
    endloop
  endfacet
  facet normal 0.89686 -0.442315 0
    outer loop
      vertex -27.599 12.55 -2.8
      vertex -27.6858 12.374 -7.62939e-07
      vertex -27.6858 12.374 -2.8
    endloop
  endfacet
  facet normal 0.442315 -0.89686 0
    outer loop
      vertex -27.05 13.099 -2.8
      vertex -26.874 13.1858 -7.62939e-07
      vertex -27.05 13.099 -7.62939e-07
    endloop
  endfacet
  facet normal 0.442315 -0.89686 0
    outer loop
      vertex -26.874 13.1858 -7.62939e-07
      vertex -27.05 13.099 -2.8
      vertex -26.874 13.1858 -2.8
    endloop
  endfacet
  facet normal -0.195234 -0.980757 0
    outer loop
      vertex 26.4958 13.2872 -2.8
      vertex 26.6882 13.2489 -7.62939e-07
      vertex 26.4958 13.2872 -7.62939e-07
    endloop
  endfacet
  facet normal -0.195234 -0.980757 -0
    outer loop
      vertex 26.6882 13.2489 -7.62939e-07
      vertex 26.4958 13.2872 -2.8
      vertex 26.6882 13.2489 -2.8
    endloop
  endfacet
  facet normal -1 0 0
    outer loop
      vertex 27.8 -9.15 -2.8
      vertex 27.8 -11.8 -2.8
      vertex 27.8 -9.15 -1.61
    endloop
  endfacet
  facet normal -1 0 0
    outer loop
      vertex 27.8 9.15 -1.61
      vertex 27.8 11.8 -2.8
      vertex 27.8 9.15 -2.8
    endloop
  endfacet
  facet normal -1 0 0
    outer loop
      vertex 27.8 11.8 -2.8
      vertex 27.8 9.15 -1.61
      vertex 27.8 11.8 -7.62939e-07
    endloop
  endfacet
  facet normal -1 0 0
    outer loop
      vertex 27.8 -9.15 -1.61
      vertex 27.8 11.8 -7.62939e-07
      vertex 27.8 9.15 -1.61
    endloop
  endfacet
  facet normal -1 0 0
    outer loop
      vertex 27.8 -9.15 -1.61
      vertex 27.8 -11.8 -7.62939e-07
      vertex 27.8 11.8 -7.62939e-07
    endloop
  endfacet
  facet normal -1 0 0
    outer loop
      vertex 27.8 -11.8 -7.62939e-07
      vertex 27.8 -9.15 -1.61
      vertex 27.8 -11.8 -2.8
    endloop
  endfacet
  facet normal 0.321574 -0.946885 0
    outer loop
      vertex -26.874 13.1858 -2.8
      vertex -26.6882 13.2489 -7.62939e-07
      vertex -26.874 13.1858 -7.62939e-07
    endloop
  endfacet
  facet normal 0.321574 -0.946885 0
    outer loop
      vertex -26.6882 13.2489 -7.62939e-07
      vertex -26.874 13.1858 -2.8
      vertex -26.6882 13.2489 -2.8
    endloop
  endfacet
  facet normal 0.831422 0.555641 0
    outer loop
      vertex -27.49 -12.7131 -7.62939e-07
      vertex -27.599 -12.55 -2.8
      vertex -27.599 -12.55 -7.62939e-07
    endloop
  endfacet
  facet normal 0.831422 0.555641 0
    outer loop
      vertex -27.599 -12.55 -2.8
      vertex -27.49 -12.7131 -7.62939e-07
      vertex -27.49 -12.7131 -2.8
    endloop
  endfacet
  facet normal 0.89686 0.442315 0
    outer loop
      vertex -27.599 -12.55 -7.62939e-07
      vertex -27.6858 -12.374 -2.8
      vertex -27.6858 -12.374 -7.62939e-07
    endloop
  endfacet
  facet normal 0.89686 0.442315 0
    outer loop
      vertex -27.6858 -12.374 -2.8
      vertex -27.599 -12.55 -7.62939e-07
      vertex -27.599 -12.55 -2.8
    endloop
  endfacet
  facet normal 0.442315 0.89686 -0
    outer loop
      vertex -26.874 -13.1858 -2.8
      vertex -27.05 -13.099 -7.62939e-07
      vertex -26.874 -13.1858 -7.62939e-07
    endloop
  endfacet
  facet normal 0.442315 0.89686 0
    outer loop
      vertex -27.05 -13.099 -7.62939e-07
      vertex -26.874 -13.1858 -2.8
      vertex -27.05 -13.099 -2.8
    endloop
  endfacet
  facet normal -0.831422 -0.555641 0
    outer loop
      vertex 27.599 12.55 -2.8
      vertex 27.49 12.7131 -7.62939e-07
      vertex 27.49 12.7131 -2.8
    endloop
  endfacet
  facet normal -0.831422 -0.555641 0
    outer loop
      vertex 27.49 12.7131 -7.62939e-07
      vertex 27.599 12.55 -2.8
      vertex 27.599 12.55 -7.62939e-07
    endloop
  endfacet
  facet normal -0.831422 0.555641 0
    outer loop
      vertex 27.49 -12.7131 -2.8
      vertex 27.599 -12.55 -7.62939e-07
      vertex 27.599 -12.55 -2.8
    endloop
  endfacet
  facet normal -0.831422 0.555641 0
    outer loop
      vertex 27.599 -12.55 -7.62939e-07
      vertex 27.49 -12.7131 -2.8
      vertex 27.49 -12.7131 -7.62939e-07
    endloop
  endfacet
  facet normal 0.751724 -0.659478 0
    outer loop
      vertex -27.49 12.7131 -7.62939e-07
      vertex -27.3606 12.8606 -2.8
      vertex -27.3606 12.8606 -7.62939e-07
    endloop
  endfacet
  facet normal 0.751724 -0.659478 0
    outer loop
      vertex -27.3606 12.8606 -2.8
      vertex -27.49 12.7131 -7.62939e-07
      vertex -27.49 12.7131 -2.8
    endloop
  endfacet
  facet normal 0.659478 0.751724 -0
    outer loop
      vertex -27.2131 -12.99 -2.8
      vertex -27.3606 -12.8606 -7.62939e-07
      vertex -27.2131 -12.99 -7.62939e-07
    endloop
  endfacet
  facet normal 0.659478 0.751724 0
    outer loop
      vertex -27.3606 -12.8606 -7.62939e-07
      vertex -27.2131 -12.99 -2.8
      vertex -27.3606 -12.8606 -2.8
    endloop
  endfacet
  facet normal -0.946885 0.321574 0
    outer loop
      vertex 27.6858 -12.374 -2.8
      vertex 27.7489 -12.1882 -7.62939e-07
      vertex 27.7489 -12.1882 -2.8
    endloop
  endfacet
  facet normal -0.946885 0.321574 0
    outer loop
      vertex 27.7489 -12.1882 -7.62939e-07
      vertex 27.6858 -12.374 -2.8
      vertex 27.6858 -12.374 -7.62939e-07
    endloop
  endfacet
  facet normal -0.442315 0.89686 0
    outer loop
      vertex 27.05 -13.099 -2.8
      vertex 26.874 -13.1858 -7.62939e-07
      vertex 27.05 -13.099 -7.62939e-07
    endloop
  endfacet
  facet normal -0.442315 0.89686 0
    outer loop
      vertex 26.874 -13.1858 -7.62939e-07
      vertex 27.05 -13.099 -2.8
      vertex 26.874 -13.1858 -2.8
    endloop
  endfacet
  facet normal -0.946885 -0.321574 0
    outer loop
      vertex 27.7489 12.1882 -2.8
      vertex 27.6858 12.374 -7.62939e-07
      vertex 27.6858 12.374 -2.8
    endloop
  endfacet
  facet normal -0.946885 -0.321574 0
    outer loop
      vertex 27.6858 12.374 -7.62939e-07
      vertex 27.7489 12.1882 -2.8
      vertex 27.7489 12.1882 -7.62939e-07
    endloop
  endfacet
  facet normal 0.980757 0.195234 0
    outer loop
      vertex -27.7489 -12.1882 -7.62939e-07
      vertex -27.7872 -11.9958 -2.8
      vertex -27.7872 -11.9958 -7.62939e-07
    endloop
  endfacet
  facet normal 0.980757 0.195234 0
    outer loop
      vertex -27.7872 -11.9958 -2.8
      vertex -27.7489 -12.1882 -7.62939e-07
      vertex -27.7489 -12.1882 -2.8
    endloop
  endfacet
  facet normal -0.195234 0.980757 0
    outer loop
      vertex 26.6882 -13.2489 -2.8
      vertex 26.4958 -13.2872 -7.62939e-07
      vertex 26.6882 -13.2489 -7.62939e-07
    endloop
  endfacet
  facet normal -0.195234 0.980757 0
    outer loop
      vertex 26.4958 -13.2872 -7.62939e-07
      vertex 26.6882 -13.2489 -2.8
      vertex 26.4958 -13.2872 -2.8
    endloop
  endfacet
  facet normal -0.980757 -0.195234 0
    outer loop
      vertex 27.7872 11.9958 -2.8
      vertex 27.7489 12.1882 -7.62939e-07
      vertex 27.7489 12.1882 -2.8
    endloop
  endfacet
  facet normal -0.980757 -0.195234 0
    outer loop
      vertex 27.7489 12.1882 -7.62939e-07
      vertex 27.7872 11.9958 -2.8
      vertex 27.7872 11.9958 -7.62939e-07
    endloop
  endfacet
  facet normal -0.89686 0.442315 0
    outer loop
      vertex 27.599 -12.55 -2.8
      vertex 27.6858 -12.374 -7.62939e-07
      vertex 27.6858 -12.374 -2.8
    endloop
  endfacet
  facet normal -0.89686 0.442315 0
    outer loop
      vertex 27.6858 -12.374 -7.62939e-07
      vertex 27.599 -12.55 -2.8
      vertex 27.599 -12.55 -7.62939e-07
    endloop
  endfacet
  facet normal -0.321574 0.946885 0
    outer loop
      vertex 26.874 -13.1858 -2.8
      vertex 26.6882 -13.2489 -7.62939e-07
      vertex 26.874 -13.1858 -7.62939e-07
    endloop
  endfacet
  facet normal -0.321574 0.946885 0
    outer loop
      vertex 26.6882 -13.2489 -7.62939e-07
      vertex 26.874 -13.1858 -2.8
      vertex 26.6882 -13.2489 -2.8
    endloop
  endfacet
  facet normal 0.32136 -0.946957 0
    outer loop
      vertex 26.747 -14.0148 0
      vertex 27.0567 -13.9097 2
      vertex 26.747 -14.0148 2
    endloop
  endfacet
  facet normal 0.32136 -0.946957 0
    outer loop
      vertex 27.0567 -13.9097 2
      vertex 26.747 -14.0148 0
      vertex 27.0567 -13.9097 0
    endloop
  endfacet
  facet normal 0.896921 -0.442191 0
    outer loop
      vertex 28.2651 -12.85 2
      vertex 28.4097 -12.5567 0
      vertex 28.4097 -12.5567 2
    endloop
  endfacet
  facet normal 0.896921 -0.442191 0
    outer loop
      vertex 28.4097 -12.5567 0
      vertex 28.2651 -12.85 2
      vertex 28.2651 -12.85 0
    endloop
  endfacet
  facet normal 0 -1 0
    outer loop
      vertex -26.1 -14.1 0
      vertex 26.1 -14.1 2
      vertex -26.1 -14.1 2
    endloop
  endfacet
  facet normal 0 -1 -0
    outer loop
      vertex 26.1 -14.1 2
      vertex -26.1 -14.1 0
      vertex 26.1 -14.1 0
    endloop
  endfacet
  facet normal 0.195116 -0.98078 0
    outer loop
      vertex 26.4263 -14.0786 0
      vertex 26.747 -14.0148 2
      vertex 26.4263 -14.0786 2
    endloop
  endfacet
  facet normal 0.195116 -0.98078 0
    outer loop
      vertex 26.747 -14.0148 2
      vertex 26.4263 -14.0786 0
      vertex 26.747 -14.0148 0
    endloop
  endfacet
  facet normal 0.0654432 0.997856 -0
    outer loop
      vertex 26.4263 14.0786 0
      vertex 26.1 14.1 2
      vertex 26.4263 14.0786 2
    endloop
  endfacet
  facet normal 0.0654432 0.997856 0
    outer loop
      vertex 26.1 14.1 2
      vertex 26.4263 14.0786 0
      vertex 26.1 14.1 0
    endloop
  endfacet
  facet normal 0.0654432 -0.997856 0
    outer loop
      vertex 26.1 -14.1 0
      vertex 26.4263 -14.0786 2
      vertex 26.1 -14.1 2
    endloop
  endfacet
  facet normal 0.0654432 -0.997856 0
    outer loop
      vertex 26.4263 -14.0786 2
      vertex 26.1 -14.1 0
      vertex 26.4263 -14.0786 0
    endloop
  endfacet
  facet normal -0.0654432 -0.997856 0
    outer loop
      vertex -26.4263 -14.0786 0
      vertex -26.1 -14.1 2
      vertex -26.4263 -14.0786 2
    endloop
  endfacet
  facet normal -0.0654432 -0.997856 -0
    outer loop
      vertex -26.1 -14.1 2
      vertex -26.4263 -14.0786 0
      vertex -26.1 -14.1 0
    endloop
  endfacet
  facet normal -0.32136 -0.946957 0
    outer loop
      vertex -27.0567 -13.9097 0
      vertex -26.747 -14.0148 2
      vertex -27.0567 -13.9097 2
    endloop
  endfacet
  facet normal -0.32136 -0.946957 -0
    outer loop
      vertex -26.747 -14.0148 2
      vertex -27.0567 -13.9097 0
      vertex -26.747 -14.0148 0
    endloop
  endfacet
  facet normal 0.831438 -0.555617 0
    outer loop
      vertex 28.0834 -13.1219 2
      vertex 28.2651 -12.85 0
      vertex 28.2651 -12.85 2
    endloop
  endfacet
  facet normal 0.831438 -0.555617 0
    outer loop
      vertex 28.2651 -12.85 0
      vertex 28.0834 -13.1219 2
      vertex 28.0834 -13.1219 0
    endloop
  endfacet
  facet normal -0.659262 0.751913 0
    outer loop
      vertex -27.6219 13.5834 0
      vertex -27.8678 13.3678 2
      vertex -27.6219 13.5834 2
    endloop
  endfacet
  facet normal -0.659262 0.751913 0
    outer loop
      vertex -27.8678 13.3678 2
      vertex -27.6219 13.5834 0
      vertex -27.8678 13.3678 0
    endloop
  endfacet
  facet normal -0.896921 0.442191 0
    outer loop
      vertex -28.4097 12.5567 0
      vertex -28.2651 12.85 2
      vertex -28.2651 12.85 0
    endloop
  endfacet
  facet normal -0.896921 0.442191 0
    outer loop
      vertex -28.2651 12.85 2
      vertex -28.4097 12.5567 0
      vertex -28.4097 12.5567 2
    endloop
  endfacet
  facet normal -0.555617 0.831438 0
    outer loop
      vertex -27.35 13.7651 0
      vertex -27.6219 13.5834 2
      vertex -27.35 13.7651 2
    endloop
  endfacet
  facet normal -0.555617 0.831438 0
    outer loop
      vertex -27.6219 13.5834 2
      vertex -27.35 13.7651 0
      vertex -27.6219 13.5834 0
    endloop
  endfacet
  facet normal -0.442191 0.896921 0
    outer loop
      vertex -27.0567 13.9097 0
      vertex -27.35 13.7651 2
      vertex -27.0567 13.9097 2
    endloop
  endfacet
  facet normal -0.442191 0.896921 0
    outer loop
      vertex -27.35 13.7651 2
      vertex -27.0567 13.9097 0
      vertex -27.35 13.7651 0
    endloop
  endfacet
  facet normal 1 -0 0
    outer loop
      vertex 28.6 -11.6 2
      vertex 28.6 11.6 0
      vertex 28.6 11.6 2
    endloop
  endfacet
  facet normal 1 0 0
    outer loop
      vertex 28.6 11.6 0
      vertex 28.6 -11.6 2
      vertex 28.6 -11.6 0
    endloop
  endfacet
  facet normal -1 0 0
    outer loop
      vertex -28.6 -11.6 0
      vertex -28.6 11.6 2
      vertex -28.6 11.6 0
    endloop
  endfacet
  facet normal -1 -0 0
    outer loop
      vertex -28.6 11.6 2
      vertex -28.6 -11.6 0
      vertex -28.6 -11.6 2
    endloop
  endfacet
  facet normal -0.0654432 0.997856 0
    outer loop
      vertex -26.1 14.1 0
      vertex -26.4263 14.0786 2
      vertex -26.1 14.1 2
    endloop
  endfacet
  facet normal -0.0654432 0.997856 0
    outer loop
      vertex -26.4263 14.0786 2
      vertex -26.1 14.1 0
      vertex -26.4263 14.0786 0
    endloop
  endfacet
  facet normal 0.32136 0.946957 -0
    outer loop
      vertex 27.0567 13.9097 0
      vertex 26.747 14.0148 2
      vertex 27.0567 13.9097 2
    endloop
  endfacet
  facet normal 0.32136 0.946957 0
    outer loop
      vertex 26.747 14.0148 2
      vertex 27.0567 13.9097 0
      vertex 26.747 14.0148 0
    endloop
  endfacet
  facet normal -0.659262 -0.751913 0
    outer loop
      vertex -27.8678 -13.3678 0
      vertex -27.6219 -13.5834 2
      vertex -27.8678 -13.3678 2
    endloop
  endfacet
  facet normal -0.659262 -0.751913 -0
    outer loop
      vertex -27.6219 -13.5834 2
      vertex -27.8678 -13.3678 0
      vertex -27.6219 -13.5834 0
    endloop
  endfacet
  facet normal -0.946957 0.32136 0
    outer loop
      vertex -28.5148 12.247 0
      vertex -28.4097 12.5567 2
      vertex -28.4097 12.5567 0
    endloop
  endfacet
  facet normal -0.946957 0.32136 0
    outer loop
      vertex -28.4097 12.5567 2
      vertex -28.5148 12.247 0
      vertex -28.5148 12.247 2
    endloop
  endfacet
  facet normal -0.195116 -0.98078 0
    outer loop
      vertex -26.747 -14.0148 0
      vertex -26.4263 -14.0786 2
      vertex -26.747 -14.0148 2
    endloop
  endfacet
  facet normal -0.195116 -0.98078 -0
    outer loop
      vertex -26.4263 -14.0786 2
      vertex -26.747 -14.0148 0
      vertex -26.4263 -14.0786 0
    endloop
  endfacet
  facet normal -0.751913 0.659262 0
    outer loop
      vertex -28.0834 13.1219 0
      vertex -27.8678 13.3678 2
      vertex -27.8678 13.3678 0
    endloop
  endfacet
  facet normal -0.751913 0.659262 0
    outer loop
      vertex -27.8678 13.3678 2
      vertex -28.0834 13.1219 0
      vertex -28.0834 13.1219 2
    endloop
  endfacet
  facet normal 0.98078 -0.195116 0
    outer loop
      vertex 28.5148 -12.247 2
      vertex 28.5786 -11.9263 0
      vertex 28.5786 -11.9263 2
    endloop
  endfacet
  facet normal 0.98078 -0.195116 0
    outer loop
      vertex 28.5786 -11.9263 0
      vertex 28.5148 -12.247 2
      vertex 28.5148 -12.247 0
    endloop
  endfacet
  facet normal -0.442191 -0.896921 0
    outer loop
      vertex -27.35 -13.7651 0
      vertex -27.0567 -13.9097 2
      vertex -27.35 -13.7651 2
    endloop
  endfacet
  facet normal -0.442191 -0.896921 -0
    outer loop
      vertex -27.0567 -13.9097 2
      vertex -27.35 -13.7651 0
      vertex -27.0567 -13.9097 0
    endloop
  endfacet
  facet normal 0 1 -0
    outer loop
      vertex 26.1 14.1 0
      vertex -26.1 14.1 2
      vertex 26.1 14.1 2
    endloop
  endfacet
  facet normal 0 1 0
    outer loop
      vertex -26.1 14.1 2
      vertex 26.1 14.1 0
      vertex -26.1 14.1 0
    endloop
  endfacet
  facet normal 0.831438 0.555617 0
    outer loop
      vertex 28.2651 12.85 2
      vertex 28.0834 13.1219 0
      vertex 28.0834 13.1219 2
    endloop
  endfacet
  facet normal 0.831438 0.555617 0
    outer loop
      vertex 28.0834 13.1219 0
      vertex 28.2651 12.85 2
      vertex 28.2651 12.85 0
    endloop
  endfacet
  facet normal -0.32136 0.946957 0
    outer loop
      vertex -26.747 14.0148 0
      vertex -27.0567 13.9097 2
      vertex -26.747 14.0148 2
    endloop
  endfacet
  facet normal -0.32136 0.946957 0
    outer loop
      vertex -27.0567 13.9097 2
      vertex -26.747 14.0148 0
      vertex -27.0567 13.9097 0
    endloop
  endfacet
  facet normal -0.831438 0.555617 0
    outer loop
      vertex -28.2651 12.85 0
      vertex -28.0834 13.1219 2
      vertex -28.0834 13.1219 0
    endloop
  endfacet
  facet normal -0.831438 0.555617 0
    outer loop
      vertex -28.0834 13.1219 2
      vertex -28.2651 12.85 0
      vertex -28.2651 12.85 2
    endloop
  endfacet
  facet normal -0.997856 0.0654432 0
    outer loop
      vertex -28.6 11.6 0
      vertex -28.5786 11.9263 2
      vertex -28.5786 11.9263 0
    endloop
  endfacet
  facet normal -0.997856 0.0654432 0
    outer loop
      vertex -28.5786 11.9263 2
      vertex -28.6 11.6 0
      vertex -28.6 11.6 2
    endloop
  endfacet
  facet normal -0.555617 -0.831438 0
    outer loop
      vertex -27.6219 -13.5834 0
      vertex -27.35 -13.7651 2
      vertex -27.6219 -13.5834 2
    endloop
  endfacet
  facet normal -0.555617 -0.831438 -0
    outer loop
      vertex -27.35 -13.7651 2
      vertex -27.6219 -13.5834 0
      vertex -27.35 -13.7651 0
    endloop
  endfacet
  facet normal 0.946957 -0.32136 0
    outer loop
      vertex 28.4097 -12.5567 2
      vertex 28.5148 -12.247 0
      vertex 28.5148 -12.247 2
    endloop
  endfacet
  facet normal 0.946957 -0.32136 0
    outer loop
      vertex 28.5148 -12.247 0
      vertex 28.4097 -12.5567 2
      vertex 28.4097 -12.5567 0
    endloop
  endfacet
  facet normal -0.195116 0.98078 0
    outer loop
      vertex -26.4263 14.0786 0
      vertex -26.747 14.0148 2
      vertex -26.4263 14.0786 2
    endloop
  endfacet
  facet normal -0.195116 0.98078 0
    outer loop
      vertex -26.747 14.0148 2
      vertex -26.4263 14.0786 0
      vertex -26.747 14.0148 0
    endloop
  endfacet
  facet normal 0.555617 -0.831438 0
    outer loop
      vertex 27.35 -13.7651 0
      vertex 27.6219 -13.5834 2
      vertex 27.35 -13.7651 2
    endloop
  endfacet
  facet normal 0.555617 -0.831438 0
    outer loop
      vertex 27.6219 -13.5834 2
      vertex 27.35 -13.7651 0
      vertex 27.6219 -13.5834 0
    endloop
  endfacet
  facet normal 0.555617 0.831438 -0
    outer loop
      vertex 27.6219 13.5834 0
      vertex 27.35 13.7651 2
      vertex 27.6219 13.5834 2
    endloop
  endfacet
  facet normal 0.555617 0.831438 0
    outer loop
      vertex 27.35 13.7651 2
      vertex 27.6219 13.5834 0
      vertex 27.35 13.7651 0
    endloop
  endfacet
  facet normal 0.442191 0.896921 -0
    outer loop
      vertex 27.35 13.7651 0
      vertex 27.0567 13.9097 2
      vertex 27.35 13.7651 2
    endloop
  endfacet
  facet normal 0.442191 0.896921 0
    outer loop
      vertex 27.0567 13.9097 2
      vertex 27.35 13.7651 0
      vertex 27.0567 13.9097 0
    endloop
  endfacet
  facet normal 0.896921 0.442191 0
    outer loop
      vertex 28.4097 12.5567 2
      vertex 28.2651 12.85 0
      vertex 28.2651 12.85 2
    endloop
  endfacet
  facet normal 0.896921 0.442191 0
    outer loop
      vertex 28.2651 12.85 0
      vertex 28.4097 12.5567 2
      vertex 28.4097 12.5567 0
    endloop
  endfacet
  facet normal 0.195116 0.98078 -0
    outer loop
      vertex 26.747 14.0148 0
      vertex 26.4263 14.0786 2
      vertex 26.747 14.0148 2
    endloop
  endfacet
  facet normal 0.195116 0.98078 0
    outer loop
      vertex 26.4263 14.0786 2
      vertex 26.747 14.0148 0
      vertex 26.4263 14.0786 0
    endloop
  endfacet
  facet normal 0 0 1
    outer loop
      vertex 26.1 14.1 2
      vertex 28.6 11.6 2
      vertex 28.5786 11.9263 2
    endloop
  endfacet
  facet normal 0 0 1
    outer loop
      vertex 28.6 11.6 2
      vertex 19.1 6.05 2
      vertex 28.6 -11.6 2
    endloop
  endfacet
  facet normal 0 0 1
    outer loop
      vertex 26.1 14.1 2
      vertex 28.5786 11.9263 2
      vertex 28.5148 12.247 2
    endloop
  endfacet
  facet normal -0 0 1
    outer loop
      vertex 19.1 -6.05 2
      vertex 28.6 -11.6 2
      vertex 19.1 6.05 2
    endloop
  endfacet
  facet normal 0 0 1
    outer loop
      vertex 26.1 14.1 2
      vertex 28.5148 12.247 2
      vertex 28.4097 12.5567 2
    endloop
  endfacet
  facet normal 0 -0 1
    outer loop
      vertex 26.1 -14.1 2
      vertex 28.6 -11.6 2
      vertex 19.1 -6.05 2
    endloop
  endfacet
  facet normal 0 0 1
    outer loop
      vertex 26.1 14.1 2
      vertex 28.4097 12.5567 2
      vertex 28.2651 12.85 2
    endloop
  endfacet
  facet normal 0 0 1
    outer loop
      vertex 28.6 -11.6 2
      vertex 26.1 -14.1 2
      vertex 28.5786 -11.9263 2
    endloop
  endfacet
  facet normal 0 0 1
    outer loop
      vertex 26.1 14.1 2
      vertex 28.2651 12.85 2
      vertex 28.0834 13.1219 2
    endloop
  endfacet
  facet normal 0 0 1
    outer loop
      vertex 28.5786 -11.9263 2
      vertex 26.1 -14.1 2
      vertex 28.5148 -12.247 2
    endloop
  endfacet
  facet normal 0 0 1
    outer loop
      vertex 26.1 14.1 2
      vertex 28.0834 13.1219 2
      vertex 27.8678 13.3678 2
    endloop
  endfacet
  facet normal 0 0 1
    outer loop
      vertex 28.5148 -12.247 2
      vertex 26.1 -14.1 2
      vertex 28.4097 -12.5567 2
    endloop
  endfacet
  facet normal 0 0 1
    outer loop
      vertex 26.1 14.1 2
      vertex 27.8678 13.3678 2
      vertex 27.6219 13.5834 2
    endloop
  endfacet
  facet normal 0 0 1
    outer loop
      vertex 28.4097 -12.5567 2
      vertex 26.1 -14.1 2
      vertex 28.2651 -12.85 2
    endloop
  endfacet
  facet normal 0 0 1
    outer loop
      vertex 26.1 14.1 2
      vertex 27.6219 13.5834 2
      vertex 27.35 13.7651 2
    endloop
  endfacet
  facet normal 0 0 1
    outer loop
      vertex 28.2651 -12.85 2
      vertex 26.1 -14.1 2
      vertex 28.0834 -13.1219 2
    endloop
  endfacet
  facet normal 0 0 1
    outer loop
      vertex 26.1 14.1 2
      vertex 27.35 13.7651 2
      vertex 27.0567 13.9097 2
    endloop
  endfacet
  facet normal 0 0 1
    outer loop
      vertex 28.0834 -13.1219 2
      vertex 26.1 -14.1 2
      vertex 27.8678 -13.3678 2
    endloop
  endfacet
  facet normal 0 0 1
    outer loop
      vertex 26.1 14.1 2
      vertex 27.0567 13.9097 2
      vertex 26.747 14.0148 2
    endloop
  endfacet
  facet normal 0 0 1
    outer loop
      vertex 27.8678 -13.3678 2
      vertex 26.1 -14.1 2
      vertex 27.6219 -13.5834 2
    endloop
  endfacet
  facet normal 0 0 1
    outer loop
      vertex 26.1 14.1 2
      vertex 26.747 14.0148 2
      vertex 26.4263 14.0786 2
    endloop
  endfacet
  facet normal 0 0 1
    outer loop
      vertex 27.6219 -13.5834 2
      vertex 26.1 -14.1 2
      vertex 27.35 -13.7651 2
    endloop
  endfacet
  facet normal 0 0 1
    outer loop
      vertex 28.6 11.6 2
      vertex 26.1 14.1 2
      vertex 19.1 6.05 2
    endloop
  endfacet
  facet normal 0 0 1
    outer loop
      vertex 27.35 -13.7651 2
      vertex 26.1 -14.1 2
      vertex 27.0567 -13.9097 2
    endloop
  endfacet
  facet normal 0 0 1
    outer loop
      vertex 27.0567 -13.9097 2
      vertex 26.1 -14.1 2
      vertex 26.747 -14.0148 2
    endloop
  endfacet
  facet normal 0 0 1
    outer loop
      vertex 26.1 14.1 2
      vertex 16.9 6.05 2
      vertex 19.1 6.05 2
    endloop
  endfacet
  facet normal 0 0 1
    outer loop
      vertex 16.9 6.05 2
      vertex 13.1 6.05 2
      vertex 16.9 -6.05 2
    endloop
  endfacet
  facet normal 0 0 1
    outer loop
      vertex 26.1 14.1 2
      vertex 13.1 6.05 2
      vertex 16.9 6.05 2
    endloop
  endfacet
  facet normal 0 0 1
    outer loop
      vertex 26.1 14.1 2
      vertex 10.9 6.05 2
      vertex 13.1 6.05 2
    endloop
  endfacet
  facet normal 0 0 1
    outer loop
      vertex 10.9 6.05 2
      vertex 7.1 6.05 2
      vertex 10.9 -6.05 2
    endloop
  endfacet
  facet normal 0 0 1
    outer loop
      vertex 26.1 14.1 2
      vertex 7.1 6.05 2
      vertex 10.9 6.05 2
    endloop
  endfacet
  facet normal 0 0 1
    outer loop
      vertex 26.1 14.1 2
      vertex 4.9 6.05 2
      vertex 7.1 6.05 2
    endloop
  endfacet
  facet normal 0 0 1
    outer loop
      vertex 4.9 6.05 2
      vertex 1.1 6.05 2
      vertex 4.9 -6.05 2
    endloop
  endfacet
  facet normal 0 0 1
    outer loop
      vertex 26.1 14.1 2
      vertex 1.1 6.05 2
      vertex 4.9 6.05 2
    endloop
  endfacet
  facet normal 0 0 1
    outer loop
      vertex 26.1 14.1 2
      vertex -1.1 6.05 2
      vertex 1.1 6.05 2
    endloop
  endfacet
  facet normal 0 0 1
    outer loop
      vertex -1.1 6.05 2
      vertex -4.9 6.05 2
      vertex -1.1 -6.05 2
    endloop
  endfacet
  facet normal -0 0 1
    outer loop
      vertex -26.1 14.1 2
      vertex -1.1 6.05 2
      vertex 26.1 14.1 2
    endloop
  endfacet
  facet normal 0 0 1
    outer loop
      vertex -1.1 6.05 2
      vertex -26.1 14.1 2
      vertex -4.9 6.05 2
    endloop
  endfacet
  facet normal 0 0 1
    outer loop
      vertex -7.1 6.05 2
      vertex -10.9 6.05 2
      vertex -7.1 -6.05 2
    endloop
  endfacet
  facet normal 0 0 1
    outer loop
      vertex -4.9 6.05 2
      vertex -26.1 14.1 2
      vertex -7.1 6.05 2
    endloop
  endfacet
  facet normal 0 0 1
    outer loop
      vertex -7.1 6.05 2
      vertex -26.1 14.1 2
      vertex -10.9 6.05 2
    endloop
  endfacet
  facet normal 0 0 1
    outer loop
      vertex -13.1 6.05 2
      vertex -16.9 6.05 2
      vertex -13.1 -6.05 2
    endloop
  endfacet
  facet normal 0 0 1
    outer loop
      vertex -10.9 6.05 2
      vertex -26.1 14.1 2
      vertex -13.1 6.05 2
    endloop
  endfacet
  facet normal 0 0 1
    outer loop
      vertex -13.1 6.05 2
      vertex -26.1 14.1 2
      vertex -16.9 6.05 2
    endloop
  endfacet
  facet normal -0 0 1
    outer loop
      vertex -28.6 11.6 2
      vertex -19.1 6.05 2
      vertex -26.1 14.1 2
    endloop
  endfacet
  facet normal 0 0 1
    outer loop
      vertex -16.9 6.05 2
      vertex -26.1 14.1 2
      vertex -19.1 6.05 2
    endloop
  endfacet
  facet normal 0 0 1
    outer loop
      vertex 26.747 -14.0148 2
      vertex 26.1 -14.1 2
      vertex 26.4263 -14.0786 2
    endloop
  endfacet
  facet normal -0 0 1
    outer loop
      vertex 16.9 -6.05 2
      vertex 26.1 -14.1 2
      vertex 19.1 -6.05 2
    endloop
  endfacet
  facet normal 0 0 1
    outer loop
      vertex 13.1 -6.05 2
      vertex 16.9 -6.05 2
      vertex 13.1 6.05 2
    endloop
  endfacet
  facet normal -0 0 1
    outer loop
      vertex 13.1 -6.05 2
      vertex 26.1 -14.1 2
      vertex 16.9 -6.05 2
    endloop
  endfacet
  facet normal -0 0 1
    outer loop
      vertex 10.9 -6.05 2
      vertex 26.1 -14.1 2
      vertex 13.1 -6.05 2
    endloop
  endfacet
  facet normal 0 0 1
    outer loop
      vertex 7.1 -6.05 2
      vertex 10.9 -6.05 2
      vertex 7.1 6.05 2
    endloop
  endfacet
  facet normal -0 0 1
    outer loop
      vertex 7.1 -6.05 2
      vertex 26.1 -14.1 2
      vertex 10.9 -6.05 2
    endloop
  endfacet
  facet normal -0 0 1
    outer loop
      vertex 4.9 -6.05 2
      vertex 26.1 -14.1 2
      vertex 7.1 -6.05 2
    endloop
  endfacet
  facet normal 0 0 1
    outer loop
      vertex 1.1 -6.05 2
      vertex 4.9 -6.05 2
      vertex 1.1 6.05 2
    endloop
  endfacet
  facet normal -0 0 1
    outer loop
      vertex 1.1 -6.05 2
      vertex 26.1 -14.1 2
      vertex 4.9 -6.05 2
    endloop
  endfacet
  facet normal -0 0 1
    outer loop
      vertex -1.1 -6.05 2
      vertex 26.1 -14.1 2
      vertex 1.1 -6.05 2
    endloop
  endfacet
  facet normal 0 0 1
    outer loop
      vertex -4.9 -6.05 2
      vertex -1.1 -6.05 2
      vertex -4.9 6.05 2
    endloop
  endfacet
  facet normal 0 0 1
    outer loop
      vertex -26.1 -14.1 2
      vertex -1.1 -6.05 2
      vertex -4.9 -6.05 2
    endloop
  endfacet
  facet normal 0 0 1
    outer loop
      vertex -26.1 -14.1 2
      vertex -4.9 -6.05 2
      vertex -7.1 -6.05 2
    endloop
  endfacet
  facet normal 0 0 1
    outer loop
      vertex -10.9 -6.05 2
      vertex -7.1 -6.05 2
      vertex -10.9 6.05 2
    endloop
  endfacet
  facet normal 0 0 1
    outer loop
      vertex -26.1 -14.1 2
      vertex -7.1 -6.05 2
      vertex -10.9 -6.05 2
    endloop
  endfacet
  facet normal 0 0 1
    outer loop
      vertex -26.1 -14.1 2
      vertex -10.9 -6.05 2
      vertex -13.1 -6.05 2
    endloop
  endfacet
  facet normal 0 0 1
    outer loop
      vertex -16.9 -6.05 2
      vertex -13.1 -6.05 2
      vertex -16.9 6.05 2
    endloop
  endfacet
  facet normal 0 0 1
    outer loop
      vertex -26.1 -14.1 2
      vertex -13.1 -6.05 2
      vertex -16.9 -6.05 2
    endloop
  endfacet
  facet normal 0 0 1
    outer loop
      vertex -26.1 -14.1 2
      vertex -16.9 -6.05 2
      vertex -19.1 -6.05 2
    endloop
  endfacet
  facet normal 0 0 1
    outer loop
      vertex -1.1 -6.05 2
      vertex -26.1 -14.1 2
      vertex 26.1 -14.1 2
    endloop
  endfacet
  facet normal 0 0 1
    outer loop
      vertex -19.1 6.05 2
      vertex -28.6 11.6 2
      vertex -19.1 -6.05 2
    endloop
  endfacet
  facet normal 0 0 1
    outer loop
      vertex -28.6 11.6 2
      vertex -26.1 14.1 2
      vertex -26.4263 14.0786 2
    endloop
  endfacet
  facet normal 0 0 1
    outer loop
      vertex -28.6 -11.6 2
      vertex -19.1 -6.05 2
      vertex -28.6 11.6 2
    endloop
  endfacet
  facet normal 0 0 1
    outer loop
      vertex -28.6 11.6 2
      vertex -26.4263 14.0786 2
      vertex -26.747 14.0148 2
    endloop
  endfacet
  facet normal 0 0 1
    outer loop
      vertex -19.1 -6.05 2
      vertex -28.6 -11.6 2
      vertex -26.1 -14.1 2
    endloop
  endfacet
  facet normal 0 0 1
    outer loop
      vertex -28.6 11.6 2
      vertex -26.747 14.0148 2
      vertex -27.0567 13.9097 2
    endloop
  endfacet
  facet normal 0 0 1
    outer loop
      vertex -26.1 -14.1 2
      vertex -28.6 -11.6 2
      vertex -26.4263 -14.0786 2
    endloop
  endfacet
  facet normal 0 0 1
    outer loop
      vertex -28.6 11.6 2
      vertex -27.0567 13.9097 2
      vertex -27.35 13.7651 2
    endloop
  endfacet
  facet normal 0 0 1
    outer loop
      vertex -26.4263 -14.0786 2
      vertex -28.6 -11.6 2
      vertex -26.747 -14.0148 2
    endloop
  endfacet
  facet normal 0 0 1
    outer loop
      vertex -28.6 11.6 2
      vertex -27.35 13.7651 2
      vertex -27.6219 13.5834 2
    endloop
  endfacet
  facet normal 0 0 1
    outer loop
      vertex -26.747 -14.0148 2
      vertex -28.6 -11.6 2
      vertex -27.0567 -13.9097 2
    endloop
  endfacet
  facet normal 0 0 1
    outer loop
      vertex -28.6 11.6 2
      vertex -27.6219 13.5834 2
      vertex -27.8678 13.3678 2
    endloop
  endfacet
  facet normal 0 0 1
    outer loop
      vertex -27.0567 -13.9097 2
      vertex -28.6 -11.6 2
      vertex -27.35 -13.7651 2
    endloop
  endfacet
  facet normal 0 0 1
    outer loop
      vertex -28.6 11.6 2
      vertex -27.8678 13.3678 2
      vertex -28.0834 13.1219 2
    endloop
  endfacet
  facet normal 0 0 1
    outer loop
      vertex -27.35 -13.7651 2
      vertex -28.6 -11.6 2
      vertex -27.6219 -13.5834 2
    endloop
  endfacet
  facet normal 0 0 1
    outer loop
      vertex -28.6 11.6 2
      vertex -28.0834 13.1219 2
      vertex -28.2651 12.85 2
    endloop
  endfacet
  facet normal 0 0 1
    outer loop
      vertex -27.6219 -13.5834 2
      vertex -28.6 -11.6 2
      vertex -27.8678 -13.3678 2
    endloop
  endfacet
  facet normal 0 0 1
    outer loop
      vertex -28.6 11.6 2
      vertex -28.2651 12.85 2
      vertex -28.4097 12.5567 2
    endloop
  endfacet
  facet normal 0 0 1
    outer loop
      vertex -27.8678 -13.3678 2
      vertex -28.6 -11.6 2
      vertex -28.0834 -13.1219 2
    endloop
  endfacet
  facet normal 0 0 1
    outer loop
      vertex -28.6 11.6 2
      vertex -28.4097 12.5567 2
      vertex -28.5148 12.247 2
    endloop
  endfacet
  facet normal 0 0 1
    outer loop
      vertex -28.0834 -13.1219 2
      vertex -28.6 -11.6 2
      vertex -28.2651 -12.85 2
    endloop
  endfacet
  facet normal 0 0 1
    outer loop
      vertex -28.6 11.6 2
      vertex -28.5148 12.247 2
      vertex -28.5786 11.9263 2
    endloop
  endfacet
  facet normal 0 0 1
    outer loop
      vertex -28.2651 -12.85 2
      vertex -28.6 -11.6 2
      vertex -28.4097 -12.5567 2
    endloop
  endfacet
  facet normal 0 0 1
    outer loop
      vertex -28.4097 -12.5567 2
      vertex -28.6 -11.6 2
      vertex -28.5148 -12.247 2
    endloop
  endfacet
  facet normal 0 0 1
    outer loop
      vertex -28.5148 -12.247 2
      vertex -28.6 -11.6 2
      vertex -28.5786 -11.9263 2
    endloop
  endfacet
  facet normal 0.997856 0.0654432 0
    outer loop
      vertex 28.6 11.6 2
      vertex 28.5786 11.9263 0
      vertex 28.5786 11.9263 2
    endloop
  endfacet
  facet normal 0.997856 0.0654432 0
    outer loop
      vertex 28.5786 11.9263 0
      vertex 28.6 11.6 2
      vertex 28.6 11.6 0
    endloop
  endfacet
  facet normal 0.659262 -0.751913 0
    outer loop
      vertex 27.6219 -13.5834 0
      vertex 27.8678 -13.3678 2
      vertex 27.6219 -13.5834 2
    endloop
  endfacet
  facet normal 0.659262 -0.751913 0
    outer loop
      vertex 27.8678 -13.3678 2
      vertex 27.6219 -13.5834 0
      vertex 27.8678 -13.3678 0
    endloop
  endfacet
  facet normal -0.98078 0.195116 0
    outer loop
      vertex -28.5786 11.9263 0
      vertex -28.5148 12.247 2
      vertex -28.5148 12.247 0
    endloop
  endfacet
  facet normal -0.98078 0.195116 0
    outer loop
      vertex -28.5148 12.247 2
      vertex -28.5786 11.9263 0
      vertex -28.5786 11.9263 2
    endloop
  endfacet
  facet normal 0.751913 0.659262 0
    outer loop
      vertex 28.0834 13.1219 2
      vertex 27.8678 13.3678 0
      vertex 27.8678 13.3678 2
    endloop
  endfacet
  facet normal 0.751913 0.659262 0
    outer loop
      vertex 27.8678 13.3678 0
      vertex 28.0834 13.1219 2
      vertex 28.0834 13.1219 0
    endloop
  endfacet
  facet normal -0.98078 -0.195116 0
    outer loop
      vertex -28.5148 -12.247 0
      vertex -28.5786 -11.9263 2
      vertex -28.5786 -11.9263 0
    endloop
  endfacet
  facet normal -0.98078 -0.195116 0
    outer loop
      vertex -28.5786 -11.9263 2
      vertex -28.5148 -12.247 0
      vertex -28.5148 -12.247 2
    endloop
  endfacet
  facet normal -0.997856 -0.0654432 0
    outer loop
      vertex -28.5786 -11.9263 0
      vertex -28.6 -11.6 2
      vertex -28.6 -11.6 0
    endloop
  endfacet
  facet normal -0.997856 -0.0654432 0
    outer loop
      vertex -28.6 -11.6 2
      vertex -28.5786 -11.9263 0
      vertex -28.5786 -11.9263 2
    endloop
  endfacet
  facet normal 0.659262 0.751913 -0
    outer loop
      vertex 27.8678 13.3678 0
      vertex 27.6219 13.5834 2
      vertex 27.8678 13.3678 2
    endloop
  endfacet
  facet normal 0.659262 0.751913 0
    outer loop
      vertex 27.6219 13.5834 2
      vertex 27.8678 13.3678 0
      vertex 27.6219 13.5834 0
    endloop
  endfacet
  facet normal 0.751913 -0.659262 0
    outer loop
      vertex 27.8678 -13.3678 2
      vertex 28.0834 -13.1219 0
      vertex 28.0834 -13.1219 2
    endloop
  endfacet
  facet normal 0.751913 -0.659262 0
    outer loop
      vertex 28.0834 -13.1219 0
      vertex 27.8678 -13.3678 2
      vertex 27.8678 -13.3678 0
    endloop
  endfacet
  facet normal 0.98078 0.195116 0
    outer loop
      vertex 28.5786 11.9263 2
      vertex 28.5148 12.247 0
      vertex 28.5148 12.247 2
    endloop
  endfacet
  facet normal 0.98078 0.195116 0
    outer loop
      vertex 28.5148 12.247 0
      vertex 28.5786 11.9263 2
      vertex 28.5786 11.9263 0
    endloop
  endfacet
  facet normal 0 0 -1
    outer loop
      vertex 26.1 -14.1 0
      vertex 28.6 -11.6 0
      vertex 28.5786 -11.9263 0
    endloop
  endfacet
  facet normal 0 0 -1
    outer loop
      vertex 28.6 -11.6 0
      vertex 19.1 -6.05 0
      vertex 28.6 11.6 0
    endloop
  endfacet
  facet normal 0 0 -1
    outer loop
      vertex 26.1 -14.1 0
      vertex 28.5786 -11.9263 0
      vertex 28.5148 -12.247 0
    endloop
  endfacet
  facet normal 0 0 -1
    outer loop
      vertex 19.1 6.05 0
      vertex 28.6 11.6 0
      vertex 19.1 -6.05 0
    endloop
  endfacet
  facet normal 0 0 -1
    outer loop
      vertex 26.1 -14.1 0
      vertex 28.5148 -12.247 0
      vertex 28.4097 -12.5567 0
    endloop
  endfacet
  facet normal 0 -0 -1
    outer loop
      vertex 26.1 14.1 0
      vertex 28.6 11.6 0
      vertex 19.1 6.05 0
    endloop
  endfacet
  facet normal 0 0 -1
    outer loop
      vertex 26.1 -14.1 0
      vertex 28.4097 -12.5567 0
      vertex 28.2651 -12.85 0
    endloop
  endfacet
  facet normal 0 0 -1
    outer loop
      vertex 28.6 11.6 0
      vertex 26.1 14.1 0
      vertex 28.5786 11.9263 0
    endloop
  endfacet
  facet normal 0 0 -1
    outer loop
      vertex 26.1 -14.1 0
      vertex 28.2651 -12.85 0
      vertex 28.0834 -13.1219 0
    endloop
  endfacet
  facet normal 0 0 -1
    outer loop
      vertex 28.5786 11.9263 0
      vertex 26.1 14.1 0
      vertex 28.5148 12.247 0
    endloop
  endfacet
  facet normal 0 0 -1
    outer loop
      vertex 26.1 -14.1 0
      vertex 28.0834 -13.1219 0
      vertex 27.8678 -13.3678 0
    endloop
  endfacet
  facet normal 0 0 -1
    outer loop
      vertex 28.5148 12.247 0
      vertex 26.1 14.1 0
      vertex 28.4097 12.5567 0
    endloop
  endfacet
  facet normal 0 0 -1
    outer loop
      vertex 26.1 -14.1 0
      vertex 27.8678 -13.3678 0
      vertex 27.6219 -13.5834 0
    endloop
  endfacet
  facet normal 0 0 -1
    outer loop
      vertex 28.4097 12.5567 0
      vertex 26.1 14.1 0
      vertex 28.2651 12.85 0
    endloop
  endfacet
  facet normal 0 0 -1
    outer loop
      vertex 26.1 -14.1 0
      vertex 27.6219 -13.5834 0
      vertex 27.35 -13.7651 0
    endloop
  endfacet
  facet normal 0 0 -1
    outer loop
      vertex 28.2651 12.85 0
      vertex 26.1 14.1 0
      vertex 28.0834 13.1219 0
    endloop
  endfacet
  facet normal 0 0 -1
    outer loop
      vertex 26.1 -14.1 0
      vertex 27.35 -13.7651 0
      vertex 27.0567 -13.9097 0
    endloop
  endfacet
  facet normal 0 0 -1
    outer loop
      vertex 28.0834 13.1219 0
      vertex 26.1 14.1 0
      vertex 27.8678 13.3678 0
    endloop
  endfacet
  facet normal 0 0 -1
    outer loop
      vertex 26.1 -14.1 0
      vertex 27.0567 -13.9097 0
      vertex 26.747 -14.0148 0
    endloop
  endfacet
  facet normal 0 0 -1
    outer loop
      vertex 27.8678 13.3678 0
      vertex 26.1 14.1 0
      vertex 27.6219 13.5834 0
    endloop
  endfacet
  facet normal 0 0 -1
    outer loop
      vertex 26.1 -14.1 0
      vertex 26.747 -14.0148 0
      vertex 26.4263 -14.0786 0
    endloop
  endfacet
  facet normal 0 0 -1
    outer loop
      vertex 27.6219 13.5834 0
      vertex 26.1 14.1 0
      vertex 27.35 13.7651 0
    endloop
  endfacet
  facet normal -0 0 -1
    outer loop
      vertex 28.6 -11.6 0
      vertex 26.1 -14.1 0
      vertex 19.1 -6.05 0
    endloop
  endfacet
  facet normal 0 0 -1
    outer loop
      vertex 27.35 13.7651 0
      vertex 26.1 14.1 0
      vertex 27.0567 13.9097 0
    endloop
  endfacet
  facet normal 0 0 -1
    outer loop
      vertex 27.0567 13.9097 0
      vertex 26.1 14.1 0
      vertex 26.747 14.0148 0
    endloop
  endfacet
  facet normal 0 0 -1
    outer loop
      vertex 26.1 -14.1 0
      vertex 16.9 -6.05 0
      vertex 19.1 -6.05 0
    endloop
  endfacet
  facet normal 0 0 -1
    outer loop
      vertex 16.9 -6.05 0
      vertex 13.1 -6.05 0
      vertex 16.9 6.05 0
    endloop
  endfacet
  facet normal 0 0 -1
    outer loop
      vertex 26.1 -14.1 0
      vertex 13.1 -6.05 0
      vertex 16.9 -6.05 0
    endloop
  endfacet
  facet normal 0 0 -1
    outer loop
      vertex 26.1 -14.1 0
      vertex 10.9 -6.05 0
      vertex 13.1 -6.05 0
    endloop
  endfacet
  facet normal 0 0 -1
    outer loop
      vertex 10.9 -6.05 0
      vertex 7.1 -6.05 0
      vertex 10.9 6.05 0
    endloop
  endfacet
  facet normal 0 0 -1
    outer loop
      vertex 26.1 -14.1 0
      vertex 7.1 -6.05 0
      vertex 10.9 -6.05 0
    endloop
  endfacet
  facet normal 0 0 -1
    outer loop
      vertex 26.1 -14.1 0
      vertex 4.9 -6.05 0
      vertex 7.1 -6.05 0
    endloop
  endfacet
  facet normal 0 0 -1
    outer loop
      vertex 4.9 -6.05 0
      vertex 1.1 -6.05 0
      vertex 4.9 6.05 0
    endloop
  endfacet
  facet normal 0 0 -1
    outer loop
      vertex 26.1 -14.1 0
      vertex 1.1 -6.05 0
      vertex 4.9 -6.05 0
    endloop
  endfacet
  facet normal 0 0 -1
    outer loop
      vertex 26.1 -14.1 0
      vertex -1.1 -6.05 0
      vertex 1.1 -6.05 0
    endloop
  endfacet
  facet normal 0 0 -1
    outer loop
      vertex -1.1 -6.05 0
      vertex -4.9 -6.05 0
      vertex -1.1 6.05 0
    endloop
  endfacet
  facet normal 0 0 -1
    outer loop
      vertex -26.1 -14.1 0
      vertex -1.1 -6.05 0
      vertex 26.1 -14.1 0
    endloop
  endfacet
  facet normal -0 0 -1
    outer loop
      vertex -1.1 -6.05 0
      vertex -26.1 -14.1 0
      vertex -4.9 -6.05 0
    endloop
  endfacet
  facet normal 0 0 -1
    outer loop
      vertex -7.1 -6.05 0
      vertex -10.9 -6.05 0
      vertex -7.1 6.05 0
    endloop
  endfacet
  facet normal -0 0 -1
    outer loop
      vertex -4.9 -6.05 0
      vertex -26.1 -14.1 0
      vertex -7.1 -6.05 0
    endloop
  endfacet
  facet normal -0 0 -1
    outer loop
      vertex -7.1 -6.05 0
      vertex -26.1 -14.1 0
      vertex -10.9 -6.05 0
    endloop
  endfacet
  facet normal 0 0 -1
    outer loop
      vertex -13.1 -6.05 0
      vertex -16.9 -6.05 0
      vertex -13.1 6.05 0
    endloop
  endfacet
  facet normal -0 0 -1
    outer loop
      vertex -10.9 -6.05 0
      vertex -26.1 -14.1 0
      vertex -13.1 -6.05 0
    endloop
  endfacet
  facet normal -0 0 -1
    outer loop
      vertex -13.1 -6.05 0
      vertex -26.1 -14.1 0
      vertex -16.9 -6.05 0
    endloop
  endfacet
  facet normal 0 0 -1
    outer loop
      vertex -28.6 -11.6 0
      vertex -19.1 -6.05 0
      vertex -26.1 -14.1 0
    endloop
  endfacet
  facet normal -0 0 -1
    outer loop
      vertex -16.9 -6.05 0
      vertex -26.1 -14.1 0
      vertex -19.1 -6.05 0
    endloop
  endfacet
  facet normal 0 0 -1
    outer loop
      vertex 26.747 14.0148 0
      vertex 26.1 14.1 0
      vertex 26.4263 14.0786 0
    endloop
  endfacet
  facet normal 0 0 -1
    outer loop
      vertex 16.9 6.05 0
      vertex 26.1 14.1 0
      vertex 19.1 6.05 0
    endloop
  endfacet
  facet normal 0 0 -1
    outer loop
      vertex 13.1 6.05 0
      vertex 16.9 6.05 0
      vertex 13.1 -6.05 0
    endloop
  endfacet
  facet normal 0 0 -1
    outer loop
      vertex 13.1 6.05 0
      vertex 26.1 14.1 0
      vertex 16.9 6.05 0
    endloop
  endfacet
  facet normal 0 0 -1
    outer loop
      vertex 10.9 6.05 0
      vertex 26.1 14.1 0
      vertex 13.1 6.05 0
    endloop
  endfacet
  facet normal 0 0 -1
    outer loop
      vertex 7.1 6.05 0
      vertex 10.9 6.05 0
      vertex 7.1 -6.05 0
    endloop
  endfacet
  facet normal 0 0 -1
    outer loop
      vertex 7.1 6.05 0
      vertex 26.1 14.1 0
      vertex 10.9 6.05 0
    endloop
  endfacet
  facet normal 0 0 -1
    outer loop
      vertex 4.9 6.05 0
      vertex 26.1 14.1 0
      vertex 7.1 6.05 0
    endloop
  endfacet
  facet normal 0 0 -1
    outer loop
      vertex 1.1 6.05 0
      vertex 4.9 6.05 0
      vertex 1.1 -6.05 0
    endloop
  endfacet
  facet normal 0 0 -1
    outer loop
      vertex 1.1 6.05 0
      vertex 26.1 14.1 0
      vertex 4.9 6.05 0
    endloop
  endfacet
  facet normal 0 0 -1
    outer loop
      vertex -1.1 6.05 0
      vertex 26.1 14.1 0
      vertex 1.1 6.05 0
    endloop
  endfacet
  facet normal 0 0 -1
    outer loop
      vertex -4.9 6.05 0
      vertex -1.1 6.05 0
      vertex -4.9 -6.05 0
    endloop
  endfacet
  facet normal 0 0 -1
    outer loop
      vertex -26.1 14.1 0
      vertex -1.1 6.05 0
      vertex -4.9 6.05 0
    endloop
  endfacet
  facet normal 0 0 -1
    outer loop
      vertex -26.1 14.1 0
      vertex -4.9 6.05 0
      vertex -7.1 6.05 0
    endloop
  endfacet
  facet normal 0 0 -1
    outer loop
      vertex -10.9 6.05 0
      vertex -7.1 6.05 0
      vertex -10.9 -6.05 0
    endloop
  endfacet
  facet normal 0 0 -1
    outer loop
      vertex -26.1 14.1 0
      vertex -7.1 6.05 0
      vertex -10.9 6.05 0
    endloop
  endfacet
  facet normal 0 0 -1
    outer loop
      vertex -26.1 14.1 0
      vertex -10.9 6.05 0
      vertex -13.1 6.05 0
    endloop
  endfacet
  facet normal 0 0 -1
    outer loop
      vertex -16.9 6.05 0
      vertex -13.1 6.05 0
      vertex -16.9 -6.05 0
    endloop
  endfacet
  facet normal 0 0 -1
    outer loop
      vertex -26.1 14.1 0
      vertex -13.1 6.05 0
      vertex -16.9 6.05 0
    endloop
  endfacet
  facet normal 0 0 -1
    outer loop
      vertex -26.1 14.1 0
      vertex -16.9 6.05 0
      vertex -19.1 6.05 0
    endloop
  endfacet
  facet normal 0 0 -1
    outer loop
      vertex -1.1 6.05 0
      vertex -26.1 14.1 0
      vertex 26.1 14.1 0
    endloop
  endfacet
  facet normal -0 0 -1
    outer loop
      vertex -19.1 -6.05 0
      vertex -28.6 -11.6 0
      vertex -19.1 6.05 0
    endloop
  endfacet
  facet normal 0 0 -1
    outer loop
      vertex -28.6 -11.6 0
      vertex -26.1 -14.1 0
      vertex -26.4263 -14.0786 0
    endloop
  endfacet
  facet normal 0 0 -1
    outer loop
      vertex -28.6 11.6 0
      vertex -19.1 6.05 0
      vertex -28.6 -11.6 0
    endloop
  endfacet
  facet normal 0 0 -1
    outer loop
      vertex -28.6 -11.6 0
      vertex -26.4263 -14.0786 0
      vertex -26.747 -14.0148 0
    endloop
  endfacet
  facet normal 0 0 -1
    outer loop
      vertex -19.1 6.05 0
      vertex -28.6 11.6 0
      vertex -26.1 14.1 0
    endloop
  endfacet
  facet normal 0 0 -1
    outer loop
      vertex -28.6 -11.6 0
      vertex -26.747 -14.0148 0
      vertex -27.0567 -13.9097 0
    endloop
  endfacet
  facet normal 0 0 -1
    outer loop
      vertex -26.1 14.1 0
      vertex -28.6 11.6 0
      vertex -26.4263 14.0786 0
    endloop
  endfacet
  facet normal 0 0 -1
    outer loop
      vertex -28.6 -11.6 0
      vertex -27.0567 -13.9097 0
      vertex -27.35 -13.7651 0
    endloop
  endfacet
  facet normal 0 0 -1
    outer loop
      vertex -26.4263 14.0786 0
      vertex -28.6 11.6 0
      vertex -26.747 14.0148 0
    endloop
  endfacet
  facet normal 0 0 -1
    outer loop
      vertex -28.6 -11.6 0
      vertex -27.35 -13.7651 0
      vertex -27.6219 -13.5834 0
    endloop
  endfacet
  facet normal 0 0 -1
    outer loop
      vertex -26.747 14.0148 0
      vertex -28.6 11.6 0
      vertex -27.0567 13.9097 0
    endloop
  endfacet
  facet normal 0 0 -1
    outer loop
      vertex -28.6 -11.6 0
      vertex -27.6219 -13.5834 0
      vertex -27.8678 -13.3678 0
    endloop
  endfacet
  facet normal 0 0 -1
    outer loop
      vertex -27.0567 13.9097 0
      vertex -28.6 11.6 0
      vertex -27.35 13.7651 0
    endloop
  endfacet
  facet normal 0 0 -1
    outer loop
      vertex -28.6 -11.6 0
      vertex -27.8678 -13.3678 0
      vertex -28.0834 -13.1219 0
    endloop
  endfacet
  facet normal 0 0 -1
    outer loop
      vertex -27.35 13.7651 0
      vertex -28.6 11.6 0
      vertex -27.6219 13.5834 0
    endloop
  endfacet
  facet normal 0 0 -1
    outer loop
      vertex -28.6 -11.6 0
      vertex -28.0834 -13.1219 0
      vertex -28.2651 -12.85 0
    endloop
  endfacet
  facet normal 0 0 -1
    outer loop
      vertex -27.6219 13.5834 0
      vertex -28.6 11.6 0
      vertex -27.8678 13.3678 0
    endloop
  endfacet
  facet normal 0 0 -1
    outer loop
      vertex -28.6 -11.6 0
      vertex -28.2651 -12.85 0
      vertex -28.4097 -12.5567 0
    endloop
  endfacet
  facet normal 0 0 -1
    outer loop
      vertex -27.8678 13.3678 0
      vertex -28.6 11.6 0
      vertex -28.0834 13.1219 0
    endloop
  endfacet
  facet normal 0 0 -1
    outer loop
      vertex -28.6 -11.6 0
      vertex -28.4097 -12.5567 0
      vertex -28.5148 -12.247 0
    endloop
  endfacet
  facet normal 0 0 -1
    outer loop
      vertex -28.0834 13.1219 0
      vertex -28.6 11.6 0
      vertex -28.2651 12.85 0
    endloop
  endfacet
  facet normal 0 0 -1
    outer loop
      vertex -28.6 -11.6 0
      vertex -28.5148 -12.247 0
      vertex -28.5786 -11.9263 0
    endloop
  endfacet
  facet normal 0 0 -1
    outer loop
      vertex -28.2651 12.85 0
      vertex -28.6 11.6 0
      vertex -28.4097 12.5567 0
    endloop
  endfacet
  facet normal 0 0 -1
    outer loop
      vertex -28.4097 12.5567 0
      vertex -28.6 11.6 0
      vertex -28.5148 12.247 0
    endloop
  endfacet
  facet normal 0 0 -1
    outer loop
      vertex -28.5148 12.247 0
      vertex -28.6 11.6 0
      vertex -28.5786 11.9263 0
    endloop
  endfacet
  facet normal -0.896921 -0.442191 0
    outer loop
      vertex -28.2651 -12.85 0
      vertex -28.4097 -12.5567 2
      vertex -28.4097 -12.5567 0
    endloop
  endfacet
  facet normal -0.896921 -0.442191 0
    outer loop
      vertex -28.4097 -12.5567 2
      vertex -28.2651 -12.85 0
      vertex -28.2651 -12.85 2
    endloop
  endfacet
  facet normal -0.831438 -0.555617 0
    outer loop
      vertex -28.0834 -13.1219 0
      vertex -28.2651 -12.85 2
      vertex -28.2651 -12.85 0
    endloop
  endfacet
  facet normal -0.831438 -0.555617 0
    outer loop
      vertex -28.2651 -12.85 2
      vertex -28.0834 -13.1219 0
      vertex -28.0834 -13.1219 2
    endloop
  endfacet
  facet normal -0.751913 -0.659262 0
    outer loop
      vertex -27.8678 -13.3678 0
      vertex -28.0834 -13.1219 2
      vertex -28.0834 -13.1219 0
    endloop
  endfacet
  facet normal -0.751913 -0.659262 0
    outer loop
      vertex -28.0834 -13.1219 2
      vertex -27.8678 -13.3678 0
      vertex -27.8678 -13.3678 2
    endloop
  endfacet
  facet normal -0.946957 -0.32136 0
    outer loop
      vertex -28.4097 -12.5567 0
      vertex -28.5148 -12.247 2
      vertex -28.5148 -12.247 0
    endloop
  endfacet
  facet normal -0.946957 -0.32136 0
    outer loop
      vertex -28.5148 -12.247 2
      vertex -28.4097 -12.5567 0
      vertex -28.4097 -12.5567 2
    endloop
  endfacet
  facet normal 0.946957 0.32136 0
    outer loop
      vertex 28.5148 12.247 2
      vertex 28.4097 12.5567 0
      vertex 28.4097 12.5567 2
    endloop
  endfacet
  facet normal 0.946957 0.32136 0
    outer loop
      vertex 28.4097 12.5567 0
      vertex 28.5148 12.247 2
      vertex 28.5148 12.247 0
    endloop
  endfacet
  facet normal 0.997856 -0.0654432 0
    outer loop
      vertex 28.5786 -11.9263 2
      vertex 28.6 -11.6 0
      vertex 28.6 -11.6 2
    endloop
  endfacet
  facet normal 0.997856 -0.0654432 0
    outer loop
      vertex 28.6 -11.6 0
      vertex 28.5786 -11.9263 2
      vertex 28.5786 -11.9263 0
    endloop
  endfacet
  facet normal 0.442191 -0.896921 0
    outer loop
      vertex 27.0567 -13.9097 0
      vertex 27.35 -13.7651 2
      vertex 27.0567 -13.9097 2
    endloop
  endfacet
  facet normal 0.442191 -0.896921 0
    outer loop
      vertex 27.35 -13.7651 2
      vertex 27.0567 -13.9097 0
      vertex 27.35 -13.7651 0
    endloop
  endfacet
  facet normal -1 0 0
    outer loop
      vertex -16.9 -6.05 0
      vertex -16.9 6.05 2
      vertex -16.9 6.05 0
    endloop
  endfacet
  facet normal -1 -0 0
    outer loop
      vertex -16.9 6.05 2
      vertex -16.9 -6.05 0
      vertex -16.9 -6.05 2
    endloop
  endfacet
  facet normal 1 -0 0
    outer loop
      vertex -19.1 -6.05 2
      vertex -19.1 6.05 0
      vertex -19.1 6.05 2
    endloop
  endfacet
  facet normal 1 0 0
    outer loop
      vertex -19.1 6.05 0
      vertex -19.1 -6.05 2
      vertex -19.1 -6.05 0
    endloop
  endfacet
  facet normal 0 -1 0
    outer loop
      vertex -19.1 6.05 0
      vertex -16.9 6.05 2
      vertex -19.1 6.05 2
    endloop
  endfacet
  facet normal 0 -1 -0
    outer loop
      vertex -16.9 6.05 2
      vertex -19.1 6.05 0
      vertex -16.9 6.05 0
    endloop
  endfacet
  facet normal 0 1 -0
    outer loop
      vertex -16.9 -6.05 0
      vertex -19.1 -6.05 2
      vertex -16.9 -6.05 2
    endloop
  endfacet
  facet normal 0 1 0
    outer loop
      vertex -19.1 -6.05 2
      vertex -16.9 -6.05 0
      vertex -19.1 -6.05 0
    endloop
  endfacet
  facet normal -1 0 0
    outer loop
      vertex -10.9 -6.05 0
      vertex -10.9 6.05 2
      vertex -10.9 6.05 0
    endloop
  endfacet
  facet normal -1 -0 0
    outer loop
      vertex -10.9 6.05 2
      vertex -10.9 -6.05 0
      vertex -10.9 -6.05 2
    endloop
  endfacet
  facet normal 1 -0 0
    outer loop
      vertex -13.1 -6.05 2
      vertex -13.1 6.05 0
      vertex -13.1 6.05 2
    endloop
  endfacet
  facet normal 1 0 0
    outer loop
      vertex -13.1 6.05 0
      vertex -13.1 -6.05 2
      vertex -13.1 -6.05 0
    endloop
  endfacet
  facet normal 0 -1 0
    outer loop
      vertex -13.1 6.05 0
      vertex -10.9 6.05 2
      vertex -13.1 6.05 2
    endloop
  endfacet
  facet normal 0 -1 -0
    outer loop
      vertex -10.9 6.05 2
      vertex -13.1 6.05 0
      vertex -10.9 6.05 0
    endloop
  endfacet
  facet normal 0 1 -0
    outer loop
      vertex -10.9 -6.05 0
      vertex -13.1 -6.05 2
      vertex -10.9 -6.05 2
    endloop
  endfacet
  facet normal 0 1 0
    outer loop
      vertex -13.1 -6.05 2
      vertex -10.9 -6.05 0
      vertex -13.1 -6.05 0
    endloop
  endfacet
  facet normal -1 0 0
    outer loop
      vertex -4.9 -6.05 0
      vertex -4.9 6.05 2
      vertex -4.9 6.05 0
    endloop
  endfacet
  facet normal -1 -0 0
    outer loop
      vertex -4.9 6.05 2
      vertex -4.9 -6.05 0
      vertex -4.9 -6.05 2
    endloop
  endfacet
  facet normal 1 -0 0
    outer loop
      vertex -7.1 -6.05 2
      vertex -7.1 6.05 0
      vertex -7.1 6.05 2
    endloop
  endfacet
  facet normal 1 0 0
    outer loop
      vertex -7.1 6.05 0
      vertex -7.1 -6.05 2
      vertex -7.1 -6.05 0
    endloop
  endfacet
  facet normal 0 -1 0
    outer loop
      vertex -7.1 6.05 0
      vertex -4.9 6.05 2
      vertex -7.1 6.05 2
    endloop
  endfacet
  facet normal 0 -1 -0
    outer loop
      vertex -4.9 6.05 2
      vertex -7.1 6.05 0
      vertex -4.9 6.05 0
    endloop
  endfacet
  facet normal 0 1 -0
    outer loop
      vertex -4.9 -6.05 0
      vertex -7.1 -6.05 2
      vertex -4.9 -6.05 2
    endloop
  endfacet
  facet normal 0 1 0
    outer loop
      vertex -7.1 -6.05 2
      vertex -4.9 -6.05 0
      vertex -7.1 -6.05 0
    endloop
  endfacet
  facet normal -1 0 0
    outer loop
      vertex 1.1 -6.05 0
      vertex 1.1 6.05 2
      vertex 1.1 6.05 0
    endloop
  endfacet
  facet normal -1 -0 0
    outer loop
      vertex 1.1 6.05 2
      vertex 1.1 -6.05 0
      vertex 1.1 -6.05 2
    endloop
  endfacet
  facet normal 1 -0 0
    outer loop
      vertex -1.1 -6.05 2
      vertex -1.1 6.05 0
      vertex -1.1 6.05 2
    endloop
  endfacet
  facet normal 1 0 0
    outer loop
      vertex -1.1 6.05 0
      vertex -1.1 -6.05 2
      vertex -1.1 -6.05 0
    endloop
  endfacet
  facet normal 0 -1 0
    outer loop
      vertex -1.1 6.05 0
      vertex 1.1 6.05 2
      vertex -1.1 6.05 2
    endloop
  endfacet
  facet normal 0 -1 -0
    outer loop
      vertex 1.1 6.05 2
      vertex -1.1 6.05 0
      vertex 1.1 6.05 0
    endloop
  endfacet
  facet normal 0 1 -0
    outer loop
      vertex 1.1 -6.05 0
      vertex -1.1 -6.05 2
      vertex 1.1 -6.05 2
    endloop
  endfacet
  facet normal 0 1 0
    outer loop
      vertex -1.1 -6.05 2
      vertex 1.1 -6.05 0
      vertex -1.1 -6.05 0
    endloop
  endfacet
  facet normal -1 0 0
    outer loop
      vertex 7.1 -6.05 0
      vertex 7.1 6.05 2
      vertex 7.1 6.05 0
    endloop
  endfacet
  facet normal -1 -0 0
    outer loop
      vertex 7.1 6.05 2
      vertex 7.1 -6.05 0
      vertex 7.1 -6.05 2
    endloop
  endfacet
  facet normal 1 -0 0
    outer loop
      vertex 4.9 -6.05 2
      vertex 4.9 6.05 0
      vertex 4.9 6.05 2
    endloop
  endfacet
  facet normal 1 0 0
    outer loop
      vertex 4.9 6.05 0
      vertex 4.9 -6.05 2
      vertex 4.9 -6.05 0
    endloop
  endfacet
  facet normal 0 -1 0
    outer loop
      vertex 4.9 6.05 0
      vertex 7.1 6.05 2
      vertex 4.9 6.05 2
    endloop
  endfacet
  facet normal 0 -1 -0
    outer loop
      vertex 7.1 6.05 2
      vertex 4.9 6.05 0
      vertex 7.1 6.05 0
    endloop
  endfacet
  facet normal 0 1 -0
    outer loop
      vertex 7.1 -6.05 0
      vertex 4.9 -6.05 2
      vertex 7.1 -6.05 2
    endloop
  endfacet
  facet normal 0 1 0
    outer loop
      vertex 4.9 -6.05 2
      vertex 7.1 -6.05 0
      vertex 4.9 -6.05 0
    endloop
  endfacet
  facet normal -1 0 0
    outer loop
      vertex 13.1 -6.05 0
      vertex 13.1 6.05 2
      vertex 13.1 6.05 0
    endloop
  endfacet
  facet normal -1 -0 0
    outer loop
      vertex 13.1 6.05 2
      vertex 13.1 -6.05 0
      vertex 13.1 -6.05 2
    endloop
  endfacet
  facet normal 1 -0 0
    outer loop
      vertex 10.9 -6.05 2
      vertex 10.9 6.05 0
      vertex 10.9 6.05 2
    endloop
  endfacet
  facet normal 1 0 0
    outer loop
      vertex 10.9 6.05 0
      vertex 10.9 -6.05 2
      vertex 10.9 -6.05 0
    endloop
  endfacet
  facet normal 0 -1 0
    outer loop
      vertex 10.9 6.05 0
      vertex 13.1 6.05 2
      vertex 10.9 6.05 2
    endloop
  endfacet
  facet normal 0 -1 -0
    outer loop
      vertex 13.1 6.05 2
      vertex 10.9 6.05 0
      vertex 13.1 6.05 0
    endloop
  endfacet
  facet normal 0 1 -0
    outer loop
      vertex 13.1 -6.05 0
      vertex 10.9 -6.05 2
      vertex 13.1 -6.05 2
    endloop
  endfacet
  facet normal 0 1 0
    outer loop
      vertex 10.9 -6.05 2
      vertex 13.1 -6.05 0
      vertex 10.9 -6.05 0
    endloop
  endfacet
  facet normal -1 0 0
    outer loop
      vertex 19.1 -6.05 0
      vertex 19.1 6.05 2
      vertex 19.1 6.05 0
    endloop
  endfacet
  facet normal -1 -0 0
    outer loop
      vertex 19.1 6.05 2
      vertex 19.1 -6.05 0
      vertex 19.1 -6.05 2
    endloop
  endfacet
  facet normal 1 -0 0
    outer loop
      vertex 16.9 -6.05 2
      vertex 16.9 6.05 0
      vertex 16.9 6.05 2
    endloop
  endfacet
  facet normal 1 0 0
    outer loop
      vertex 16.9 6.05 0
      vertex 16.9 -6.05 2
      vertex 16.9 -6.05 0
    endloop
  endfacet
  facet normal 0 -1 0
    outer loop
      vertex 16.9 6.05 0
      vertex 19.1 6.05 2
      vertex 16.9 6.05 2
    endloop
  endfacet
  facet normal 0 -1 -0
    outer loop
      vertex 19.1 6.05 2
      vertex 16.9 6.05 0
      vertex 19.1 6.05 0
    endloop
  endfacet
  facet normal 0 1 -0
    outer loop
      vertex 19.1 -6.05 0
      vertex 16.9 -6.05 2
      vertex 19.1 -6.05 2
    endloop
  endfacet
  facet normal 0 1 0
    outer loop
      vertex 16.9 -6.05 2
      vertex 19.1 -6.05 0
      vertex 16.9 -6.05 0
    endloop
  endfacet
  facet normal 0 0 -1
    outer loop
      vertex 27.8 -9.15 -1.61
      vertex 28.6 9.15 -1.61
      vertex 28.6 -9.15 -1.61
    endloop
  endfacet
  facet normal -0 0 -1
    outer loop
      vertex 28.6 9.15 -1.61
      vertex 27.8 -9.15 -1.61
      vertex 27.8 9.15 -1.61
    endloop
  endfacet
  facet normal 0 -1 0
    outer loop
      vertex 27.8 9.15 -2.8
      vertex 28.6 9.15 -1.61
      vertex 27.8 9.15 -1.61
    endloop
  endfacet
  facet normal 0 -1 -0
    outer loop
      vertex 28.6 9.15 -1.61
      vertex 27.8 9.15 -2.8
      vertex 28.6 9.15 -2.8
    endloop
  endfacet
  facet normal 0 1 -0
    outer loop
      vertex 28.6 -9.15 -2.8
      vertex 27.8 -9.15 -1.61
      vertex 28.6 -9.15 -1.61
    endloop
  endfacet
  facet normal 0 1 0
    outer loop
      vertex 27.8 -9.15 -1.61
      vertex 28.6 -9.15 -2.8
      vertex 27.8 -9.15 -2.8
    endloop
  endfacet
endsolid OpenSCAD_Model
